ISO-10303-21;
HEADER;
FILE_DESCRIPTION(('FreeCAD Model'),'2;1');
FILE_NAME('Open CASCADE Shape Model','2026-10-10T19:31:36',(''),(''),
  'Open CASCADE STEP processor 7.8','FreeCAD','Unknown');
FILE_SCHEMA(('AUTOMOTIVE_DESIGN { 1 0 10303 214 1 1 1 1 }'));
ENDSEC;
DATA;
#1 = APPLICATION_PROTOCOL_DEFINITION('international standard',
  'automotive_design',2000,#2);
#2 = APPLICATION_CONTEXT(
  'core data for automotive mechanical design processes');
#3 = SHAPE_DEFINITION_REPRESENTATION(#4,#10);
#4 = PRODUCT_DEFINITION_SHAPE('','',#5);
#5 = PRODUCT_DEFINITION('design','',#6,#9);
#6 = PRODUCT_DEFINITION_FORMATION('','',#7);
#7 = PRODUCT('GeometricMotifRail','GeometricMotifRail','',(#8));
#8 = PRODUCT_CONTEXT('',#2,'mechanical');
#9 = PRODUCT_DEFINITION_CONTEXT('part definition',#2,'design');
#10 = SHAPE_REPRESENTATION('',(#11,#15,#19,#23,#27,#31,#35,#39,#43,#47,
    #51,#55,#59,#63),#67);
#11 = AXIS2_PLACEMENT_3D('',#12,#13,#14);
#12 = CARTESIAN_POINT('',(0.,0.,0.));
#13 = DIRECTION('',(0.,0.,1.));
#14 = DIRECTION('',(1.,0.,-0.));
#15 = AXIS2_PLACEMENT_3D('',#16,#17,#18);
#16 = CARTESIAN_POINT('',(0.,0.,976.90598923241));
#17 = DIRECTION('',(-0.5,0.,0.866025403784));
#18 = DIRECTION('',(0.866025403784,0.,0.5));
#19 = AXIS2_PLACEMENT_3D('',#20,#21,#22);
#20 = CARTESIAN_POINT('',(0.,0.,0.));
#21 = DIRECTION('',(0.,0.,1.));
#22 = DIRECTION('',(1.,0.,0.));
#23 = AXIS2_PLACEMENT_3D('',#24,#25,#26);
#24 = CARTESIAN_POINT('',(0.,0.,0.));
#25 = DIRECTION('',(0.,0.,1.));
#26 = DIRECTION('',(1.,0.,0.));
#27 = AXIS2_PLACEMENT_3D('',#28,#29,#30);
#28 = CARTESIAN_POINT('',(0.,0.,0.));
#29 = DIRECTION('',(0.,0.,1.));
#30 = DIRECTION('',(1.,0.,0.));
#31 = AXIS2_PLACEMENT_3D('',#32,#33,#34);
#32 = CARTESIAN_POINT('',(0.,0.,0.));
#33 = DIRECTION('',(0.,0.,1.));
#34 = DIRECTION('',(1.,0.,0.));
#35 = AXIS2_PLACEMENT_3D('',#36,#37,#38);
#36 = CARTESIAN_POINT('',(0.,0.,0.));
#37 = DIRECTION('',(0.,0.,1.));
#38 = DIRECTION('',(1.,0.,0.));
#39 = AXIS2_PLACEMENT_3D('',#40,#41,#42);
#40 = CARTESIAN_POINT('',(0.,0.,0.));
#41 = DIRECTION('',(0.,0.,1.));
#42 = DIRECTION('',(1.,0.,0.));
#43 = AXIS2_PLACEMENT_3D('',#44,#45,#46);
#44 = CARTESIAN_POINT('',(0.,0.,0.));
#45 = DIRECTION('',(0.,0.,1.));
#46 = DIRECTION('',(1.,0.,0.));
#47 = AXIS2_PLACEMENT_3D('',#48,#49,#50);
#48 = CARTESIAN_POINT('',(0.,0.,0.));
#49 = DIRECTION('',(0.,0.,1.));
#50 = DIRECTION('',(1.,0.,0.));
#51 = AXIS2_PLACEMENT_3D('',#52,#53,#54);
#52 = CARTESIAN_POINT('',(0.,0.,0.));
#53 = DIRECTION('',(0.,0.,1.));
#54 = DIRECTION('',(1.,0.,0.));
#55 = AXIS2_PLACEMENT_3D('',#56,#57,#58);
#56 = CARTESIAN_POINT('',(0.,0.,0.));
#57 = DIRECTION('',(0.,0.,1.));
#58 = DIRECTION('',(1.,0.,0.));
#59 = AXIS2_PLACEMENT_3D('',#60,#61,#62);
#60 = CARTESIAN_POINT('',(0.,0.,0.));
#61 = DIRECTION('',(0.,0.,1.));
#62 = DIRECTION('',(1.,0.,0.));
#63 = AXIS2_PLACEMENT_3D('',#64,#65,#66);
#64 = CARTESIAN_POINT('',(0.,0.,0.));
#65 = DIRECTION('',(0.,0.,1.));
#66 = DIRECTION('',(1.,0.,0.));
#67 = ( GEOMETRIC_REPRESENTATION_CONTEXT(3) 
GLOBAL_UNCERTAINTY_ASSIGNED_CONTEXT((#71)) GLOBAL_UNIT_ASSIGNED_CONTEXT(
(#68,#69,#70)) REPRESENTATION_CONTEXT('Context #1',
  '3D Context with UNIT and UNCERTAINTY') );
#68 = ( LENGTH_UNIT() NAMED_UNIT(*) SI_UNIT(.MILLI.,.METRE.) );
#69 = ( NAMED_UNIT(*) PLANE_ANGLE_UNIT() SI_UNIT($,.RADIAN.) );
#70 = ( NAMED_UNIT(*) SI_UNIT($,.STERADIAN.) SOLID_ANGLE_UNIT() );
#71 = UNCERTAINTY_MEASURE_WITH_UNIT(LENGTH_MEASURE(1.E-07),#68,
  'distance_accuracy_value','confusion accuracy');
#72 = PRODUCT_RELATED_PRODUCT_CATEGORY('part',$,(#7));
#73 = SHAPE_DEFINITION_REPRESENTATION(#74,#80);
#74 = PRODUCT_DEFINITION_SHAPE('','',#75);
#75 = PRODUCT_DEFINITION('design','',#76,#79);
#76 = PRODUCT_DEFINITION_FORMATION('','',#77);
#77 = PRODUCT('Madlo jekl 40x40x2','Madlo jekl 40x40x2','',(#78));
#78 = PRODUCT_CONTEXT('',#2,'mechanical');
#79 = PRODUCT_DEFINITION_CONTEXT('part definition',#2,'design');
#80 = ADVANCED_BREP_SHAPE_REPRESENTATION('',(#11,#81),#1183);
#81 = MANIFOLD_SOLID_BREP('',#82);
#82 = CLOSED_SHELL('',(#83,#157,#188,#212,#440,#457,#692,#716,#740,#757,
    #775,#797,#814,#831,#843,#865,#882,#899,#911,#933,#950,#967,#979,
    #1001,#1018,#1035,#1047,#1069,#1086,#1103,#1115,#1137,#1154,#1171));
#83 = ADVANCED_FACE('',(#84,#118),#152,.F.);
#84 = FACE_BOUND('',#85,.F.);
#85 = EDGE_LOOP('',(#86,#96,#104,#112));
#86 = ORIENTED_EDGE('',*,*,#87,.F.);
#87 = EDGE_CURVE('',#88,#90,#92,.T.);
#88 = VERTEX_POINT('',#89);
#89 = CARTESIAN_POINT('',(0.,-20.,-20.));
#90 = VERTEX_POINT('',#91);
#91 = CARTESIAN_POINT('',(0.,-20.,20.));
#92 = LINE('',#93,#94);
#93 = CARTESIAN_POINT('',(0.,-20.,-20.));
#94 = VECTOR('',#95,1.);
#95 = DIRECTION('',(0.,0.,1.));
#96 = ORIENTED_EDGE('',*,*,#97,.T.);
#97 = EDGE_CURVE('',#88,#98,#100,.T.);
#98 = VERTEX_POINT('',#99);
#99 = CARTESIAN_POINT('',(0.,20.,-20.));
#100 = LINE('',#101,#102);
#101 = CARTESIAN_POINT('',(0.,-20.,-20.));
#102 = VECTOR('',#103,1.);
#103 = DIRECTION('',(-0.,1.,0.));
#104 = ORIENTED_EDGE('',*,*,#105,.T.);
#105 = EDGE_CURVE('',#98,#106,#108,.T.);
#106 = VERTEX_POINT('',#107);
#107 = CARTESIAN_POINT('',(0.,20.,20.));
#108 = LINE('',#109,#110);
#109 = CARTESIAN_POINT('',(0.,20.,-20.));
#110 = VECTOR('',#111,1.);
#111 = DIRECTION('',(0.,0.,1.));
#112 = ORIENTED_EDGE('',*,*,#113,.F.);
#113 = EDGE_CURVE('',#90,#106,#114,.T.);
#114 = LINE('',#115,#116);
#115 = CARTESIAN_POINT('',(0.,-20.,20.));
#116 = VECTOR('',#117,1.);
#117 = DIRECTION('',(-0.,1.,0.));
#118 = FACE_BOUND('',#119,.F.);
#119 = EDGE_LOOP('',(#120,#130,#138,#146));
#120 = ORIENTED_EDGE('',*,*,#121,.T.);
#121 = EDGE_CURVE('',#122,#124,#126,.T.);
#122 = VERTEX_POINT('',#123);
#123 = CARTESIAN_POINT('',(0.,18.,-18.));
#124 = VERTEX_POINT('',#125);
#125 = CARTESIAN_POINT('',(0.,-18.,-18.));
#126 = LINE('',#127,#128);
#127 = CARTESIAN_POINT('',(0.,-19.,-18.));
#128 = VECTOR('',#129,1.);
#129 = DIRECTION('',(0.,-1.,0.));
#130 = ORIENTED_EDGE('',*,*,#131,.T.);
#131 = EDGE_CURVE('',#124,#132,#134,.T.);
#132 = VERTEX_POINT('',#133);
#133 = CARTESIAN_POINT('',(0.,-18.,18.));
#134 = LINE('',#135,#136);
#135 = CARTESIAN_POINT('',(0.,-18.,-19.));
#136 = VECTOR('',#137,1.);
#137 = DIRECTION('',(0.,0.,1.));
#138 = ORIENTED_EDGE('',*,*,#139,.F.);
#139 = EDGE_CURVE('',#140,#132,#142,.T.);
#140 = VERTEX_POINT('',#141);
#141 = CARTESIAN_POINT('',(0.,18.,18.));
#142 = LINE('',#143,#144);
#143 = CARTESIAN_POINT('',(0.,-19.,18.));
#144 = VECTOR('',#145,1.);
#145 = DIRECTION('',(0.,-1.,0.));
#146 = ORIENTED_EDGE('',*,*,#147,.F.);
#147 = EDGE_CURVE('',#122,#140,#148,.T.);
#148 = LINE('',#149,#150);
#149 = CARTESIAN_POINT('',(0.,18.,-19.));
#150 = VECTOR('',#151,1.);
#151 = DIRECTION('',(0.,0.,1.));
#152 = PLANE('',#153);
#153 = AXIS2_PLACEMENT_3D('',#154,#155,#156);
#154 = CARTESIAN_POINT('',(0.,-20.,-20.));
#155 = DIRECTION('',(1.,0.,-0.));
#156 = DIRECTION('',(0.,0.,1.));
#157 = ADVANCED_FACE('',(#158),#183,.F.);
#158 = FACE_BOUND('',#159,.F.);
#159 = EDGE_LOOP('',(#160,#168,#169,#177));
#160 = ORIENTED_EDGE('',*,*,#161,.F.);
#161 = EDGE_CURVE('',#88,#162,#164,.T.);
#162 = VERTEX_POINT('',#163);
#163 = CARTESIAN_POINT('',(1.6E+03,-20.,-20.));
#164 = LINE('',#165,#166);
#165 = CARTESIAN_POINT('',(0.,-20.,-20.));
#166 = VECTOR('',#167,1.);
#167 = DIRECTION('',(1.,0.,-0.));
#168 = ORIENTED_EDGE('',*,*,#87,.T.);
#169 = ORIENTED_EDGE('',*,*,#170,.T.);
#170 = EDGE_CURVE('',#90,#171,#173,.T.);
#171 = VERTEX_POINT('',#172);
#172 = CARTESIAN_POINT('',(1.6E+03,-20.,20.));
#173 = LINE('',#174,#175);
#174 = CARTESIAN_POINT('',(0.,-20.,20.));
#175 = VECTOR('',#176,1.);
#176 = DIRECTION('',(1.,0.,-0.));
#177 = ORIENTED_EDGE('',*,*,#178,.F.);
#178 = EDGE_CURVE('',#162,#171,#179,.T.);
#179 = LINE('',#180,#181);
#180 = CARTESIAN_POINT('',(1.6E+03,-20.,-20.));
#181 = VECTOR('',#182,1.);
#182 = DIRECTION('',(0.,0.,1.));
#183 = PLANE('',#184);
#184 = AXIS2_PLACEMENT_3D('',#185,#186,#187);
#185 = CARTESIAN_POINT('',(0.,-20.,-20.));
#186 = DIRECTION('',(-0.,1.,0.));
#187 = DIRECTION('',(0.,0.,1.));
#188 = ADVANCED_FACE('',(#189),#207,.T.);
#189 = FACE_BOUND('',#190,.T.);
#190 = EDGE_LOOP('',(#191,#192,#193,#201));
#191 = ORIENTED_EDGE('',*,*,#113,.F.);
#192 = ORIENTED_EDGE('',*,*,#170,.T.);
#193 = ORIENTED_EDGE('',*,*,#194,.T.);
#194 = EDGE_CURVE('',#171,#195,#197,.T.);
#195 = VERTEX_POINT('',#196);
#196 = CARTESIAN_POINT('',(1.6E+03,20.,20.));
#197 = LINE('',#198,#199);
#198 = CARTESIAN_POINT('',(1.6E+03,-20.,20.));
#199 = VECTOR('',#200,1.);
#200 = DIRECTION('',(-0.,1.,0.));
#201 = ORIENTED_EDGE('',*,*,#202,.F.);
#202 = EDGE_CURVE('',#106,#195,#203,.T.);
#203 = LINE('',#204,#205);
#204 = CARTESIAN_POINT('',(0.,20.,20.));
#205 = VECTOR('',#206,1.);
#206 = DIRECTION('',(1.,0.,-0.));
#207 = PLANE('',#208);
#208 = AXIS2_PLACEMENT_3D('',#209,#210,#211);
#209 = CARTESIAN_POINT('',(0.,-20.,20.));
#210 = DIRECTION('',(0.,0.,1.));
#211 = DIRECTION('',(1.,0.,-0.));
#212 = ADVANCED_FACE('',(#213,#231,#265,#299,#333,#367,#401),#435,.F.);
#213 = FACE_BOUND('',#214,.F.);
#214 = EDGE_LOOP('',(#215,#216,#217,#225));
#215 = ORIENTED_EDGE('',*,*,#97,.F.);
#216 = ORIENTED_EDGE('',*,*,#161,.T.);
#217 = ORIENTED_EDGE('',*,*,#218,.T.);
#218 = EDGE_CURVE('',#162,#219,#221,.T.);
#219 = VERTEX_POINT('',#220);
#220 = CARTESIAN_POINT('',(1.6E+03,20.,-20.));
#221 = LINE('',#222,#223);
#222 = CARTESIAN_POINT('',(1.6E+03,-20.,-20.));
#223 = VECTOR('',#224,1.);
#224 = DIRECTION('',(-0.,1.,0.));
#225 = ORIENTED_EDGE('',*,*,#226,.F.);
#226 = EDGE_CURVE('',#98,#219,#227,.T.);
#227 = LINE('',#228,#229);
#228 = CARTESIAN_POINT('',(0.,20.,-20.));
#229 = VECTOR('',#230,1.);
#230 = DIRECTION('',(1.,0.,-0.));
#231 = FACE_BOUND('',#232,.F.);
#232 = EDGE_LOOP('',(#233,#243,#251,#259));
#233 = ORIENTED_EDGE('',*,*,#234,.F.);
#234 = EDGE_CURVE('',#235,#237,#239,.T.);
#235 = VERTEX_POINT('',#236);
#236 = CARTESIAN_POINT('',(182.21687836487,-3.25,-20.));
#237 = VERTEX_POINT('',#238);
#238 = CARTESIAN_POINT('',(182.21687836487,3.25,-20.));
#239 = LINE('',#240,#241);
#240 = CARTESIAN_POINT('',(182.21687836487,-11.625,-20.));
#241 = VECTOR('',#242,1.);
#242 = DIRECTION('',(-0.,1.,0.));
#243 = ORIENTED_EDGE('',*,*,#244,.F.);
#244 = EDGE_CURVE('',#245,#235,#247,.T.);
#245 = VERTEX_POINT('',#246);
#246 = CARTESIAN_POINT('',(167.78312163513,-3.25,-20.));
#247 = LINE('',#248,#249);
#248 = CARTESIAN_POINT('',(87.788675134595,-3.25,-20.));
#249 = VECTOR('',#250,1.);
#250 = DIRECTION('',(1.,0.,0.));
#251 = ORIENTED_EDGE('',*,*,#252,.F.);
#252 = EDGE_CURVE('',#253,#245,#255,.T.);
#253 = VERTEX_POINT('',#254);
#254 = CARTESIAN_POINT('',(167.78312163513,3.25,-20.));
#255 = LINE('',#256,#257);
#256 = CARTESIAN_POINT('',(167.78312163513,-11.625,-20.));
#257 = VECTOR('',#258,1.);
#258 = DIRECTION('',(0.,-1.,0.));
#259 = ORIENTED_EDGE('',*,*,#260,.T.);
#260 = EDGE_CURVE('',#253,#237,#261,.T.);
#261 = LINE('',#262,#263);
#262 = CARTESIAN_POINT('',(87.788675134595,3.25,-20.));
#263 = VECTOR('',#264,1.);
#264 = DIRECTION('',(1.,0.,0.));
#265 = FACE_BOUND('',#266,.F.);
#266 = EDGE_LOOP('',(#267,#277,#285,#293));
#267 = ORIENTED_EDGE('',*,*,#268,.F.);
#268 = EDGE_CURVE('',#269,#271,#273,.T.);
#269 = VERTEX_POINT('',#270);
#270 = CARTESIAN_POINT('',(432.21687836487,-3.25,-20.));
#271 = VERTEX_POINT('',#272);
#272 = CARTESIAN_POINT('',(432.21687836487,3.25,-20.));
#273 = LINE('',#274,#275);
#274 = CARTESIAN_POINT('',(432.21687836487,-11.625,-20.));
#275 = VECTOR('',#276,1.);
#276 = DIRECTION('',(-0.,1.,0.));
#277 = ORIENTED_EDGE('',*,*,#278,.F.);
#278 = EDGE_CURVE('',#279,#269,#281,.T.);
#279 = VERTEX_POINT('',#280);
#280 = CARTESIAN_POINT('',(417.78312163513,-3.25,-20.));
#281 = LINE('',#282,#283);
#282 = CARTESIAN_POINT('',(212.78867513459,-3.25,-20.));
#283 = VECTOR('',#284,1.);
#284 = DIRECTION('',(1.,0.,0.));
#285 = ORIENTED_EDGE('',*,*,#286,.F.);
#286 = EDGE_CURVE('',#287,#279,#289,.T.);
#287 = VERTEX_POINT('',#288);
#288 = CARTESIAN_POINT('',(417.78312163513,3.25,-20.));
#289 = LINE('',#290,#291);
#290 = CARTESIAN_POINT('',(417.78312163513,-11.625,-20.));
#291 = VECTOR('',#292,1.);
#292 = DIRECTION('',(0.,-1.,0.));
#293 = ORIENTED_EDGE('',*,*,#294,.T.);
#294 = EDGE_CURVE('',#287,#271,#295,.T.);
#295 = LINE('',#296,#297);
#296 = CARTESIAN_POINT('',(212.78867513459,3.25,-20.));
#297 = VECTOR('',#298,1.);
#298 = DIRECTION('',(1.,0.,0.));
#299 = FACE_BOUND('',#300,.F.);
#300 = EDGE_LOOP('',(#301,#311,#319,#327));
#301 = ORIENTED_EDGE('',*,*,#302,.F.);
#302 = EDGE_CURVE('',#303,#305,#307,.T.);
#303 = VERTEX_POINT('',#304);
#304 = CARTESIAN_POINT('',(682.21687836487,-3.25,-20.));
#305 = VERTEX_POINT('',#306);
#306 = CARTESIAN_POINT('',(682.21687836487,3.25,-20.));
#307 = LINE('',#308,#309);
#308 = CARTESIAN_POINT('',(682.21687836487,-11.625,-20.));
#309 = VECTOR('',#310,1.);
#310 = DIRECTION('',(-0.,1.,0.));
#311 = ORIENTED_EDGE('',*,*,#312,.F.);
#312 = EDGE_CURVE('',#313,#303,#315,.T.);
#313 = VERTEX_POINT('',#314);
#314 = CARTESIAN_POINT('',(667.78312163513,-3.25,-20.));
#315 = LINE('',#316,#317);
#316 = CARTESIAN_POINT('',(337.78867513459,-3.25,-20.));
#317 = VECTOR('',#318,1.);
#318 = DIRECTION('',(1.,0.,0.));
#319 = ORIENTED_EDGE('',*,*,#320,.F.);
#320 = EDGE_CURVE('',#321,#313,#323,.T.);
#321 = VERTEX_POINT('',#322);
#322 = CARTESIAN_POINT('',(667.78312163513,3.25,-20.));
#323 = LINE('',#324,#325);
#324 = CARTESIAN_POINT('',(667.78312163513,-11.625,-20.));
#325 = VECTOR('',#326,1.);
#326 = DIRECTION('',(0.,-1.,0.));
#327 = ORIENTED_EDGE('',*,*,#328,.T.);
#328 = EDGE_CURVE('',#321,#305,#329,.T.);
#329 = LINE('',#330,#331);
#330 = CARTESIAN_POINT('',(337.78867513459,3.25,-20.));
#331 = VECTOR('',#332,1.);
#332 = DIRECTION('',(1.,0.,0.));
#333 = FACE_BOUND('',#334,.F.);
#334 = EDGE_LOOP('',(#335,#345,#353,#361));
#335 = ORIENTED_EDGE('',*,*,#336,.F.);
#336 = EDGE_CURVE('',#337,#339,#341,.T.);
#337 = VERTEX_POINT('',#338);
#338 = CARTESIAN_POINT('',(932.21687836487,-3.25,-20.));
#339 = VERTEX_POINT('',#340);
#340 = CARTESIAN_POINT('',(932.21687836487,3.25,-20.));
#341 = LINE('',#342,#343);
#342 = CARTESIAN_POINT('',(932.21687836487,-11.625,-20.));
#343 = VECTOR('',#344,1.);
#344 = DIRECTION('',(-0.,1.,0.));
#345 = ORIENTED_EDGE('',*,*,#346,.F.);
#346 = EDGE_CURVE('',#347,#337,#349,.T.);
#347 = VERTEX_POINT('',#348);
#348 = CARTESIAN_POINT('',(917.78312163513,-3.25,-20.));
#349 = LINE('',#350,#351);
#350 = CARTESIAN_POINT('',(462.78867513459,-3.25,-20.));
#351 = VECTOR('',#352,1.);
#352 = DIRECTION('',(1.,0.,0.));
#353 = ORIENTED_EDGE('',*,*,#354,.F.);
#354 = EDGE_CURVE('',#355,#347,#357,.T.);
#355 = VERTEX_POINT('',#356);
#356 = CARTESIAN_POINT('',(917.78312163513,3.25,-20.));
#357 = LINE('',#358,#359);
#358 = CARTESIAN_POINT('',(917.78312163512,-11.625,-20.));
#359 = VECTOR('',#360,1.);
#360 = DIRECTION('',(0.,-1.,0.));
#361 = ORIENTED_EDGE('',*,*,#362,.T.);
#362 = EDGE_CURVE('',#355,#339,#363,.T.);
#363 = LINE('',#364,#365);
#364 = CARTESIAN_POINT('',(462.78867513459,3.25,-20.));
#365 = VECTOR('',#366,1.);
#366 = DIRECTION('',(1.,0.,0.));
#367 = FACE_BOUND('',#368,.F.);
#368 = EDGE_LOOP('',(#369,#379,#387,#395));
#369 = ORIENTED_EDGE('',*,*,#370,.F.);
#370 = EDGE_CURVE('',#371,#373,#375,.T.);
#371 = VERTEX_POINT('',#372);
#372 = CARTESIAN_POINT('',(1.182216878365E+03,-3.25,-20.));
#373 = VERTEX_POINT('',#374);
#374 = CARTESIAN_POINT('',(1.182216878365E+03,3.25,-20.));
#375 = LINE('',#376,#377);
#376 = CARTESIAN_POINT('',(1.182216878365E+03,-11.625,-20.));
#377 = VECTOR('',#378,1.);
#378 = DIRECTION('',(-0.,1.,0.));
#379 = ORIENTED_EDGE('',*,*,#380,.F.);
#380 = EDGE_CURVE('',#381,#371,#383,.T.);
#381 = VERTEX_POINT('',#382);
#382 = CARTESIAN_POINT('',(1.167783121635E+03,-3.25,-20.));
#383 = LINE('',#384,#385);
#384 = CARTESIAN_POINT('',(587.78867513459,-3.25,-20.));
#385 = VECTOR('',#386,1.);
#386 = DIRECTION('',(1.,0.,0.));
#387 = ORIENTED_EDGE('',*,*,#388,.F.);
#388 = EDGE_CURVE('',#389,#381,#391,.T.);
#389 = VERTEX_POINT('',#390);
#390 = CARTESIAN_POINT('',(1.167783121635E+03,3.25,-20.));
#391 = LINE('',#392,#393);
#392 = CARTESIAN_POINT('',(1.167783121635E+03,-11.625,-20.));
#393 = VECTOR('',#394,1.);
#394 = DIRECTION('',(0.,-1.,0.));
#395 = ORIENTED_EDGE('',*,*,#396,.T.);
#396 = EDGE_CURVE('',#389,#373,#397,.T.);
#397 = LINE('',#398,#399);
#398 = CARTESIAN_POINT('',(587.78867513459,3.25,-20.));
#399 = VECTOR('',#400,1.);
#400 = DIRECTION('',(1.,0.,0.));
#401 = FACE_BOUND('',#402,.F.);
#402 = EDGE_LOOP('',(#403,#413,#421,#429));
#403 = ORIENTED_EDGE('',*,*,#404,.F.);
#404 = EDGE_CURVE('',#405,#407,#409,.T.);
#405 = VERTEX_POINT('',#406);
#406 = CARTESIAN_POINT('',(1.432216878365E+03,-3.25,-20.));
#407 = VERTEX_POINT('',#408);
#408 = CARTESIAN_POINT('',(1.432216878365E+03,3.25,-20.));
#409 = LINE('',#410,#411);
#410 = CARTESIAN_POINT('',(1.432216878365E+03,-11.625,-20.));
#411 = VECTOR('',#412,1.);
#412 = DIRECTION('',(-0.,1.,0.));
#413 = ORIENTED_EDGE('',*,*,#414,.F.);
#414 = EDGE_CURVE('',#415,#405,#417,.T.);
#415 = VERTEX_POINT('',#416);
#416 = CARTESIAN_POINT('',(1.417783121635E+03,-3.25,-20.));
#417 = LINE('',#418,#419);
#418 = CARTESIAN_POINT('',(712.78867513459,-3.25,-20.));
#419 = VECTOR('',#420,1.);
#420 = DIRECTION('',(1.,0.,0.));
#421 = ORIENTED_EDGE('',*,*,#422,.F.);
#422 = EDGE_CURVE('',#423,#415,#425,.T.);
#423 = VERTEX_POINT('',#424);
#424 = CARTESIAN_POINT('',(1.417783121635E+03,3.25,-20.));
#425 = LINE('',#426,#427);
#426 = CARTESIAN_POINT('',(1.417783121635E+03,-11.625,-20.));
#427 = VECTOR('',#428,1.);
#428 = DIRECTION('',(0.,-1.,0.));
#429 = ORIENTED_EDGE('',*,*,#430,.T.);
#430 = EDGE_CURVE('',#423,#407,#431,.T.);
#431 = LINE('',#432,#433);
#432 = CARTESIAN_POINT('',(712.78867513459,3.25,-20.));
#433 = VECTOR('',#434,1.);
#434 = DIRECTION('',(1.,0.,0.));
#435 = PLANE('',#436);
#436 = AXIS2_PLACEMENT_3D('',#437,#438,#439);
#437 = CARTESIAN_POINT('',(0.,-20.,-20.));
#438 = DIRECTION('',(0.,0.,1.));
#439 = DIRECTION('',(1.,0.,-0.));
#440 = ADVANCED_FACE('',(#441),#452,.T.);
#441 = FACE_BOUND('',#442,.T.);
#442 = EDGE_LOOP('',(#443,#444,#445,#446));
#443 = ORIENTED_EDGE('',*,*,#226,.F.);
#444 = ORIENTED_EDGE('',*,*,#105,.T.);
#445 = ORIENTED_EDGE('',*,*,#202,.T.);
#446 = ORIENTED_EDGE('',*,*,#447,.F.);
#447 = EDGE_CURVE('',#219,#195,#448,.T.);
#448 = LINE('',#449,#450);
#449 = CARTESIAN_POINT('',(1.6E+03,20.,-20.));
#450 = VECTOR('',#451,1.);
#451 = DIRECTION('',(0.,0.,1.));
#452 = PLANE('',#453);
#453 = AXIS2_PLACEMENT_3D('',#454,#455,#456);
#454 = CARTESIAN_POINT('',(0.,20.,-20.));
#455 = DIRECTION('',(-0.,1.,0.));
#456 = DIRECTION('',(0.,0.,1.));
#457 = ADVANCED_FACE('',(#458,#483,#517,#551,#585,#619,#653),#687,.T.);
#458 = FACE_BOUND('',#459,.T.);
#459 = EDGE_LOOP('',(#460,#468,#469,#477));
#460 = ORIENTED_EDGE('',*,*,#461,.F.);
#461 = EDGE_CURVE('',#122,#462,#464,.T.);
#462 = VERTEX_POINT('',#463);
#463 = CARTESIAN_POINT('',(1.6E+03,18.,-18.));
#464 = LINE('',#465,#466);
#465 = CARTESIAN_POINT('',(-1.,18.,-18.));
#466 = VECTOR('',#467,1.);
#467 = DIRECTION('',(1.,0.,-0.));
#468 = ORIENTED_EDGE('',*,*,#121,.T.);
#469 = ORIENTED_EDGE('',*,*,#470,.T.);
#470 = EDGE_CURVE('',#124,#471,#473,.T.);
#471 = VERTEX_POINT('',#472);
#472 = CARTESIAN_POINT('',(1.6E+03,-18.,-18.));
#473 = LINE('',#474,#475);
#474 = CARTESIAN_POINT('',(-1.,-18.,-18.));
#475 = VECTOR('',#476,1.);
#476 = DIRECTION('',(1.,0.,-0.));
#477 = ORIENTED_EDGE('',*,*,#478,.F.);
#478 = EDGE_CURVE('',#462,#471,#479,.T.);
#479 = LINE('',#480,#481);
#480 = CARTESIAN_POINT('',(1.6E+03,-19.,-18.));
#481 = VECTOR('',#482,1.);
#482 = DIRECTION('',(0.,-1.,0.));
#483 = FACE_BOUND('',#484,.T.);
#484 = EDGE_LOOP('',(#485,#495,#503,#511));
#485 = ORIENTED_EDGE('',*,*,#486,.F.);
#486 = EDGE_CURVE('',#487,#489,#491,.T.);
#487 = VERTEX_POINT('',#488);
#488 = CARTESIAN_POINT('',(183.37157890325,-3.25,-18.));
#489 = VERTEX_POINT('',#490);
#490 = CARTESIAN_POINT('',(183.37157890325,3.25,-18.));
#491 = LINE('',#492,#493);
#492 = CARTESIAN_POINT('',(183.37157890325,-10.625,-18.));
#493 = VECTOR('',#494,1.);
#494 = DIRECTION('',(-0.,1.,0.));
#495 = ORIENTED_EDGE('',*,*,#496,.F.);
#496 = EDGE_CURVE('',#497,#487,#499,.T.);
#497 = VERTEX_POINT('',#498);
#498 = CARTESIAN_POINT('',(168.9378221735,-3.25,-18.));
#499 = LINE('',#500,#501);
#500 = CARTESIAN_POINT('',(87.288675134595,-3.25,-18.));
#501 = VECTOR('',#502,1.);
#502 = DIRECTION('',(1.,0.,0.));
#503 = ORIENTED_EDGE('',*,*,#504,.F.);
#504 = EDGE_CURVE('',#505,#497,#507,.T.);
#505 = VERTEX_POINT('',#506);
#506 = CARTESIAN_POINT('',(168.9378221735,3.25,-18.));
#507 = LINE('',#508,#509);
#508 = CARTESIAN_POINT('',(168.9378221735,-10.625,-18.));
#509 = VECTOR('',#510,1.);
#510 = DIRECTION('',(0.,-1.,0.));
#511 = ORIENTED_EDGE('',*,*,#512,.T.);
#512 = EDGE_CURVE('',#505,#489,#513,.T.);
#513 = LINE('',#514,#515);
#514 = CARTESIAN_POINT('',(87.288675134595,3.25,-18.));
#515 = VECTOR('',#516,1.);
#516 = DIRECTION('',(1.,0.,0.));
#517 = FACE_BOUND('',#518,.T.);
#518 = EDGE_LOOP('',(#519,#529,#537,#545));
#519 = ORIENTED_EDGE('',*,*,#520,.F.);
#520 = EDGE_CURVE('',#521,#523,#525,.T.);
#521 = VERTEX_POINT('',#522);
#522 = CARTESIAN_POINT('',(433.37157890325,-3.25,-18.));
#523 = VERTEX_POINT('',#524);
#524 = CARTESIAN_POINT('',(433.37157890325,3.25,-18.));
#525 = LINE('',#526,#527);
#526 = CARTESIAN_POINT('',(433.37157890325,-10.625,-18.));
#527 = VECTOR('',#528,1.);
#528 = DIRECTION('',(-0.,1.,0.));
#529 = ORIENTED_EDGE('',*,*,#530,.F.);
#530 = EDGE_CURVE('',#531,#521,#533,.T.);
#531 = VERTEX_POINT('',#532);
#532 = CARTESIAN_POINT('',(418.9378221735,-3.25,-18.));
#533 = LINE('',#534,#535);
#534 = CARTESIAN_POINT('',(212.28867513459,-3.25,-18.));
#535 = VECTOR('',#536,1.);
#536 = DIRECTION('',(1.,0.,0.));
#537 = ORIENTED_EDGE('',*,*,#538,.F.);
#538 = EDGE_CURVE('',#539,#531,#541,.T.);
#539 = VERTEX_POINT('',#540);
#540 = CARTESIAN_POINT('',(418.9378221735,3.25,-18.));
#541 = LINE('',#542,#543);
#542 = CARTESIAN_POINT('',(418.9378221735,-10.625,-18.));
#543 = VECTOR('',#544,1.);
#544 = DIRECTION('',(0.,-1.,0.));
#545 = ORIENTED_EDGE('',*,*,#546,.T.);
#546 = EDGE_CURVE('',#539,#523,#547,.T.);
#547 = LINE('',#548,#549);
#548 = CARTESIAN_POINT('',(212.28867513459,3.25,-18.));
#549 = VECTOR('',#550,1.);
#550 = DIRECTION('',(1.,0.,0.));
#551 = FACE_BOUND('',#552,.T.);
#552 = EDGE_LOOP('',(#553,#563,#571,#579));
#553 = ORIENTED_EDGE('',*,*,#554,.F.);
#554 = EDGE_CURVE('',#555,#557,#559,.T.);
#555 = VERTEX_POINT('',#556);
#556 = CARTESIAN_POINT('',(683.37157890325,-3.25,-18.));
#557 = VERTEX_POINT('',#558);
#558 = CARTESIAN_POINT('',(683.37157890325,3.25,-18.));
#559 = LINE('',#560,#561);
#560 = CARTESIAN_POINT('',(683.37157890325,-10.625,-18.));
#561 = VECTOR('',#562,1.);
#562 = DIRECTION('',(-0.,1.,0.));
#563 = ORIENTED_EDGE('',*,*,#564,.F.);
#564 = EDGE_CURVE('',#565,#555,#567,.T.);
#565 = VERTEX_POINT('',#566);
#566 = CARTESIAN_POINT('',(668.9378221735,-3.25,-18.));
#567 = LINE('',#568,#569);
#568 = CARTESIAN_POINT('',(337.28867513459,-3.25,-18.));
#569 = VECTOR('',#570,1.);
#570 = DIRECTION('',(1.,0.,0.));
#571 = ORIENTED_EDGE('',*,*,#572,.F.);
#572 = EDGE_CURVE('',#573,#565,#575,.T.);
#573 = VERTEX_POINT('',#574);
#574 = CARTESIAN_POINT('',(668.9378221735,3.25,-18.));
#575 = LINE('',#576,#577);
#576 = CARTESIAN_POINT('',(668.9378221735,-10.625,-18.));
#577 = VECTOR('',#578,1.);
#578 = DIRECTION('',(0.,-1.,0.));
#579 = ORIENTED_EDGE('',*,*,#580,.T.);
#580 = EDGE_CURVE('',#573,#557,#581,.T.);
#581 = LINE('',#582,#583);
#582 = CARTESIAN_POINT('',(337.28867513459,3.25,-18.));
#583 = VECTOR('',#584,1.);
#584 = DIRECTION('',(1.,0.,0.));
#585 = FACE_BOUND('',#586,.T.);
#586 = EDGE_LOOP('',(#587,#597,#605,#613));
#587 = ORIENTED_EDGE('',*,*,#588,.F.);
#588 = EDGE_CURVE('',#589,#591,#593,.T.);
#589 = VERTEX_POINT('',#590);
#590 = CARTESIAN_POINT('',(933.37157890325,-3.25,-18.));
#591 = VERTEX_POINT('',#592);
#592 = CARTESIAN_POINT('',(933.37157890325,3.25,-18.));
#593 = LINE('',#594,#595);
#594 = CARTESIAN_POINT('',(933.37157890324,-10.625,-18.));
#595 = VECTOR('',#596,1.);
#596 = DIRECTION('',(-0.,1.,0.));
#597 = ORIENTED_EDGE('',*,*,#598,.F.);
#598 = EDGE_CURVE('',#599,#589,#601,.T.);
#599 = VERTEX_POINT('',#600);
#600 = CARTESIAN_POINT('',(918.9378221735,-3.25,-18.));
#601 = LINE('',#602,#603);
#602 = CARTESIAN_POINT('',(462.28867513459,-3.25,-18.));
#603 = VECTOR('',#604,1.);
#604 = DIRECTION('',(1.,0.,0.));
#605 = ORIENTED_EDGE('',*,*,#606,.F.);
#606 = EDGE_CURVE('',#607,#599,#609,.T.);
#607 = VERTEX_POINT('',#608);
#608 = CARTESIAN_POINT('',(918.9378221735,3.25,-18.));
#609 = LINE('',#610,#611);
#610 = CARTESIAN_POINT('',(918.9378221735,-10.625,-18.));
#611 = VECTOR('',#612,1.);
#612 = DIRECTION('',(0.,-1.,0.));
#613 = ORIENTED_EDGE('',*,*,#614,.T.);
#614 = EDGE_CURVE('',#607,#591,#615,.T.);
#615 = LINE('',#616,#617);
#616 = CARTESIAN_POINT('',(462.28867513459,3.25,-18.));
#617 = VECTOR('',#618,1.);
#618 = DIRECTION('',(1.,0.,0.));
#619 = FACE_BOUND('',#620,.T.);
#620 = EDGE_LOOP('',(#621,#631,#639,#647));
#621 = ORIENTED_EDGE('',*,*,#622,.F.);
#622 = EDGE_CURVE('',#623,#625,#627,.T.);
#623 = VERTEX_POINT('',#624);
#624 = CARTESIAN_POINT('',(1.183371578903E+03,-3.25,-18.));
#625 = VERTEX_POINT('',#626);
#626 = CARTESIAN_POINT('',(1.183371578903E+03,3.25,-18.));
#627 = LINE('',#628,#629);
#628 = CARTESIAN_POINT('',(1.183371578903E+03,-10.625,-18.));
#629 = VECTOR('',#630,1.);
#630 = DIRECTION('',(-0.,1.,0.));
#631 = ORIENTED_EDGE('',*,*,#632,.F.);
#632 = EDGE_CURVE('',#633,#623,#635,.T.);
#633 = VERTEX_POINT('',#634);
#634 = CARTESIAN_POINT('',(1.168937822174E+03,-3.25,-18.));
#635 = LINE('',#636,#637);
#636 = CARTESIAN_POINT('',(587.28867513459,-3.25,-18.));
#637 = VECTOR('',#638,1.);
#638 = DIRECTION('',(1.,0.,0.));
#639 = ORIENTED_EDGE('',*,*,#640,.F.);
#640 = EDGE_CURVE('',#641,#633,#643,.T.);
#641 = VERTEX_POINT('',#642);
#642 = CARTESIAN_POINT('',(1.168937822174E+03,3.25,-18.));
#643 = LINE('',#644,#645);
#644 = CARTESIAN_POINT('',(1.168937822174E+03,-10.625,-18.));
#645 = VECTOR('',#646,1.);
#646 = DIRECTION('',(0.,-1.,0.));
#647 = ORIENTED_EDGE('',*,*,#648,.T.);
#648 = EDGE_CURVE('',#641,#625,#649,.T.);
#649 = LINE('',#650,#651);
#650 = CARTESIAN_POINT('',(587.28867513459,3.25,-18.));
#651 = VECTOR('',#652,1.);
#652 = DIRECTION('',(1.,0.,0.));
#653 = FACE_BOUND('',#654,.T.);
#654 = EDGE_LOOP('',(#655,#665,#673,#681));
#655 = ORIENTED_EDGE('',*,*,#656,.F.);
#656 = EDGE_CURVE('',#657,#659,#661,.T.);
#657 = VERTEX_POINT('',#658);
#658 = CARTESIAN_POINT('',(1.433371578903E+03,-3.25,-18.));
#659 = VERTEX_POINT('',#660);
#660 = CARTESIAN_POINT('',(1.433371578903E+03,3.25,-18.));
#661 = LINE('',#662,#663);
#662 = CARTESIAN_POINT('',(1.433371578903E+03,-10.625,-18.));
#663 = VECTOR('',#664,1.);
#664 = DIRECTION('',(-0.,1.,0.));
#665 = ORIENTED_EDGE('',*,*,#666,.F.);
#666 = EDGE_CURVE('',#667,#657,#669,.T.);
#667 = VERTEX_POINT('',#668);
#668 = CARTESIAN_POINT('',(1.418937822174E+03,-3.25,-18.));
#669 = LINE('',#670,#671);
#670 = CARTESIAN_POINT('',(712.28867513459,-3.25,-18.));
#671 = VECTOR('',#672,1.);
#672 = DIRECTION('',(1.,0.,0.));
#673 = ORIENTED_EDGE('',*,*,#674,.F.);
#674 = EDGE_CURVE('',#675,#667,#677,.T.);
#675 = VERTEX_POINT('',#676);
#676 = CARTESIAN_POINT('',(1.418937822174E+03,3.25,-18.));
#677 = LINE('',#678,#679);
#678 = CARTESIAN_POINT('',(1.418937822174E+03,-10.625,-18.));
#679 = VECTOR('',#680,1.);
#680 = DIRECTION('',(0.,-1.,0.));
#681 = ORIENTED_EDGE('',*,*,#682,.T.);
#682 = EDGE_CURVE('',#675,#659,#683,.T.);
#683 = LINE('',#684,#685);
#684 = CARTESIAN_POINT('',(712.28867513459,3.25,-18.));
#685 = VECTOR('',#686,1.);
#686 = DIRECTION('',(1.,0.,0.));
#687 = PLANE('',#688);
#688 = AXIS2_PLACEMENT_3D('',#689,#690,#691);
#689 = CARTESIAN_POINT('',(-1.,-18.,-18.));
#690 = DIRECTION('',(0.,0.,1.));
#691 = DIRECTION('',(1.,0.,-0.));
#692 = ADVANCED_FACE('',(#693),#711,.F.);
#693 = FACE_BOUND('',#694,.F.);
#694 = EDGE_LOOP('',(#695,#696,#697,#705));
#695 = ORIENTED_EDGE('',*,*,#461,.F.);
#696 = ORIENTED_EDGE('',*,*,#147,.T.);
#697 = ORIENTED_EDGE('',*,*,#698,.T.);
#698 = EDGE_CURVE('',#140,#699,#701,.T.);
#699 = VERTEX_POINT('',#700);
#700 = CARTESIAN_POINT('',(1.6E+03,18.,18.));
#701 = LINE('',#702,#703);
#702 = CARTESIAN_POINT('',(-1.,18.,18.));
#703 = VECTOR('',#704,1.);
#704 = DIRECTION('',(1.,0.,-0.));
#705 = ORIENTED_EDGE('',*,*,#706,.F.);
#706 = EDGE_CURVE('',#462,#699,#707,.T.);
#707 = LINE('',#708,#709);
#708 = CARTESIAN_POINT('',(1.6E+03,18.,-19.));
#709 = VECTOR('',#710,1.);
#710 = DIRECTION('',(0.,0.,1.));
#711 = PLANE('',#712);
#712 = AXIS2_PLACEMENT_3D('',#713,#714,#715);
#713 = CARTESIAN_POINT('',(-1.,18.,-18.));
#714 = DIRECTION('',(-0.,1.,0.));
#715 = DIRECTION('',(0.,0.,1.));
#716 = ADVANCED_FACE('',(#717),#735,.F.);
#717 = FACE_BOUND('',#718,.F.);
#718 = EDGE_LOOP('',(#719,#720,#721,#729));
#719 = ORIENTED_EDGE('',*,*,#698,.F.);
#720 = ORIENTED_EDGE('',*,*,#139,.T.);
#721 = ORIENTED_EDGE('',*,*,#722,.T.);
#722 = EDGE_CURVE('',#132,#723,#725,.T.);
#723 = VERTEX_POINT('',#724);
#724 = CARTESIAN_POINT('',(1.6E+03,-18.,18.));
#725 = LINE('',#726,#727);
#726 = CARTESIAN_POINT('',(-1.,-18.,18.));
#727 = VECTOR('',#728,1.);
#728 = DIRECTION('',(1.,0.,-0.));
#729 = ORIENTED_EDGE('',*,*,#730,.F.);
#730 = EDGE_CURVE('',#699,#723,#731,.T.);
#731 = LINE('',#732,#733);
#732 = CARTESIAN_POINT('',(1.6E+03,-19.,18.));
#733 = VECTOR('',#734,1.);
#734 = DIRECTION('',(0.,-1.,0.));
#735 = PLANE('',#736);
#736 = AXIS2_PLACEMENT_3D('',#737,#738,#739);
#737 = CARTESIAN_POINT('',(-1.,-18.,18.));
#738 = DIRECTION('',(0.,0.,1.));
#739 = DIRECTION('',(1.,0.,-0.));
#740 = ADVANCED_FACE('',(#741),#752,.T.);
#741 = FACE_BOUND('',#742,.T.);
#742 = EDGE_LOOP('',(#743,#744,#745,#746));
#743 = ORIENTED_EDGE('',*,*,#470,.F.);
#744 = ORIENTED_EDGE('',*,*,#131,.T.);
#745 = ORIENTED_EDGE('',*,*,#722,.T.);
#746 = ORIENTED_EDGE('',*,*,#747,.F.);
#747 = EDGE_CURVE('',#471,#723,#748,.T.);
#748 = LINE('',#749,#750);
#749 = CARTESIAN_POINT('',(1.6E+03,-18.,-19.));
#750 = VECTOR('',#751,1.);
#751 = DIRECTION('',(0.,0.,1.));
#752 = PLANE('',#753);
#753 = AXIS2_PLACEMENT_3D('',#754,#755,#756);
#754 = CARTESIAN_POINT('',(-1.,-18.,-18.));
#755 = DIRECTION('',(-0.,1.,0.));
#756 = DIRECTION('',(0.,0.,1.));
#757 = ADVANCED_FACE('',(#758,#764),#770,.T.);
#758 = FACE_BOUND('',#759,.T.);
#759 = EDGE_LOOP('',(#760,#761,#762,#763));
#760 = ORIENTED_EDGE('',*,*,#178,.F.);
#761 = ORIENTED_EDGE('',*,*,#218,.T.);
#762 = ORIENTED_EDGE('',*,*,#447,.T.);
#763 = ORIENTED_EDGE('',*,*,#194,.F.);
#764 = FACE_BOUND('',#765,.T.);
#765 = EDGE_LOOP('',(#766,#767,#768,#769));
#766 = ORIENTED_EDGE('',*,*,#478,.T.);
#767 = ORIENTED_EDGE('',*,*,#747,.T.);
#768 = ORIENTED_EDGE('',*,*,#730,.F.);
#769 = ORIENTED_EDGE('',*,*,#706,.F.);
#770 = PLANE('',#771);
#771 = AXIS2_PLACEMENT_3D('',#772,#773,#774);
#772 = CARTESIAN_POINT('',(1.6E+03,-20.,-20.));
#773 = DIRECTION('',(1.,0.,-0.));
#774 = DIRECTION('',(0.,0.,1.));
#775 = ADVANCED_FACE('',(#776),#792,.F.);
#776 = FACE_BOUND('',#777,.F.);
#777 = EDGE_LOOP('',(#778,#784,#785,#791));
#778 = ORIENTED_EDGE('',*,*,#779,.F.);
#779 = EDGE_CURVE('',#235,#487,#780,.T.);
#780 = LINE('',#781,#782);
#781 = CARTESIAN_POINT('',(181.63952809568,-3.25,-21.));
#782 = VECTOR('',#783,1.);
#783 = DIRECTION('',(0.5,0.,0.866025403784));
#784 = ORIENTED_EDGE('',*,*,#234,.T.);
#785 = ORIENTED_EDGE('',*,*,#786,.T.);
#786 = EDGE_CURVE('',#237,#489,#787,.T.);
#787 = LINE('',#788,#789);
#788 = CARTESIAN_POINT('',(181.63952809568,3.25,-21.));
#789 = VECTOR('',#790,1.);
#790 = DIRECTION('',(0.5,0.,0.866025403784));
#791 = ORIENTED_EDGE('',*,*,#486,.F.);
#792 = PLANE('',#793);
#793 = AXIS2_PLACEMENT_3D('',#794,#795,#796);
#794 = CARTESIAN_POINT('',(181.63952809568,-3.25,-21.));
#795 = DIRECTION('',(0.866025403784,0.,-0.5));
#796 = DIRECTION('',(0.5,0.,0.866025403784));
#797 = ADVANCED_FACE('',(#798),#809,.F.);
#798 = FACE_BOUND('',#799,.F.);
#799 = EDGE_LOOP('',(#800,#806,#807,#808));
#800 = ORIENTED_EDGE('',*,*,#801,.T.);
#801 = EDGE_CURVE('',#497,#245,#802,.T.);
#802 = LINE('',#803,#804);
#803 = CARTESIAN_POINT('',(169.51517244269,-3.25,-17.));
#804 = VECTOR('',#805,1.);
#805 = DIRECTION('',(-0.5,0.,-0.866025403784));
#806 = ORIENTED_EDGE('',*,*,#244,.T.);
#807 = ORIENTED_EDGE('',*,*,#779,.T.);
#808 = ORIENTED_EDGE('',*,*,#496,.F.);
#809 = PLANE('',#810);
#810 = AXIS2_PLACEMENT_3D('',#811,#812,#813);
#811 = CARTESIAN_POINT('',(175.57735026919,-3.25,-19.));
#812 = DIRECTION('',(-0.,-1.,-0.));
#813 = DIRECTION('',(0.,0.,-1.));
#814 = ADVANCED_FACE('',(#815),#826,.T.);
#815 = FACE_BOUND('',#816,.T.);
#816 = EDGE_LOOP('',(#817,#823,#824,#825));
#817 = ORIENTED_EDGE('',*,*,#818,.T.);
#818 = EDGE_CURVE('',#505,#253,#819,.T.);
#819 = LINE('',#820,#821);
#820 = CARTESIAN_POINT('',(169.51517244269,3.25,-17.));
#821 = VECTOR('',#822,1.);
#822 = DIRECTION('',(-0.5,0.,-0.866025403784));
#823 = ORIENTED_EDGE('',*,*,#260,.T.);
#824 = ORIENTED_EDGE('',*,*,#786,.T.);
#825 = ORIENTED_EDGE('',*,*,#512,.F.);
#826 = PLANE('',#827);
#827 = AXIS2_PLACEMENT_3D('',#828,#829,#830);
#828 = CARTESIAN_POINT('',(175.57735026919,3.25,-19.));
#829 = DIRECTION('',(-0.,-1.,-0.));
#830 = DIRECTION('',(0.,0.,-1.));
#831 = ADVANCED_FACE('',(#832),#838,.F.);
#832 = FACE_BOUND('',#833,.F.);
#833 = EDGE_LOOP('',(#834,#835,#836,#837));
#834 = ORIENTED_EDGE('',*,*,#801,.F.);
#835 = ORIENTED_EDGE('',*,*,#504,.F.);
#836 = ORIENTED_EDGE('',*,*,#818,.T.);
#837 = ORIENTED_EDGE('',*,*,#252,.T.);
#838 = PLANE('',#839);
#839 = AXIS2_PLACEMENT_3D('',#840,#841,#842);
#840 = CARTESIAN_POINT('',(169.51517244269,-3.25,-17.));
#841 = DIRECTION('',(-0.866025403784,0.,0.5));
#842 = DIRECTION('',(-0.5,0.,-0.866025403784));
#843 = ADVANCED_FACE('',(#844),#860,.F.);
#844 = FACE_BOUND('',#845,.F.);
#845 = EDGE_LOOP('',(#846,#852,#853,#859));
#846 = ORIENTED_EDGE('',*,*,#847,.F.);
#847 = EDGE_CURVE('',#269,#521,#848,.T.);
#848 = LINE('',#849,#850);
#849 = CARTESIAN_POINT('',(431.63952809568,-3.25,-21.));
#850 = VECTOR('',#851,1.);
#851 = DIRECTION('',(0.5,0.,0.866025403784));
#852 = ORIENTED_EDGE('',*,*,#268,.T.);
#853 = ORIENTED_EDGE('',*,*,#854,.T.);
#854 = EDGE_CURVE('',#271,#523,#855,.T.);
#855 = LINE('',#856,#857);
#856 = CARTESIAN_POINT('',(431.63952809568,3.25,-21.));
#857 = VECTOR('',#858,1.);
#858 = DIRECTION('',(0.5,0.,0.866025403784));
#859 = ORIENTED_EDGE('',*,*,#520,.F.);
#860 = PLANE('',#861);
#861 = AXIS2_PLACEMENT_3D('',#862,#863,#864);
#862 = CARTESIAN_POINT('',(431.63952809568,-3.25,-21.));
#863 = DIRECTION('',(0.866025403784,0.,-0.5));
#864 = DIRECTION('',(0.5,0.,0.866025403784));
#865 = ADVANCED_FACE('',(#866),#877,.F.);
#866 = FACE_BOUND('',#867,.F.);
#867 = EDGE_LOOP('',(#868,#874,#875,#876));
#868 = ORIENTED_EDGE('',*,*,#869,.T.);
#869 = EDGE_CURVE('',#531,#279,#870,.T.);
#870 = LINE('',#871,#872);
#871 = CARTESIAN_POINT('',(419.51517244269,-3.25,-17.));
#872 = VECTOR('',#873,1.);
#873 = DIRECTION('',(-0.5,0.,-0.866025403784));
#874 = ORIENTED_EDGE('',*,*,#278,.T.);
#875 = ORIENTED_EDGE('',*,*,#847,.T.);
#876 = ORIENTED_EDGE('',*,*,#530,.F.);
#877 = PLANE('',#878);
#878 = AXIS2_PLACEMENT_3D('',#879,#880,#881);
#879 = CARTESIAN_POINT('',(425.57735026919,-3.25,-19.));
#880 = DIRECTION('',(-0.,-1.,-0.));
#881 = DIRECTION('',(0.,0.,-1.));
#882 = ADVANCED_FACE('',(#883),#894,.T.);
#883 = FACE_BOUND('',#884,.T.);
#884 = EDGE_LOOP('',(#885,#891,#892,#893));
#885 = ORIENTED_EDGE('',*,*,#886,.T.);
#886 = EDGE_CURVE('',#539,#287,#887,.T.);
#887 = LINE('',#888,#889);
#888 = CARTESIAN_POINT('',(419.51517244269,3.25,-17.));
#889 = VECTOR('',#890,1.);
#890 = DIRECTION('',(-0.5,0.,-0.866025403784));
#891 = ORIENTED_EDGE('',*,*,#294,.T.);
#892 = ORIENTED_EDGE('',*,*,#854,.T.);
#893 = ORIENTED_EDGE('',*,*,#546,.F.);
#894 = PLANE('',#895);
#895 = AXIS2_PLACEMENT_3D('',#896,#897,#898);
#896 = CARTESIAN_POINT('',(425.57735026919,3.25,-19.));
#897 = DIRECTION('',(-0.,-1.,-0.));
#898 = DIRECTION('',(0.,0.,-1.));
#899 = ADVANCED_FACE('',(#900),#906,.F.);
#900 = FACE_BOUND('',#901,.F.);
#901 = EDGE_LOOP('',(#902,#903,#904,#905));
#902 = ORIENTED_EDGE('',*,*,#869,.F.);
#903 = ORIENTED_EDGE('',*,*,#538,.F.);
#904 = ORIENTED_EDGE('',*,*,#886,.T.);
#905 = ORIENTED_EDGE('',*,*,#286,.T.);
#906 = PLANE('',#907);
#907 = AXIS2_PLACEMENT_3D('',#908,#909,#910);
#908 = CARTESIAN_POINT('',(419.51517244269,-3.25,-17.));
#909 = DIRECTION('',(-0.866025403784,0.,0.5));
#910 = DIRECTION('',(-0.5,0.,-0.866025403784));
#911 = ADVANCED_FACE('',(#912),#928,.F.);
#912 = FACE_BOUND('',#913,.F.);
#913 = EDGE_LOOP('',(#914,#920,#921,#927));
#914 = ORIENTED_EDGE('',*,*,#915,.F.);
#915 = EDGE_CURVE('',#303,#555,#916,.T.);
#916 = LINE('',#917,#918);
#917 = CARTESIAN_POINT('',(681.63952809568,-3.25,-21.));
#918 = VECTOR('',#919,1.);
#919 = DIRECTION('',(0.5,0.,0.866025403784));
#920 = ORIENTED_EDGE('',*,*,#302,.T.);
#921 = ORIENTED_EDGE('',*,*,#922,.T.);
#922 = EDGE_CURVE('',#305,#557,#923,.T.);
#923 = LINE('',#924,#925);
#924 = CARTESIAN_POINT('',(681.63952809568,3.25,-21.));
#925 = VECTOR('',#926,1.);
#926 = DIRECTION('',(0.5,0.,0.866025403784));
#927 = ORIENTED_EDGE('',*,*,#554,.F.);
#928 = PLANE('',#929);
#929 = AXIS2_PLACEMENT_3D('',#930,#931,#932);
#930 = CARTESIAN_POINT('',(681.63952809568,-3.25,-21.));
#931 = DIRECTION('',(0.866025403784,0.,-0.5));
#932 = DIRECTION('',(0.5,0.,0.866025403784));
#933 = ADVANCED_FACE('',(#934),#945,.F.);
#934 = FACE_BOUND('',#935,.F.);
#935 = EDGE_LOOP('',(#936,#942,#943,#944));
#936 = ORIENTED_EDGE('',*,*,#937,.T.);
#937 = EDGE_CURVE('',#565,#313,#938,.T.);
#938 = LINE('',#939,#940);
#939 = CARTESIAN_POINT('',(669.51517244269,-3.25,-17.));
#940 = VECTOR('',#941,1.);
#941 = DIRECTION('',(-0.5,0.,-0.866025403784));
#942 = ORIENTED_EDGE('',*,*,#312,.T.);
#943 = ORIENTED_EDGE('',*,*,#915,.T.);
#944 = ORIENTED_EDGE('',*,*,#564,.F.);
#945 = PLANE('',#946);
#946 = AXIS2_PLACEMENT_3D('',#947,#948,#949);
#947 = CARTESIAN_POINT('',(675.57735026919,-3.25,-19.));
#948 = DIRECTION('',(-0.,-1.,-0.));
#949 = DIRECTION('',(0.,0.,-1.));
#950 = ADVANCED_FACE('',(#951),#962,.T.);
#951 = FACE_BOUND('',#952,.T.);
#952 = EDGE_LOOP('',(#953,#959,#960,#961));
#953 = ORIENTED_EDGE('',*,*,#954,.T.);
#954 = EDGE_CURVE('',#573,#321,#955,.T.);
#955 = LINE('',#956,#957);
#956 = CARTESIAN_POINT('',(669.51517244269,3.25,-17.));
#957 = VECTOR('',#958,1.);
#958 = DIRECTION('',(-0.5,0.,-0.866025403784));
#959 = ORIENTED_EDGE('',*,*,#328,.T.);
#960 = ORIENTED_EDGE('',*,*,#922,.T.);
#961 = ORIENTED_EDGE('',*,*,#580,.F.);
#962 = PLANE('',#963);
#963 = AXIS2_PLACEMENT_3D('',#964,#965,#966);
#964 = CARTESIAN_POINT('',(675.57735026919,3.25,-19.));
#965 = DIRECTION('',(-0.,-1.,-0.));
#966 = DIRECTION('',(0.,0.,-1.));
#967 = ADVANCED_FACE('',(#968),#974,.F.);
#968 = FACE_BOUND('',#969,.F.);
#969 = EDGE_LOOP('',(#970,#971,#972,#973));
#970 = ORIENTED_EDGE('',*,*,#937,.F.);
#971 = ORIENTED_EDGE('',*,*,#572,.F.);
#972 = ORIENTED_EDGE('',*,*,#954,.T.);
#973 = ORIENTED_EDGE('',*,*,#320,.T.);
#974 = PLANE('',#975);
#975 = AXIS2_PLACEMENT_3D('',#976,#977,#978);
#976 = CARTESIAN_POINT('',(669.51517244269,-3.25,-17.));
#977 = DIRECTION('',(-0.866025403784,0.,0.5));
#978 = DIRECTION('',(-0.5,0.,-0.866025403784));
#979 = ADVANCED_FACE('',(#980),#996,.F.);
#980 = FACE_BOUND('',#981,.F.);
#981 = EDGE_LOOP('',(#982,#988,#989,#995));
#982 = ORIENTED_EDGE('',*,*,#983,.F.);
#983 = EDGE_CURVE('',#337,#589,#984,.T.);
#984 = LINE('',#985,#986);
#985 = CARTESIAN_POINT('',(931.63952809568,-3.25,-21.));
#986 = VECTOR('',#987,1.);
#987 = DIRECTION('',(0.5,0.,0.866025403784));
#988 = ORIENTED_EDGE('',*,*,#336,.T.);
#989 = ORIENTED_EDGE('',*,*,#990,.T.);
#990 = EDGE_CURVE('',#339,#591,#991,.T.);
#991 = LINE('',#992,#993);
#992 = CARTESIAN_POINT('',(931.63952809568,3.25,-21.));
#993 = VECTOR('',#994,1.);
#994 = DIRECTION('',(0.5,0.,0.866025403784));
#995 = ORIENTED_EDGE('',*,*,#588,.F.);
#996 = PLANE('',#997);
#997 = AXIS2_PLACEMENT_3D('',#998,#999,#1000);
#998 = CARTESIAN_POINT('',(931.63952809568,-3.25,-21.));
#999 = DIRECTION('',(0.866025403784,0.,-0.5));
#1000 = DIRECTION('',(0.5,0.,0.866025403784));
#1001 = ADVANCED_FACE('',(#1002),#1013,.F.);
#1002 = FACE_BOUND('',#1003,.F.);
#1003 = EDGE_LOOP('',(#1004,#1010,#1011,#1012));
#1004 = ORIENTED_EDGE('',*,*,#1005,.T.);
#1005 = EDGE_CURVE('',#599,#347,#1006,.T.);
#1006 = LINE('',#1007,#1008);
#1007 = CARTESIAN_POINT('',(919.51517244269,-3.25,-17.));
#1008 = VECTOR('',#1009,1.);
#1009 = DIRECTION('',(-0.5,0.,-0.866025403784));
#1010 = ORIENTED_EDGE('',*,*,#346,.T.);
#1011 = ORIENTED_EDGE('',*,*,#983,.T.);
#1012 = ORIENTED_EDGE('',*,*,#598,.F.);
#1013 = PLANE('',#1014);
#1014 = AXIS2_PLACEMENT_3D('',#1015,#1016,#1017);
#1015 = CARTESIAN_POINT('',(925.57735026919,-3.25,-19.));
#1016 = DIRECTION('',(-0.,-1.,-0.));
#1017 = DIRECTION('',(0.,0.,-1.));
#1018 = ADVANCED_FACE('',(#1019),#1030,.T.);
#1019 = FACE_BOUND('',#1020,.T.);
#1020 = EDGE_LOOP('',(#1021,#1027,#1028,#1029));
#1021 = ORIENTED_EDGE('',*,*,#1022,.T.);
#1022 = EDGE_CURVE('',#607,#355,#1023,.T.);
#1023 = LINE('',#1024,#1025);
#1024 = CARTESIAN_POINT('',(919.51517244269,3.25,-17.));
#1025 = VECTOR('',#1026,1.);
#1026 = DIRECTION('',(-0.5,0.,-0.866025403784));
#1027 = ORIENTED_EDGE('',*,*,#362,.T.);
#1028 = ORIENTED_EDGE('',*,*,#990,.T.);
#1029 = ORIENTED_EDGE('',*,*,#614,.F.);
#1030 = PLANE('',#1031);
#1031 = AXIS2_PLACEMENT_3D('',#1032,#1033,#1034);
#1032 = CARTESIAN_POINT('',(925.57735026919,3.25,-19.));
#1033 = DIRECTION('',(-0.,-1.,-0.));
#1034 = DIRECTION('',(0.,0.,-1.));
#1035 = ADVANCED_FACE('',(#1036),#1042,.F.);
#1036 = FACE_BOUND('',#1037,.F.);
#1037 = EDGE_LOOP('',(#1038,#1039,#1040,#1041));
#1038 = ORIENTED_EDGE('',*,*,#1005,.F.);
#1039 = ORIENTED_EDGE('',*,*,#606,.F.);
#1040 = ORIENTED_EDGE('',*,*,#1022,.T.);
#1041 = ORIENTED_EDGE('',*,*,#354,.T.);
#1042 = PLANE('',#1043);
#1043 = AXIS2_PLACEMENT_3D('',#1044,#1045,#1046);
#1044 = CARTESIAN_POINT('',(919.51517244269,-3.25,-17.));
#1045 = DIRECTION('',(-0.866025403784,0.,0.5));
#1046 = DIRECTION('',(-0.5,0.,-0.866025403784));
#1047 = ADVANCED_FACE('',(#1048),#1064,.F.);
#1048 = FACE_BOUND('',#1049,.F.);
#1049 = EDGE_LOOP('',(#1050,#1056,#1057,#1063));
#1050 = ORIENTED_EDGE('',*,*,#1051,.F.);
#1051 = EDGE_CURVE('',#371,#623,#1052,.T.);
#1052 = LINE('',#1053,#1054);
#1053 = CARTESIAN_POINT('',(1.181639528096E+03,-3.25,-21.));
#1054 = VECTOR('',#1055,1.);
#1055 = DIRECTION('',(0.5,0.,0.866025403784));
#1056 = ORIENTED_EDGE('',*,*,#370,.T.);
#1057 = ORIENTED_EDGE('',*,*,#1058,.T.);
#1058 = EDGE_CURVE('',#373,#625,#1059,.T.);
#1059 = LINE('',#1060,#1061);
#1060 = CARTESIAN_POINT('',(1.181639528096E+03,3.25,-21.));
#1061 = VECTOR('',#1062,1.);
#1062 = DIRECTION('',(0.5,0.,0.866025403784));
#1063 = ORIENTED_EDGE('',*,*,#622,.F.);
#1064 = PLANE('',#1065);
#1065 = AXIS2_PLACEMENT_3D('',#1066,#1067,#1068);
#1066 = CARTESIAN_POINT('',(1.181639528096E+03,-3.25,-21.));
#1067 = DIRECTION('',(0.866025403784,0.,-0.5));
#1068 = DIRECTION('',(0.5,0.,0.866025403784));
#1069 = ADVANCED_FACE('',(#1070),#1081,.F.);
#1070 = FACE_BOUND('',#1071,.F.);
#1071 = EDGE_LOOP('',(#1072,#1078,#1079,#1080));
#1072 = ORIENTED_EDGE('',*,*,#1073,.T.);
#1073 = EDGE_CURVE('',#633,#381,#1074,.T.);
#1074 = LINE('',#1075,#1076);
#1075 = CARTESIAN_POINT('',(1.169515172443E+03,-3.25,-17.));
#1076 = VECTOR('',#1077,1.);
#1077 = DIRECTION('',(-0.5,0.,-0.866025403784));
#1078 = ORIENTED_EDGE('',*,*,#380,.T.);
#1079 = ORIENTED_EDGE('',*,*,#1051,.T.);
#1080 = ORIENTED_EDGE('',*,*,#632,.F.);
#1081 = PLANE('',#1082);
#1082 = AXIS2_PLACEMENT_3D('',#1083,#1084,#1085);
#1083 = CARTESIAN_POINT('',(1.175577350269E+03,-3.25,-19.));
#1084 = DIRECTION('',(-0.,-1.,-0.));
#1085 = DIRECTION('',(0.,0.,-1.));
#1086 = ADVANCED_FACE('',(#1087),#1098,.T.);
#1087 = FACE_BOUND('',#1088,.T.);
#1088 = EDGE_LOOP('',(#1089,#1095,#1096,#1097));
#1089 = ORIENTED_EDGE('',*,*,#1090,.T.);
#1090 = EDGE_CURVE('',#641,#389,#1091,.T.);
#1091 = LINE('',#1092,#1093);
#1092 = CARTESIAN_POINT('',(1.169515172443E+03,3.25,-17.));
#1093 = VECTOR('',#1094,1.);
#1094 = DIRECTION('',(-0.5,0.,-0.866025403784));
#1095 = ORIENTED_EDGE('',*,*,#396,.T.);
#1096 = ORIENTED_EDGE('',*,*,#1058,.T.);
#1097 = ORIENTED_EDGE('',*,*,#648,.F.);
#1098 = PLANE('',#1099);
#1099 = AXIS2_PLACEMENT_3D('',#1100,#1101,#1102);
#1100 = CARTESIAN_POINT('',(1.175577350269E+03,3.25,-19.));
#1101 = DIRECTION('',(-0.,-1.,-0.));
#1102 = DIRECTION('',(0.,0.,-1.));
#1103 = ADVANCED_FACE('',(#1104),#1110,.F.);
#1104 = FACE_BOUND('',#1105,.F.);
#1105 = EDGE_LOOP('',(#1106,#1107,#1108,#1109));
#1106 = ORIENTED_EDGE('',*,*,#1073,.F.);
#1107 = ORIENTED_EDGE('',*,*,#640,.F.);
#1108 = ORIENTED_EDGE('',*,*,#1090,.T.);
#1109 = ORIENTED_EDGE('',*,*,#388,.T.);
#1110 = PLANE('',#1111);
#1111 = AXIS2_PLACEMENT_3D('',#1112,#1113,#1114);
#1112 = CARTESIAN_POINT('',(1.169515172443E+03,-3.25,-17.));
#1113 = DIRECTION('',(-0.866025403784,0.,0.5));
#1114 = DIRECTION('',(-0.5,0.,-0.866025403784));
#1115 = ADVANCED_FACE('',(#1116),#1132,.F.);
#1116 = FACE_BOUND('',#1117,.F.);
#1117 = EDGE_LOOP('',(#1118,#1124,#1125,#1131));
#1118 = ORIENTED_EDGE('',*,*,#1119,.F.);
#1119 = EDGE_CURVE('',#405,#657,#1120,.T.);
#1120 = LINE('',#1121,#1122);
#1121 = CARTESIAN_POINT('',(1.431639528096E+03,-3.25,-21.));
#1122 = VECTOR('',#1123,1.);
#1123 = DIRECTION('',(0.5,0.,0.866025403784));
#1124 = ORIENTED_EDGE('',*,*,#404,.T.);
#1125 = ORIENTED_EDGE('',*,*,#1126,.T.);
#1126 = EDGE_CURVE('',#407,#659,#1127,.T.);
#1127 = LINE('',#1128,#1129);
#1128 = CARTESIAN_POINT('',(1.431639528096E+03,3.25,-21.));
#1129 = VECTOR('',#1130,1.);
#1130 = DIRECTION('',(0.5,0.,0.866025403784));
#1131 = ORIENTED_EDGE('',*,*,#656,.F.);
#1132 = PLANE('',#1133);
#1133 = AXIS2_PLACEMENT_3D('',#1134,#1135,#1136);
#1134 = CARTESIAN_POINT('',(1.431639528096E+03,-3.25,-21.));
#1135 = DIRECTION('',(0.866025403784,0.,-0.5));
#1136 = DIRECTION('',(0.5,0.,0.866025403784));
#1137 = ADVANCED_FACE('',(#1138),#1149,.T.);
#1138 = FACE_BOUND('',#1139,.T.);
#1139 = EDGE_LOOP('',(#1140,#1146,#1147,#1148));
#1140 = ORIENTED_EDGE('',*,*,#1141,.T.);
#1141 = EDGE_CURVE('',#675,#423,#1142,.T.);
#1142 = LINE('',#1143,#1144);
#1143 = CARTESIAN_POINT('',(1.419515172443E+03,3.25,-17.));
#1144 = VECTOR('',#1145,1.);
#1145 = DIRECTION('',(-0.5,0.,-0.866025403784));
#1146 = ORIENTED_EDGE('',*,*,#430,.T.);
#1147 = ORIENTED_EDGE('',*,*,#1126,.T.);
#1148 = ORIENTED_EDGE('',*,*,#682,.F.);
#1149 = PLANE('',#1150);
#1150 = AXIS2_PLACEMENT_3D('',#1151,#1152,#1153);
#1151 = CARTESIAN_POINT('',(1.425577350269E+03,3.25,-19.));
#1152 = DIRECTION('',(-0.,-1.,-0.));
#1153 = DIRECTION('',(0.,0.,-1.));
#1154 = ADVANCED_FACE('',(#1155),#1166,.F.);
#1155 = FACE_BOUND('',#1156,.F.);
#1156 = EDGE_LOOP('',(#1157,#1163,#1164,#1165));
#1157 = ORIENTED_EDGE('',*,*,#1158,.F.);
#1158 = EDGE_CURVE('',#667,#415,#1159,.T.);
#1159 = LINE('',#1160,#1161);
#1160 = CARTESIAN_POINT('',(1.419515172443E+03,-3.25,-17.));
#1161 = VECTOR('',#1162,1.);
#1162 = DIRECTION('',(-0.5,0.,-0.866025403784));
#1163 = ORIENTED_EDGE('',*,*,#674,.F.);
#1164 = ORIENTED_EDGE('',*,*,#1141,.T.);
#1165 = ORIENTED_EDGE('',*,*,#422,.T.);
#1166 = PLANE('',#1167);
#1167 = AXIS2_PLACEMENT_3D('',#1168,#1169,#1170);
#1168 = CARTESIAN_POINT('',(1.419515172443E+03,-3.25,-17.));
#1169 = DIRECTION('',(-0.866025403784,0.,0.5));
#1170 = DIRECTION('',(-0.5,0.,-0.866025403784));
#1171 = ADVANCED_FACE('',(#1172),#1178,.F.);
#1172 = FACE_BOUND('',#1173,.F.);
#1173 = EDGE_LOOP('',(#1174,#1175,#1176,#1177));
#1174 = ORIENTED_EDGE('',*,*,#1158,.T.);
#1175 = ORIENTED_EDGE('',*,*,#414,.T.);
#1176 = ORIENTED_EDGE('',*,*,#1119,.T.);
#1177 = ORIENTED_EDGE('',*,*,#666,.F.);
#1178 = PLANE('',#1179);
#1179 = AXIS2_PLACEMENT_3D('',#1180,#1181,#1182);
#1180 = CARTESIAN_POINT('',(1.425577350269E+03,-3.25,-19.));
#1181 = DIRECTION('',(-0.,-1.,-0.));
#1182 = DIRECTION('',(0.,0.,-1.));
#1183 = ( GEOMETRIC_REPRESENTATION_CONTEXT(3) 
GLOBAL_UNCERTAINTY_ASSIGNED_CONTEXT((#1187)) 
GLOBAL_UNIT_ASSIGNED_CONTEXT((#1184,#1185,#1186)) REPRESENTATION_CONTEXT
('Context #1','3D Context with UNIT and UNCERTAINTY') );
#1184 = ( LENGTH_UNIT() NAMED_UNIT(*) SI_UNIT(.MILLI.,.METRE.) );
#1185 = ( NAMED_UNIT(*) PLANE_ANGLE_UNIT() SI_UNIT($,.RADIAN.) );
#1186 = ( NAMED_UNIT(*) SI_UNIT($,.STERADIAN.) SOLID_ANGLE_UNIT() );
#1187 = UNCERTAINTY_MEASURE_WITH_UNIT(LENGTH_MEASURE(2.E-07),#1184,
  'distance_accuracy_value','confusion accuracy');
#1188 = CONTEXT_DEPENDENT_SHAPE_REPRESENTATION(#1189,#1191);
#1189 = ( REPRESENTATION_RELATIONSHIP('','',#80,#10) 
REPRESENTATION_RELATIONSHIP_WITH_TRANSFORMATION(#1190) 
SHAPE_REPRESENTATION_RELATIONSHIP() );
#1190 = ITEM_DEFINED_TRANSFORMATION('','',#11,#15);
#1191 = PRODUCT_DEFINITION_SHAPE('Placement','Placement of an item',
  #1192);
#1192 = NEXT_ASSEMBLY_USAGE_OCCURRENCE('128','Madlo jekl 40x40x2','',#5,
  #75,$);
#1193 = PRODUCT_RELATED_PRODUCT_CATEGORY('part',$,(#77));
#1194 = SHAPE_DEFINITION_REPRESENTATION(#1195,#1201);
#1195 = PRODUCT_DEFINITION_SHAPE('','',#1196);
#1196 = PRODUCT_DEFINITION('design','',#1197,#1200);
#1197 = PRODUCT_DEFINITION_FORMATION('','',#1198);
#1198 = PRODUCT('Motiv 01','Motiv 01','',(#1199));
#1199 = PRODUCT_CONTEXT('',#2,'mechanical');
#1200 = PRODUCT_DEFINITION_CONTEXT('part definition',#2,'design');
#1201 = ADVANCED_BREP_SHAPE_REPRESENTATION('',(#11,#1202),#2152);
#1202 = MANIFOLD_SOLID_BREP('',#1203);
#1203 = CLOSED_SHELL('',(#1204,#1244,#1275,#1306,#1337,#1368,#1399,#1430
    ,#1461,#1492,#1523,#1554,#1576,#1728,#1759,#1783,#1807,#1831,#1855,
    #1879,#1910,#1934,#1958,#1982,#1999,#2030,#2054,#2078,#2095,#2140));
#1204 = ADVANCED_FACE('',(#1205),#1239,.F.);
#1205 = FACE_BOUND('',#1206,.T.);
#1206 = EDGE_LOOP('',(#1207,#1217,#1225,#1233));
#1207 = ORIENTED_EDGE('',*,*,#1208,.T.);
#1208 = EDGE_CURVE('',#1209,#1211,#1213,.T.);
#1209 = VERTEX_POINT('',#1210);
#1210 = CARTESIAN_POINT('',(96.554445662277,-3.,183.27350269189));
#1211 = VERTEX_POINT('',#1212);
#1212 = CARTESIAN_POINT('',(96.554445662277,-3.,823.27350269189));
#1213 = LINE('',#1214,#1215);
#1214 = CARTESIAN_POINT('',(96.554445662277,-3.,183.27350269189));
#1215 = VECTOR('',#1216,1.);
#1216 = DIRECTION('',(0.,0.,1.));
#1217 = ORIENTED_EDGE('',*,*,#1218,.T.);
#1218 = EDGE_CURVE('',#1211,#1219,#1221,.T.);
#1219 = VERTEX_POINT('',#1220);
#1220 = CARTESIAN_POINT('',(96.554445662277,3.,823.27350269189));
#1221 = LINE('',#1222,#1223);
#1222 = CARTESIAN_POINT('',(96.554445662277,-3.,823.27350269189));
#1223 = VECTOR('',#1224,1.);
#1224 = DIRECTION('',(-0.,1.,0.));
#1225 = ORIENTED_EDGE('',*,*,#1226,.F.);
#1226 = EDGE_CURVE('',#1227,#1219,#1229,.T.);
#1227 = VERTEX_POINT('',#1228);
#1228 = CARTESIAN_POINT('',(96.554445662277,3.,183.27350269189));
#1229 = LINE('',#1230,#1231);
#1230 = CARTESIAN_POINT('',(96.554445662277,3.,183.27350269189));
#1231 = VECTOR('',#1232,1.);
#1232 = DIRECTION('',(0.,0.,1.));
#1233 = ORIENTED_EDGE('',*,*,#1234,.F.);
#1234 = EDGE_CURVE('',#1209,#1227,#1235,.T.);
#1235 = LINE('',#1236,#1237);
#1236 = CARTESIAN_POINT('',(96.554445662277,-3.,183.27350269189));
#1237 = VECTOR('',#1238,1.);
#1238 = DIRECTION('',(-0.,1.,0.));
#1239 = PLANE('',#1240);
#1240 = AXIS2_PLACEMENT_3D('',#1241,#1242,#1243);
#1241 = CARTESIAN_POINT('',(96.554445662277,-3.,183.27350269189));
#1242 = DIRECTION('',(1.,0.,-0.));
#1243 = DIRECTION('',(0.,0.,1.));
#1244 = ADVANCED_FACE('',(#1245),#1270,.T.);
#1245 = FACE_BOUND('',#1246,.T.);
#1246 = EDGE_LOOP('',(#1247,#1248,#1256,#1264));
#1247 = ORIENTED_EDGE('',*,*,#1218,.F.);
#1248 = ORIENTED_EDGE('',*,*,#1249,.T.);
#1249 = EDGE_CURVE('',#1211,#1250,#1252,.T.);
#1250 = VERTEX_POINT('',#1251);
#1251 = CARTESIAN_POINT('',(155.55444566227,-3.,823.27350269189));
#1252 = LINE('',#1253,#1254);
#1253 = CARTESIAN_POINT('',(96.554445662277,-3.,823.27350269189));
#1254 = VECTOR('',#1255,1.);
#1255 = DIRECTION('',(1.,0.,-0.));
#1256 = ORIENTED_EDGE('',*,*,#1257,.F.);
#1257 = EDGE_CURVE('',#1258,#1250,#1260,.T.);
#1258 = VERTEX_POINT('',#1259);
#1259 = CARTESIAN_POINT('',(155.55444566227,3.,823.27350269189));
#1260 = LINE('',#1261,#1262);
#1261 = CARTESIAN_POINT('',(155.55444566227,-1.5,823.27350269189));
#1262 = VECTOR('',#1263,1.);
#1263 = DIRECTION('',(0.,-1.,0.));
#1264 = ORIENTED_EDGE('',*,*,#1265,.F.);
#1265 = EDGE_CURVE('',#1219,#1258,#1266,.T.);
#1266 = LINE('',#1267,#1268);
#1267 = CARTESIAN_POINT('',(214.55444566227,3.,823.27350269189));
#1268 = VECTOR('',#1269,1.);
#1269 = DIRECTION('',(1.,0.,-0.));
#1270 = PLANE('',#1271);
#1271 = AXIS2_PLACEMENT_3D('',#1272,#1273,#1274);
#1272 = CARTESIAN_POINT('',(161.55444566227,0.,823.27350269189));
#1273 = DIRECTION('',(0.,0.,1.));
#1274 = DIRECTION('',(1.,0.,-0.));
#1275 = ADVANCED_FACE('',(#1276),#1301,.T.);
#1276 = FACE_BOUND('',#1277,.T.);
#1277 = EDGE_LOOP('',(#1278,#1286,#1287,#1295));
#1278 = ORIENTED_EDGE('',*,*,#1279,.F.);
#1279 = EDGE_CURVE('',#1209,#1280,#1282,.T.);
#1280 = VERTEX_POINT('',#1281);
#1281 = CARTESIAN_POINT('',(155.55444566227,-3.,183.27350269189));
#1282 = LINE('',#1283,#1284);
#1283 = CARTESIAN_POINT('',(214.55444566227,-3.,183.27350269189));
#1284 = VECTOR('',#1285,1.);
#1285 = DIRECTION('',(1.,0.,-0.));
#1286 = ORIENTED_EDGE('',*,*,#1234,.T.);
#1287 = ORIENTED_EDGE('',*,*,#1288,.T.);
#1288 = EDGE_CURVE('',#1227,#1289,#1291,.T.);
#1289 = VERTEX_POINT('',#1290);
#1290 = CARTESIAN_POINT('',(155.55444566227,3.,183.27350269189));
#1291 = LINE('',#1292,#1293);
#1292 = CARTESIAN_POINT('',(96.554445662277,3.,183.27350269189));
#1293 = VECTOR('',#1294,1.);
#1294 = DIRECTION('',(1.,0.,-0.));
#1295 = ORIENTED_EDGE('',*,*,#1296,.T.);
#1296 = EDGE_CURVE('',#1289,#1280,#1297,.T.);
#1297 = LINE('',#1298,#1299);
#1298 = CARTESIAN_POINT('',(155.55444566227,-1.5,183.27350269189));
#1299 = VECTOR('',#1300,1.);
#1300 = DIRECTION('',(0.,-1.,0.));
#1301 = PLANE('',#1302);
#1302 = AXIS2_PLACEMENT_3D('',#1303,#1304,#1305);
#1303 = CARTESIAN_POINT('',(161.55444566227,0.,183.27350269189));
#1304 = DIRECTION('',(-0.,-0.,-1.));
#1305 = DIRECTION('',(-1.,0.,0.));
#1306 = ADVANCED_FACE('',(#1307),#1332,.T.);
#1307 = FACE_BOUND('',#1308,.T.);
#1308 = EDGE_LOOP('',(#1309,#1317,#1325,#1331));
#1309 = ORIENTED_EDGE('',*,*,#1310,.F.);
#1310 = EDGE_CURVE('',#1311,#1250,#1313,.T.);
#1311 = VERTEX_POINT('',#1312);
#1312 = CARTESIAN_POINT('',(155.55444566227,-3.,1.053621379542E+03));
#1313 = LINE('',#1314,#1315);
#1314 = CARTESIAN_POINT('',(155.55444566227,-3.,1.053621379542E+03));
#1315 = VECTOR('',#1316,1.);
#1316 = DIRECTION('',(0.,0.,-1.));
#1317 = ORIENTED_EDGE('',*,*,#1318,.T.);
#1318 = EDGE_CURVE('',#1311,#1319,#1321,.T.);
#1319 = VERTEX_POINT('',#1320);
#1320 = CARTESIAN_POINT('',(155.55444566227,3.,1.053621379542E+03));
#1321 = LINE('',#1322,#1323);
#1322 = CARTESIAN_POINT('',(155.55444566227,-3.,1.053621379542E+03));
#1323 = VECTOR('',#1324,1.);
#1324 = DIRECTION('',(0.,1.,0.));
#1325 = ORIENTED_EDGE('',*,*,#1326,.T.);
#1326 = EDGE_CURVE('',#1319,#1258,#1327,.T.);
#1327 = LINE('',#1328,#1329);
#1328 = CARTESIAN_POINT('',(155.55444566227,3.,1.053621379542E+03));
#1329 = VECTOR('',#1330,1.);
#1330 = DIRECTION('',(0.,0.,-1.));
#1331 = ORIENTED_EDGE('',*,*,#1257,.T.);
#1332 = PLANE('',#1333);
#1333 = AXIS2_PLACEMENT_3D('',#1334,#1335,#1336);
#1334 = CARTESIAN_POINT('',(155.55444566227,-3.,1.053621379542E+03));
#1335 = DIRECTION('',(-1.,0.,0.));
#1336 = DIRECTION('',(0.,0.,-1.));
#1337 = ADVANCED_FACE('',(#1338),#1363,.F.);
#1338 = FACE_BOUND('',#1339,.F.);
#1339 = EDGE_LOOP('',(#1340,#1348,#1356,#1362));
#1340 = ORIENTED_EDGE('',*,*,#1341,.F.);
#1341 = EDGE_CURVE('',#1342,#1280,#1344,.T.);
#1342 = VERTEX_POINT('',#1343);
#1343 = CARTESIAN_POINT('',(155.55444566227,-3.,93.273502691896));
#1344 = LINE('',#1345,#1346);
#1345 = CARTESIAN_POINT('',(155.55444566227,-3.,93.273502691896));
#1346 = VECTOR('',#1347,1.);
#1347 = DIRECTION('',(0.,0.,1.));
#1348 = ORIENTED_EDGE('',*,*,#1349,.T.);
#1349 = EDGE_CURVE('',#1342,#1350,#1352,.T.);
#1350 = VERTEX_POINT('',#1351);
#1351 = CARTESIAN_POINT('',(155.55444566227,3.,93.273502691896));
#1352 = LINE('',#1353,#1354);
#1353 = CARTESIAN_POINT('',(155.55444566227,-3.,93.273502691896));
#1354 = VECTOR('',#1355,1.);
#1355 = DIRECTION('',(-0.,1.,0.));
#1356 = ORIENTED_EDGE('',*,*,#1357,.T.);
#1357 = EDGE_CURVE('',#1350,#1289,#1358,.T.);
#1358 = LINE('',#1359,#1360);
#1359 = CARTESIAN_POINT('',(155.55444566227,3.,93.273502691896));
#1360 = VECTOR('',#1361,1.);
#1361 = DIRECTION('',(0.,0.,1.));
#1362 = ORIENTED_EDGE('',*,*,#1296,.T.);
#1363 = PLANE('',#1364);
#1364 = AXIS2_PLACEMENT_3D('',#1365,#1366,#1367);
#1365 = CARTESIAN_POINT('',(155.55444566227,-3.,93.273502691896));
#1366 = DIRECTION('',(1.,0.,-0.));
#1367 = DIRECTION('',(0.,0.,1.));
#1368 = ADVANCED_FACE('',(#1369),#1394,.T.);
#1369 = FACE_BOUND('',#1370,.T.);
#1370 = EDGE_LOOP('',(#1371,#1381,#1387,#1388));
#1371 = ORIENTED_EDGE('',*,*,#1372,.T.);
#1372 = EDGE_CURVE('',#1373,#1375,#1377,.T.);
#1373 = VERTEX_POINT('',#1374);
#1374 = CARTESIAN_POINT('',(167.55444566227,-3.,1.060549582772E+03));
#1375 = VERTEX_POINT('',#1376);
#1376 = CARTESIAN_POINT('',(167.55444566227,3.,1.060549582772E+03));
#1377 = LINE('',#1378,#1379);
#1378 = CARTESIAN_POINT('',(167.55444566227,-3.,1.060549582772E+03));
#1379 = VECTOR('',#1380,1.);
#1380 = DIRECTION('',(0.,1.,0.));
#1381 = ORIENTED_EDGE('',*,*,#1382,.T.);
#1382 = EDGE_CURVE('',#1375,#1319,#1383,.T.);
#1383 = LINE('',#1384,#1385);
#1384 = CARTESIAN_POINT('',(167.55444566227,3.,1.060549582772E+03));
#1385 = VECTOR('',#1386,1.);
#1386 = DIRECTION('',(-0.866025403784,0.,-0.5));
#1387 = ORIENTED_EDGE('',*,*,#1318,.F.);
#1388 = ORIENTED_EDGE('',*,*,#1389,.F.);
#1389 = EDGE_CURVE('',#1373,#1311,#1390,.T.);
#1390 = LINE('',#1391,#1392);
#1391 = CARTESIAN_POINT('',(167.55444566227,-3.,1.060549582772E+03));
#1392 = VECTOR('',#1393,1.);
#1393 = DIRECTION('',(-0.866025403784,0.,-0.5));
#1394 = PLANE('',#1395);
#1395 = AXIS2_PLACEMENT_3D('',#1396,#1397,#1398);
#1396 = CARTESIAN_POINT('',(167.55444566227,-3.,1.060549582772E+03));
#1397 = DIRECTION('',(-0.5,0.,0.866025403784));
#1398 = DIRECTION('',(-0.866025403784,0.,-0.5));
#1399 = ADVANCED_FACE('',(#1400),#1425,.F.);
#1400 = FACE_BOUND('',#1401,.F.);
#1401 = EDGE_LOOP('',(#1402,#1403,#1411,#1419));
#1402 = ORIENTED_EDGE('',*,*,#1349,.F.);
#1403 = ORIENTED_EDGE('',*,*,#1404,.T.);
#1404 = EDGE_CURVE('',#1342,#1405,#1407,.T.);
#1405 = VERTEX_POINT('',#1406);
#1406 = CARTESIAN_POINT('',(167.55444566227,-3.,93.273502691896));
#1407 = LINE('',#1408,#1409);
#1408 = CARTESIAN_POINT('',(155.55444566227,-3.,93.273502691896));
#1409 = VECTOR('',#1410,1.);
#1410 = DIRECTION('',(1.,0.,-0.));
#1411 = ORIENTED_EDGE('',*,*,#1412,.T.);
#1412 = EDGE_CURVE('',#1405,#1413,#1415,.T.);
#1413 = VERTEX_POINT('',#1414);
#1414 = CARTESIAN_POINT('',(167.55444566227,3.,93.273502691896));
#1415 = LINE('',#1416,#1417);
#1416 = CARTESIAN_POINT('',(167.55444566227,-3.,93.273502691896));
#1417 = VECTOR('',#1418,1.);
#1418 = DIRECTION('',(-0.,1.,0.));
#1419 = ORIENTED_EDGE('',*,*,#1420,.F.);
#1420 = EDGE_CURVE('',#1350,#1413,#1421,.T.);
#1421 = LINE('',#1422,#1423);
#1422 = CARTESIAN_POINT('',(155.55444566227,3.,93.273502691896));
#1423 = VECTOR('',#1424,1.);
#1424 = DIRECTION('',(1.,0.,-0.));
#1425 = PLANE('',#1426);
#1426 = AXIS2_PLACEMENT_3D('',#1427,#1428,#1429);
#1427 = CARTESIAN_POINT('',(155.55444566227,-3.,93.273502691896));
#1428 = DIRECTION('',(0.,0.,1.));
#1429 = DIRECTION('',(1.,0.,-0.));
#1430 = ADVANCED_FACE('',(#1431),#1456,.T.);
#1431 = FACE_BOUND('',#1432,.T.);
#1432 = EDGE_LOOP('',(#1433,#1441,#1449,#1455));
#1433 = ORIENTED_EDGE('',*,*,#1434,.F.);
#1434 = EDGE_CURVE('',#1435,#1373,#1437,.T.);
#1435 = VERTEX_POINT('',#1436);
#1436 = CARTESIAN_POINT('',(167.55444566227,-3.,823.27350269189));
#1437 = LINE('',#1438,#1439);
#1438 = CARTESIAN_POINT('',(167.55444566227,-3.,811.27350269189));
#1439 = VECTOR('',#1440,1.);
#1440 = DIRECTION('',(0.,0.,1.));
#1441 = ORIENTED_EDGE('',*,*,#1442,.T.);
#1442 = EDGE_CURVE('',#1435,#1443,#1445,.T.);
#1443 = VERTEX_POINT('',#1444);
#1444 = CARTESIAN_POINT('',(167.55444566227,3.,823.27350269189));
#1445 = LINE('',#1446,#1447);
#1446 = CARTESIAN_POINT('',(167.55444566227,-1.5,823.27350269189));
#1447 = VECTOR('',#1448,1.);
#1448 = DIRECTION('',(0.,1.,0.));
#1449 = ORIENTED_EDGE('',*,*,#1450,.T.);
#1450 = EDGE_CURVE('',#1443,#1375,#1451,.T.);
#1451 = LINE('',#1452,#1453);
#1452 = CARTESIAN_POINT('',(167.55444566227,3.,811.27350269189));
#1453 = VECTOR('',#1454,1.);
#1454 = DIRECTION('',(0.,0.,1.));
#1455 = ORIENTED_EDGE('',*,*,#1372,.F.);
#1456 = PLANE('',#1457);
#1457 = AXIS2_PLACEMENT_3D('',#1458,#1459,#1460);
#1458 = CARTESIAN_POINT('',(167.55444566227,-3.,811.27350269189));
#1459 = DIRECTION('',(1.,0.,0.));
#1460 = DIRECTION('',(0.,0.,1.));
#1461 = ADVANCED_FACE('',(#1462),#1487,.T.);
#1462 = FACE_BOUND('',#1463,.T.);
#1463 = EDGE_LOOP('',(#1464,#1465,#1473,#1481));
#1464 = ORIENTED_EDGE('',*,*,#1442,.F.);
#1465 = ORIENTED_EDGE('',*,*,#1466,.T.);
#1466 = EDGE_CURVE('',#1435,#1467,#1469,.T.);
#1467 = VERTEX_POINT('',#1468);
#1468 = CARTESIAN_POINT('',(226.55444566227,-3.,823.27350269189));
#1469 = LINE('',#1470,#1471);
#1470 = CARTESIAN_POINT('',(96.554445662277,-3.,823.27350269189));
#1471 = VECTOR('',#1472,1.);
#1472 = DIRECTION('',(1.,0.,-0.));
#1473 = ORIENTED_EDGE('',*,*,#1474,.T.);
#1474 = EDGE_CURVE('',#1467,#1475,#1477,.T.);
#1475 = VERTEX_POINT('',#1476);
#1476 = CARTESIAN_POINT('',(226.55444566227,3.,823.27350269189));
#1477 = LINE('',#1478,#1479);
#1478 = CARTESIAN_POINT('',(226.55444566227,-3.,823.27350269189));
#1479 = VECTOR('',#1480,1.);
#1480 = DIRECTION('',(-0.,1.,0.));
#1481 = ORIENTED_EDGE('',*,*,#1482,.F.);
#1482 = EDGE_CURVE('',#1443,#1475,#1483,.T.);
#1483 = LINE('',#1484,#1485);
#1484 = CARTESIAN_POINT('',(214.55444566227,3.,823.27350269189));
#1485 = VECTOR('',#1486,1.);
#1486 = DIRECTION('',(1.,0.,-0.));
#1487 = PLANE('',#1488);
#1488 = AXIS2_PLACEMENT_3D('',#1489,#1490,#1491);
#1489 = CARTESIAN_POINT('',(161.55444566227,0.,823.27350269189));
#1490 = DIRECTION('',(0.,0.,1.));
#1491 = DIRECTION('',(1.,0.,-0.));
#1492 = ADVANCED_FACE('',(#1493),#1518,.T.);
#1493 = FACE_BOUND('',#1494,.T.);
#1494 = EDGE_LOOP('',(#1495,#1505,#1511,#1512));
#1495 = ORIENTED_EDGE('',*,*,#1496,.T.);
#1496 = EDGE_CURVE('',#1497,#1499,#1501,.T.);
#1497 = VERTEX_POINT('',#1498);
#1498 = CARTESIAN_POINT('',(226.55444566227,-3.,183.27350269189));
#1499 = VERTEX_POINT('',#1500);
#1500 = CARTESIAN_POINT('',(226.55444566227,3.,183.27350269189));
#1501 = LINE('',#1502,#1503);
#1502 = CARTESIAN_POINT('',(226.55444566227,-3.,183.27350269189));
#1503 = VECTOR('',#1504,1.);
#1504 = DIRECTION('',(-0.,1.,0.));
#1505 = ORIENTED_EDGE('',*,*,#1506,.T.);
#1506 = EDGE_CURVE('',#1499,#1475,#1507,.T.);
#1507 = LINE('',#1508,#1509);
#1508 = CARTESIAN_POINT('',(226.55444566227,3.,183.27350269189));
#1509 = VECTOR('',#1510,1.);
#1510 = DIRECTION('',(0.,0.,1.));
#1511 = ORIENTED_EDGE('',*,*,#1474,.F.);
#1512 = ORIENTED_EDGE('',*,*,#1513,.F.);
#1513 = EDGE_CURVE('',#1497,#1467,#1514,.T.);
#1514 = LINE('',#1515,#1516);
#1515 = CARTESIAN_POINT('',(226.55444566227,-3.,183.27350269189));
#1516 = VECTOR('',#1517,1.);
#1517 = DIRECTION('',(0.,0.,1.));
#1518 = PLANE('',#1519);
#1519 = AXIS2_PLACEMENT_3D('',#1520,#1521,#1522);
#1520 = CARTESIAN_POINT('',(226.55444566227,-3.,183.27350269189));
#1521 = DIRECTION('',(1.,0.,-0.));
#1522 = DIRECTION('',(0.,0.,1.));
#1523 = ADVANCED_FACE('',(#1524),#1549,.T.);
#1524 = FACE_BOUND('',#1525,.T.);
#1525 = EDGE_LOOP('',(#1526,#1534,#1542,#1548));
#1526 = ORIENTED_EDGE('',*,*,#1527,.F.);
#1527 = EDGE_CURVE('',#1528,#1497,#1530,.T.);
#1528 = VERTEX_POINT('',#1529);
#1529 = CARTESIAN_POINT('',(167.55444566227,-3.,183.27350269189));
#1530 = LINE('',#1531,#1532);
#1531 = CARTESIAN_POINT('',(214.55444566227,-3.,183.27350269189));
#1532 = VECTOR('',#1533,1.);
#1533 = DIRECTION('',(1.,0.,-0.));
#1534 = ORIENTED_EDGE('',*,*,#1535,.F.);
#1535 = EDGE_CURVE('',#1536,#1528,#1538,.T.);
#1536 = VERTEX_POINT('',#1537);
#1537 = CARTESIAN_POINT('',(167.55444566227,3.,183.27350269189));
#1538 = LINE('',#1539,#1540);
#1539 = CARTESIAN_POINT('',(167.55444566227,-1.5,183.27350269189));
#1540 = VECTOR('',#1541,1.);
#1541 = DIRECTION('',(0.,-1.,0.));
#1542 = ORIENTED_EDGE('',*,*,#1543,.T.);
#1543 = EDGE_CURVE('',#1536,#1499,#1544,.T.);
#1544 = LINE('',#1545,#1546);
#1545 = CARTESIAN_POINT('',(96.554445662277,3.,183.27350269189));
#1546 = VECTOR('',#1547,1.);
#1547 = DIRECTION('',(1.,0.,-0.));
#1548 = ORIENTED_EDGE('',*,*,#1496,.F.);
#1549 = PLANE('',#1550);
#1550 = AXIS2_PLACEMENT_3D('',#1551,#1552,#1553);
#1551 = CARTESIAN_POINT('',(161.55444566227,0.,183.27350269189));
#1552 = DIRECTION('',(-0.,-0.,-1.));
#1553 = DIRECTION('',(-1.,0.,0.));
#1554 = ADVANCED_FACE('',(#1555),#1571,.T.);
#1555 = FACE_BOUND('',#1556,.T.);
#1556 = EDGE_LOOP('',(#1557,#1563,#1564,#1570));
#1557 = ORIENTED_EDGE('',*,*,#1558,.F.);
#1558 = EDGE_CURVE('',#1405,#1528,#1559,.T.);
#1559 = LINE('',#1560,#1561);
#1560 = CARTESIAN_POINT('',(167.55444566227,-3.,93.273502691896));
#1561 = VECTOR('',#1562,1.);
#1562 = DIRECTION('',(0.,0.,1.));
#1563 = ORIENTED_EDGE('',*,*,#1412,.T.);
#1564 = ORIENTED_EDGE('',*,*,#1565,.T.);
#1565 = EDGE_CURVE('',#1413,#1536,#1566,.T.);
#1566 = LINE('',#1567,#1568);
#1567 = CARTESIAN_POINT('',(167.55444566227,3.,93.273502691896));
#1568 = VECTOR('',#1569,1.);
#1569 = DIRECTION('',(0.,0.,1.));
#1570 = ORIENTED_EDGE('',*,*,#1535,.T.);
#1571 = PLANE('',#1572);
#1572 = AXIS2_PLACEMENT_3D('',#1573,#1574,#1575);
#1573 = CARTESIAN_POINT('',(167.55444566227,-3.,93.273502691896));
#1574 = DIRECTION('',(1.,0.,-0.));
#1575 = DIRECTION('',(0.,0.,1.));
#1576 = ADVANCED_FACE('',(#1577,#1591,#1689),#1723,.T.);
#1577 = FACE_BOUND('',#1578,.T.);
#1578 = EDGE_LOOP('',(#1579,#1580,#1581,#1582,#1583,#1584,#1585,#1586,
    #1587,#1588,#1589,#1590));
#1579 = ORIENTED_EDGE('',*,*,#1208,.F.);
#1580 = ORIENTED_EDGE('',*,*,#1279,.T.);
#1581 = ORIENTED_EDGE('',*,*,#1341,.F.);
#1582 = ORIENTED_EDGE('',*,*,#1404,.T.);
#1583 = ORIENTED_EDGE('',*,*,#1558,.T.);
#1584 = ORIENTED_EDGE('',*,*,#1527,.T.);
#1585 = ORIENTED_EDGE('',*,*,#1513,.T.);
#1586 = ORIENTED_EDGE('',*,*,#1466,.F.);
#1587 = ORIENTED_EDGE('',*,*,#1434,.T.);
#1588 = ORIENTED_EDGE('',*,*,#1389,.T.);
#1589 = ORIENTED_EDGE('',*,*,#1310,.T.);
#1590 = ORIENTED_EDGE('',*,*,#1249,.F.);
#1591 = FACE_BOUND('',#1592,.T.);
#1592 = EDGE_LOOP('',(#1593,#1603,#1611,#1619,#1627,#1635,#1643,#1651,
    #1659,#1667,#1675,#1683));
#1593 = ORIENTED_EDGE('',*,*,#1594,.T.);
#1594 = EDGE_CURVE('',#1595,#1597,#1599,.T.);
#1595 = VERTEX_POINT('',#1596);
#1596 = CARTESIAN_POINT('',(108.55444566227,-3.,811.27350269189));
#1597 = VERTEX_POINT('',#1598);
#1598 = CARTESIAN_POINT('',(214.55444566227,-3.,811.27350269189));
#1599 = LINE('',#1600,#1601);
#1600 = CARTESIAN_POINT('',(96.554445662277,-3.,811.27350269189));
#1601 = VECTOR('',#1602,1.);
#1602 = DIRECTION('',(1.,0.,-0.));
#1603 = ORIENTED_EDGE('',*,*,#1604,.F.);
#1604 = EDGE_CURVE('',#1605,#1597,#1607,.T.);
#1605 = VERTEX_POINT('',#1606);
#1606 = CARTESIAN_POINT('',(214.55444566227,-3.,195.27350269189));
#1607 = LINE('',#1608,#1609);
#1608 = CARTESIAN_POINT('',(214.55444566227,-3.,183.27350269189));
#1609 = VECTOR('',#1610,1.);
#1610 = DIRECTION('',(0.,0.,1.));
#1611 = ORIENTED_EDGE('',*,*,#1612,.F.);
#1612 = EDGE_CURVE('',#1613,#1605,#1615,.T.);
#1613 = VERTEX_POINT('',#1614);
#1614 = CARTESIAN_POINT('',(167.55444566227,-3.,195.27350269189));
#1615 = LINE('',#1616,#1617);
#1616 = CARTESIAN_POINT('',(96.554445662277,-3.,195.27350269189));
#1617 = VECTOR('',#1618,1.);
#1618 = DIRECTION('',(1.,0.,-0.));
#1619 = ORIENTED_EDGE('',*,*,#1620,.T.);
#1620 = EDGE_CURVE('',#1613,#1621,#1623,.T.);
#1621 = VERTEX_POINT('',#1622);
#1622 = CARTESIAN_POINT('',(167.55444566227,-3.,253.27350269189));
#1623 = LINE('',#1624,#1625);
#1624 = CARTESIAN_POINT('',(167.55444566227,-3.,195.27350269189));
#1625 = VECTOR('',#1626,1.);
#1626 = DIRECTION('',(0.,0.,1.));
#1627 = ORIENTED_EDGE('',*,*,#1628,.T.);
#1628 = EDGE_CURVE('',#1621,#1629,#1631,.T.);
#1629 = VERTEX_POINT('',#1630);
#1630 = CARTESIAN_POINT('',(191.55444566227,-3.,253.27350269189));
#1631 = LINE('',#1632,#1633);
#1632 = CARTESIAN_POINT('',(179.55444566227,-3.,253.27350269189));
#1633 = VECTOR('',#1634,1.);
#1634 = DIRECTION('',(1.,0.,-0.));
#1635 = ORIENTED_EDGE('',*,*,#1636,.T.);
#1636 = EDGE_CURVE('',#1629,#1637,#1639,.T.);
#1637 = VERTEX_POINT('',#1638);
#1638 = CARTESIAN_POINT('',(191.55444566227,-3.,753.27350269189));
#1639 = LINE('',#1640,#1641);
#1640 = CARTESIAN_POINT('',(191.55444566227,-3.,253.27350269189));
#1641 = VECTOR('',#1642,1.);
#1642 = DIRECTION('',(0.,0.,1.));
#1643 = ORIENTED_EDGE('',*,*,#1644,.F.);
#1644 = EDGE_CURVE('',#1645,#1637,#1647,.T.);
#1645 = VERTEX_POINT('',#1646);
#1646 = CARTESIAN_POINT('',(131.55444566227,-3.,753.27350269189));
#1647 = LINE('',#1648,#1649);
#1648 = CARTESIAN_POINT('',(131.55444566227,-3.,753.27350269189));
#1649 = VECTOR('',#1650,1.);
#1650 = DIRECTION('',(1.,0.,-0.));
#1651 = ORIENTED_EDGE('',*,*,#1652,.F.);
#1652 = EDGE_CURVE('',#1653,#1645,#1655,.T.);
#1653 = VERTEX_POINT('',#1654);
#1654 = CARTESIAN_POINT('',(131.55444566227,-3.,253.27350269189));
#1655 = LINE('',#1656,#1657);
#1656 = CARTESIAN_POINT('',(131.55444566227,-3.,253.27350269189));
#1657 = VECTOR('',#1658,1.);
#1658 = DIRECTION('',(0.,0.,1.));
#1659 = ORIENTED_EDGE('',*,*,#1660,.T.);
#1660 = EDGE_CURVE('',#1653,#1661,#1663,.T.);
#1661 = VERTEX_POINT('',#1662);
#1662 = CARTESIAN_POINT('',(155.55444566227,-3.,253.27350269189));
#1663 = LINE('',#1664,#1665);
#1664 = CARTESIAN_POINT('',(179.55444566227,-3.,253.27350269189));
#1665 = VECTOR('',#1666,1.);
#1666 = DIRECTION('',(1.,0.,-0.));
#1667 = ORIENTED_EDGE('',*,*,#1668,.F.);
#1668 = EDGE_CURVE('',#1669,#1661,#1671,.T.);
#1669 = VERTEX_POINT('',#1670);
#1670 = CARTESIAN_POINT('',(155.55444566227,-3.,195.27350269189));
#1671 = LINE('',#1672,#1673);
#1672 = CARTESIAN_POINT('',(155.55444566227,-3.,195.27350269189));
#1673 = VECTOR('',#1674,1.);
#1674 = DIRECTION('',(0.,0.,1.));
#1675 = ORIENTED_EDGE('',*,*,#1676,.F.);
#1676 = EDGE_CURVE('',#1677,#1669,#1679,.T.);
#1677 = VERTEX_POINT('',#1678);
#1678 = CARTESIAN_POINT('',(108.55444566227,-3.,195.27350269189));
#1679 = LINE('',#1680,#1681);
#1680 = CARTESIAN_POINT('',(96.554445662277,-3.,195.27350269189));
#1681 = VECTOR('',#1682,1.);
#1682 = DIRECTION('',(1.,0.,-0.));
#1683 = ORIENTED_EDGE('',*,*,#1684,.T.);
#1684 = EDGE_CURVE('',#1677,#1595,#1685,.T.);
#1685 = LINE('',#1686,#1687);
#1686 = CARTESIAN_POINT('',(108.55444566227,-3.,183.27350269189));
#1687 = VECTOR('',#1688,1.);
#1688 = DIRECTION('',(0.,0.,1.));
#1689 = FACE_BOUND('',#1690,.T.);
#1690 = EDGE_LOOP('',(#1691,#1701,#1709,#1717));
#1691 = ORIENTED_EDGE('',*,*,#1692,.F.);
#1692 = EDGE_CURVE('',#1693,#1695,#1697,.T.);
#1693 = VERTEX_POINT('',#1694);
#1694 = CARTESIAN_POINT('',(143.55444566227,-3.,265.27350269189));
#1695 = VERTEX_POINT('',#1696);
#1696 = CARTESIAN_POINT('',(179.55444566227,-3.,265.27350269189));
#1697 = LINE('',#1698,#1699);
#1698 = CARTESIAN_POINT('',(131.55444566227,-3.,265.27350269189));
#1699 = VECTOR('',#1700,1.);
#1700 = DIRECTION('',(1.,0.,-0.));
#1701 = ORIENTED_EDGE('',*,*,#1702,.T.);
#1702 = EDGE_CURVE('',#1693,#1703,#1705,.T.);
#1703 = VERTEX_POINT('',#1704);
#1704 = CARTESIAN_POINT('',(143.55444566227,-3.,741.27350269189));
#1705 = LINE('',#1706,#1707);
#1706 = CARTESIAN_POINT('',(143.55444566227,-3.,253.27350269189));
#1707 = VECTOR('',#1708,1.);
#1708 = DIRECTION('',(0.,0.,1.));
#1709 = ORIENTED_EDGE('',*,*,#1710,.T.);
#1710 = EDGE_CURVE('',#1703,#1711,#1713,.T.);
#1711 = VERTEX_POINT('',#1712);
#1712 = CARTESIAN_POINT('',(179.55444566227,-3.,741.27350269189));
#1713 = LINE('',#1714,#1715);
#1714 = CARTESIAN_POINT('',(131.55444566227,-3.,741.27350269189));
#1715 = VECTOR('',#1716,1.);
#1716 = DIRECTION('',(1.,0.,-0.));
#1717 = ORIENTED_EDGE('',*,*,#1718,.F.);
#1718 = EDGE_CURVE('',#1695,#1711,#1719,.T.);
#1719 = LINE('',#1720,#1721);
#1720 = CARTESIAN_POINT('',(179.55444566227,-3.,253.27350269189));
#1721 = VECTOR('',#1722,1.);
#1722 = DIRECTION('',(0.,0.,1.));
#1723 = PLANE('',#1724);
#1724 = AXIS2_PLACEMENT_3D('',#1725,#1726,#1727);
#1725 = CARTESIAN_POINT('',(161.5734315459,-3.,567.84295658211));
#1726 = DIRECTION('',(-0.,-1.,-0.));
#1727 = DIRECTION('',(0.,0.,-1.));
#1728 = ADVANCED_FACE('',(#1729),#1754,.T.);
#1729 = FACE_BOUND('',#1730,.T.);
#1730 = EDGE_LOOP('',(#1731,#1732,#1740,#1748));
#1731 = ORIENTED_EDGE('',*,*,#1684,.F.);
#1732 = ORIENTED_EDGE('',*,*,#1733,.F.);
#1733 = EDGE_CURVE('',#1734,#1677,#1736,.T.);
#1734 = VERTEX_POINT('',#1735);
#1735 = CARTESIAN_POINT('',(108.55444566227,3.,195.27350269189));
#1736 = LINE('',#1737,#1738);
#1737 = CARTESIAN_POINT('',(108.55444566227,-3.,195.27350269189));
#1738 = VECTOR('',#1739,1.);
#1739 = DIRECTION('',(0.,-1.,0.));
#1740 = ORIENTED_EDGE('',*,*,#1741,.T.);
#1741 = EDGE_CURVE('',#1734,#1742,#1744,.T.);
#1742 = VERTEX_POINT('',#1743);
#1743 = CARTESIAN_POINT('',(108.55444566227,3.,811.27350269189));
#1744 = LINE('',#1745,#1746);
#1745 = CARTESIAN_POINT('',(108.55444566227,3.,183.27350269189));
#1746 = VECTOR('',#1747,1.);
#1747 = DIRECTION('',(0.,0.,1.));
#1748 = ORIENTED_EDGE('',*,*,#1749,.T.);
#1749 = EDGE_CURVE('',#1742,#1595,#1750,.T.);
#1750 = LINE('',#1751,#1752);
#1751 = CARTESIAN_POINT('',(108.55444566227,-3.,811.27350269189));
#1752 = VECTOR('',#1753,1.);
#1753 = DIRECTION('',(0.,-1.,0.));
#1754 = PLANE('',#1755);
#1755 = AXIS2_PLACEMENT_3D('',#1756,#1757,#1758);
#1756 = CARTESIAN_POINT('',(108.55444566227,-3.,183.27350269189));
#1757 = DIRECTION('',(1.,0.,-0.));
#1758 = DIRECTION('',(0.,0.,1.));
#1759 = ADVANCED_FACE('',(#1760),#1778,.T.);
#1760 = FACE_BOUND('',#1761,.T.);
#1761 = EDGE_LOOP('',(#1762,#1770,#1771,#1772));
#1762 = ORIENTED_EDGE('',*,*,#1763,.F.);
#1763 = EDGE_CURVE('',#1734,#1764,#1766,.T.);
#1764 = VERTEX_POINT('',#1765);
#1765 = CARTESIAN_POINT('',(155.55444566227,3.,195.27350269189));
#1766 = LINE('',#1767,#1768);
#1767 = CARTESIAN_POINT('',(96.554445662277,3.,195.27350269189));
#1768 = VECTOR('',#1769,1.);
#1769 = DIRECTION('',(1.,0.,-0.));
#1770 = ORIENTED_EDGE('',*,*,#1733,.T.);
#1771 = ORIENTED_EDGE('',*,*,#1676,.T.);
#1772 = ORIENTED_EDGE('',*,*,#1773,.T.);
#1773 = EDGE_CURVE('',#1669,#1764,#1774,.T.);
#1774 = LINE('',#1775,#1776);
#1775 = CARTESIAN_POINT('',(155.55444566227,-3.,195.27350269189));
#1776 = VECTOR('',#1777,1.);
#1777 = DIRECTION('',(-0.,1.,0.));
#1778 = PLANE('',#1779);
#1779 = AXIS2_PLACEMENT_3D('',#1780,#1781,#1782);
#1780 = CARTESIAN_POINT('',(96.554445662277,-3.,195.27350269189));
#1781 = DIRECTION('',(0.,0.,1.));
#1782 = DIRECTION('',(1.,0.,-0.));
#1783 = ADVANCED_FACE('',(#1784),#1802,.F.);
#1784 = FACE_BOUND('',#1785,.F.);
#1785 = EDGE_LOOP('',(#1786,#1787,#1788,#1796));
#1786 = ORIENTED_EDGE('',*,*,#1668,.F.);
#1787 = ORIENTED_EDGE('',*,*,#1773,.T.);
#1788 = ORIENTED_EDGE('',*,*,#1789,.T.);
#1789 = EDGE_CURVE('',#1764,#1790,#1792,.T.);
#1790 = VERTEX_POINT('',#1791);
#1791 = CARTESIAN_POINT('',(155.55444566227,3.,253.27350269189));
#1792 = LINE('',#1793,#1794);
#1793 = CARTESIAN_POINT('',(155.55444566227,3.,195.27350269189));
#1794 = VECTOR('',#1795,1.);
#1795 = DIRECTION('',(0.,0.,1.));
#1796 = ORIENTED_EDGE('',*,*,#1797,.F.);
#1797 = EDGE_CURVE('',#1661,#1790,#1798,.T.);
#1798 = LINE('',#1799,#1800);
#1799 = CARTESIAN_POINT('',(155.55444566227,-3.,253.27350269189));
#1800 = VECTOR('',#1801,1.);
#1801 = DIRECTION('',(-0.,1.,0.));
#1802 = PLANE('',#1803);
#1803 = AXIS2_PLACEMENT_3D('',#1804,#1805,#1806);
#1804 = CARTESIAN_POINT('',(155.55444566227,-3.,195.27350269189));
#1805 = DIRECTION('',(1.,0.,-0.));
#1806 = DIRECTION('',(0.,0.,1.));
#1807 = ADVANCED_FACE('',(#1808),#1826,.T.);
#1808 = FACE_BOUND('',#1809,.T.);
#1809 = EDGE_LOOP('',(#1810,#1811,#1819,#1825));
#1810 = ORIENTED_EDGE('',*,*,#1660,.F.);
#1811 = ORIENTED_EDGE('',*,*,#1812,.T.);
#1812 = EDGE_CURVE('',#1653,#1813,#1815,.T.);
#1813 = VERTEX_POINT('',#1814);
#1814 = CARTESIAN_POINT('',(131.55444566227,3.,253.27350269189));
#1815 = LINE('',#1816,#1817);
#1816 = CARTESIAN_POINT('',(131.55444566227,-3.,253.27350269189));
#1817 = VECTOR('',#1818,1.);
#1818 = DIRECTION('',(-0.,1.,0.));
#1819 = ORIENTED_EDGE('',*,*,#1820,.T.);
#1820 = EDGE_CURVE('',#1813,#1790,#1821,.T.);
#1821 = LINE('',#1822,#1823);
#1822 = CARTESIAN_POINT('',(131.55444566227,3.,253.27350269189));
#1823 = VECTOR('',#1824,1.);
#1824 = DIRECTION('',(1.,0.,-0.));
#1825 = ORIENTED_EDGE('',*,*,#1797,.F.);
#1826 = PLANE('',#1827);
#1827 = AXIS2_PLACEMENT_3D('',#1828,#1829,#1830);
#1828 = CARTESIAN_POINT('',(161.55444566227,0.,253.27350269189));
#1829 = DIRECTION('',(-0.,-0.,-1.));
#1830 = DIRECTION('',(-1.,0.,0.));
#1831 = ADVANCED_FACE('',(#1832),#1850,.F.);
#1832 = FACE_BOUND('',#1833,.T.);
#1833 = EDGE_LOOP('',(#1834,#1835,#1843,#1849));
#1834 = ORIENTED_EDGE('',*,*,#1652,.T.);
#1835 = ORIENTED_EDGE('',*,*,#1836,.T.);
#1836 = EDGE_CURVE('',#1645,#1837,#1839,.T.);
#1837 = VERTEX_POINT('',#1838);
#1838 = CARTESIAN_POINT('',(131.55444566227,3.,753.27350269189));
#1839 = LINE('',#1840,#1841);
#1840 = CARTESIAN_POINT('',(131.55444566227,-3.,753.27350269189));
#1841 = VECTOR('',#1842,1.);
#1842 = DIRECTION('',(-0.,1.,0.));
#1843 = ORIENTED_EDGE('',*,*,#1844,.F.);
#1844 = EDGE_CURVE('',#1813,#1837,#1845,.T.);
#1845 = LINE('',#1846,#1847);
#1846 = CARTESIAN_POINT('',(131.55444566227,3.,253.27350269189));
#1847 = VECTOR('',#1848,1.);
#1848 = DIRECTION('',(0.,0.,1.));
#1849 = ORIENTED_EDGE('',*,*,#1812,.F.);
#1850 = PLANE('',#1851);
#1851 = AXIS2_PLACEMENT_3D('',#1852,#1853,#1854);
#1852 = CARTESIAN_POINT('',(131.55444566227,-3.,253.27350269189));
#1853 = DIRECTION('',(1.,0.,-0.));
#1854 = DIRECTION('',(0.,0.,1.));
#1855 = ADVANCED_FACE('',(#1856),#1874,.T.);
#1856 = FACE_BOUND('',#1857,.T.);
#1857 = EDGE_LOOP('',(#1858,#1859,#1860,#1868));
#1858 = ORIENTED_EDGE('',*,*,#1836,.F.);
#1859 = ORIENTED_EDGE('',*,*,#1644,.T.);
#1860 = ORIENTED_EDGE('',*,*,#1861,.T.);
#1861 = EDGE_CURVE('',#1637,#1862,#1864,.T.);
#1862 = VERTEX_POINT('',#1863);
#1863 = CARTESIAN_POINT('',(191.55444566227,3.,753.27350269189));
#1864 = LINE('',#1865,#1866);
#1865 = CARTESIAN_POINT('',(191.55444566227,-3.,753.27350269189));
#1866 = VECTOR('',#1867,1.);
#1867 = DIRECTION('',(-0.,1.,0.));
#1868 = ORIENTED_EDGE('',*,*,#1869,.F.);
#1869 = EDGE_CURVE('',#1837,#1862,#1870,.T.);
#1870 = LINE('',#1871,#1872);
#1871 = CARTESIAN_POINT('',(179.55444566227,3.,753.27350269189));
#1872 = VECTOR('',#1873,1.);
#1873 = DIRECTION('',(1.,0.,-0.));
#1874 = PLANE('',#1875);
#1875 = AXIS2_PLACEMENT_3D('',#1876,#1877,#1878);
#1876 = CARTESIAN_POINT('',(161.55444566227,0.,753.27350269189));
#1877 = DIRECTION('',(0.,0.,1.));
#1878 = DIRECTION('',(1.,0.,-0.));
#1879 = ADVANCED_FACE('',(#1880),#1905,.T.);
#1880 = FACE_BOUND('',#1881,.T.);
#1881 = EDGE_LOOP('',(#1882,#1892,#1898,#1899));
#1882 = ORIENTED_EDGE('',*,*,#1883,.F.);
#1883 = EDGE_CURVE('',#1884,#1886,#1888,.T.);
#1884 = VERTEX_POINT('',#1885);
#1885 = CARTESIAN_POINT('',(167.55444566227,3.,195.27350269189));
#1886 = VERTEX_POINT('',#1887);
#1887 = CARTESIAN_POINT('',(214.55444566227,3.,195.27350269189));
#1888 = LINE('',#1889,#1890);
#1889 = CARTESIAN_POINT('',(96.554445662277,3.,195.27350269189));
#1890 = VECTOR('',#1891,1.);
#1891 = DIRECTION('',(1.,0.,-0.));
#1892 = ORIENTED_EDGE('',*,*,#1893,.F.);
#1893 = EDGE_CURVE('',#1613,#1884,#1894,.T.);
#1894 = LINE('',#1895,#1896);
#1895 = CARTESIAN_POINT('',(167.55444566227,-3.,195.27350269189));
#1896 = VECTOR('',#1897,1.);
#1897 = DIRECTION('',(-0.,1.,0.));
#1898 = ORIENTED_EDGE('',*,*,#1612,.T.);
#1899 = ORIENTED_EDGE('',*,*,#1900,.F.);
#1900 = EDGE_CURVE('',#1886,#1605,#1901,.T.);
#1901 = LINE('',#1902,#1903);
#1902 = CARTESIAN_POINT('',(214.55444566227,-3.,195.27350269189));
#1903 = VECTOR('',#1904,1.);
#1904 = DIRECTION('',(0.,-1.,0.));
#1905 = PLANE('',#1906);
#1906 = AXIS2_PLACEMENT_3D('',#1907,#1908,#1909);
#1907 = CARTESIAN_POINT('',(96.554445662277,-3.,195.27350269189));
#1908 = DIRECTION('',(0.,0.,1.));
#1909 = DIRECTION('',(1.,0.,-0.));
#1910 = ADVANCED_FACE('',(#1911),#1929,.F.);
#1911 = FACE_BOUND('',#1912,.F.);
#1912 = EDGE_LOOP('',(#1913,#1914,#1915,#1923));
#1913 = ORIENTED_EDGE('',*,*,#1604,.F.);
#1914 = ORIENTED_EDGE('',*,*,#1900,.F.);
#1915 = ORIENTED_EDGE('',*,*,#1916,.T.);
#1916 = EDGE_CURVE('',#1886,#1917,#1919,.T.);
#1917 = VERTEX_POINT('',#1918);
#1918 = CARTESIAN_POINT('',(214.55444566227,3.,811.27350269189));
#1919 = LINE('',#1920,#1921);
#1920 = CARTESIAN_POINT('',(214.55444566227,3.,183.27350269189));
#1921 = VECTOR('',#1922,1.);
#1922 = DIRECTION('',(0.,0.,1.));
#1923 = ORIENTED_EDGE('',*,*,#1924,.T.);
#1924 = EDGE_CURVE('',#1917,#1597,#1925,.T.);
#1925 = LINE('',#1926,#1927);
#1926 = CARTESIAN_POINT('',(214.55444566227,-3.,811.27350269189));
#1927 = VECTOR('',#1928,1.);
#1928 = DIRECTION('',(0.,-1.,0.));
#1929 = PLANE('',#1930);
#1930 = AXIS2_PLACEMENT_3D('',#1931,#1932,#1933);
#1931 = CARTESIAN_POINT('',(214.55444566227,-3.,183.27350269189));
#1932 = DIRECTION('',(1.,0.,-0.));
#1933 = DIRECTION('',(0.,0.,1.));
#1934 = ADVANCED_FACE('',(#1935),#1953,.T.);
#1935 = FACE_BOUND('',#1936,.T.);
#1936 = EDGE_LOOP('',(#1937,#1938,#1939,#1947));
#1937 = ORIENTED_EDGE('',*,*,#1620,.F.);
#1938 = ORIENTED_EDGE('',*,*,#1893,.T.);
#1939 = ORIENTED_EDGE('',*,*,#1940,.T.);
#1940 = EDGE_CURVE('',#1884,#1941,#1943,.T.);
#1941 = VERTEX_POINT('',#1942);
#1942 = CARTESIAN_POINT('',(167.55444566227,3.,253.27350269189));
#1943 = LINE('',#1944,#1945);
#1944 = CARTESIAN_POINT('',(167.55444566227,3.,195.27350269189));
#1945 = VECTOR('',#1946,1.);
#1946 = DIRECTION('',(0.,0.,1.));
#1947 = ORIENTED_EDGE('',*,*,#1948,.F.);
#1948 = EDGE_CURVE('',#1621,#1941,#1949,.T.);
#1949 = LINE('',#1950,#1951);
#1950 = CARTESIAN_POINT('',(167.55444566227,-3.,253.27350269189));
#1951 = VECTOR('',#1952,1.);
#1952 = DIRECTION('',(-0.,1.,0.));
#1953 = PLANE('',#1954);
#1954 = AXIS2_PLACEMENT_3D('',#1955,#1956,#1957);
#1955 = CARTESIAN_POINT('',(167.55444566227,-3.,195.27350269189));
#1956 = DIRECTION('',(1.,0.,-0.));
#1957 = DIRECTION('',(0.,0.,1.));
#1958 = ADVANCED_FACE('',(#1959),#1977,.T.);
#1959 = FACE_BOUND('',#1960,.T.);
#1960 = EDGE_LOOP('',(#1961,#1962,#1963,#1971));
#1961 = ORIENTED_EDGE('',*,*,#1628,.F.);
#1962 = ORIENTED_EDGE('',*,*,#1948,.T.);
#1963 = ORIENTED_EDGE('',*,*,#1964,.T.);
#1964 = EDGE_CURVE('',#1941,#1965,#1967,.T.);
#1965 = VERTEX_POINT('',#1966);
#1966 = CARTESIAN_POINT('',(191.55444566227,3.,253.27350269189));
#1967 = LINE('',#1968,#1969);
#1968 = CARTESIAN_POINT('',(131.55444566227,3.,253.27350269189));
#1969 = VECTOR('',#1970,1.);
#1970 = DIRECTION('',(1.,0.,-0.));
#1971 = ORIENTED_EDGE('',*,*,#1972,.F.);
#1972 = EDGE_CURVE('',#1629,#1965,#1973,.T.);
#1973 = LINE('',#1974,#1975);
#1974 = CARTESIAN_POINT('',(191.55444566227,-3.,253.27350269189));
#1975 = VECTOR('',#1976,1.);
#1976 = DIRECTION('',(-0.,1.,0.));
#1977 = PLANE('',#1978);
#1978 = AXIS2_PLACEMENT_3D('',#1979,#1980,#1981);
#1979 = CARTESIAN_POINT('',(161.55444566227,0.,253.27350269189));
#1980 = DIRECTION('',(-0.,-0.,-1.));
#1981 = DIRECTION('',(-1.,0.,0.));
#1982 = ADVANCED_FACE('',(#1983),#1994,.T.);
#1983 = FACE_BOUND('',#1984,.T.);
#1984 = EDGE_LOOP('',(#1985,#1986,#1992,#1993));
#1985 = ORIENTED_EDGE('',*,*,#1972,.T.);
#1986 = ORIENTED_EDGE('',*,*,#1987,.T.);
#1987 = EDGE_CURVE('',#1965,#1862,#1988,.T.);
#1988 = LINE('',#1989,#1990);
#1989 = CARTESIAN_POINT('',(191.55444566227,3.,253.27350269189));
#1990 = VECTOR('',#1991,1.);
#1991 = DIRECTION('',(0.,0.,1.));
#1992 = ORIENTED_EDGE('',*,*,#1861,.F.);
#1993 = ORIENTED_EDGE('',*,*,#1636,.F.);
#1994 = PLANE('',#1995);
#1995 = AXIS2_PLACEMENT_3D('',#1996,#1997,#1998);
#1996 = CARTESIAN_POINT('',(191.55444566227,-3.,253.27350269189));
#1997 = DIRECTION('',(1.,0.,-0.));
#1998 = DIRECTION('',(0.,0.,1.));
#1999 = ADVANCED_FACE('',(#2000),#2025,.T.);
#2000 = FACE_BOUND('',#2001,.T.);
#2001 = EDGE_LOOP('',(#2002,#2010,#2011,#2019));
#2002 = ORIENTED_EDGE('',*,*,#2003,.T.);
#2003 = EDGE_CURVE('',#2004,#1693,#2006,.T.);
#2004 = VERTEX_POINT('',#2005);
#2005 = CARTESIAN_POINT('',(143.55444566227,3.,265.27350269189));
#2006 = LINE('',#2007,#2008);
#2007 = CARTESIAN_POINT('',(143.55444566227,-3.,265.27350269189));
#2008 = VECTOR('',#2009,1.);
#2009 = DIRECTION('',(0.,-1.,0.));
#2010 = ORIENTED_EDGE('',*,*,#1692,.T.);
#2011 = ORIENTED_EDGE('',*,*,#2012,.F.);
#2012 = EDGE_CURVE('',#2013,#1695,#2015,.T.);
#2013 = VERTEX_POINT('',#2014);
#2014 = CARTESIAN_POINT('',(179.55444566227,3.,265.27350269189));
#2015 = LINE('',#2016,#2017);
#2016 = CARTESIAN_POINT('',(179.55444566227,-3.,265.27350269189));
#2017 = VECTOR('',#2018,1.);
#2018 = DIRECTION('',(0.,-1.,0.));
#2019 = ORIENTED_EDGE('',*,*,#2020,.F.);
#2020 = EDGE_CURVE('',#2004,#2013,#2021,.T.);
#2021 = LINE('',#2022,#2023);
#2022 = CARTESIAN_POINT('',(131.55444566227,3.,265.27350269189));
#2023 = VECTOR('',#2024,1.);
#2024 = DIRECTION('',(1.,0.,-0.));
#2025 = PLANE('',#2026);
#2026 = AXIS2_PLACEMENT_3D('',#2027,#2028,#2029);
#2027 = CARTESIAN_POINT('',(131.55444566227,-3.,265.27350269189));
#2028 = DIRECTION('',(0.,0.,1.));
#2029 = DIRECTION('',(1.,0.,-0.));
#2030 = ADVANCED_FACE('',(#2031),#2049,.T.);
#2031 = FACE_BOUND('',#2032,.T.);
#2032 = EDGE_LOOP('',(#2033,#2034,#2035,#2043));
#2033 = ORIENTED_EDGE('',*,*,#1702,.F.);
#2034 = ORIENTED_EDGE('',*,*,#2003,.F.);
#2035 = ORIENTED_EDGE('',*,*,#2036,.T.);
#2036 = EDGE_CURVE('',#2004,#2037,#2039,.T.);
#2037 = VERTEX_POINT('',#2038);
#2038 = CARTESIAN_POINT('',(143.55444566227,3.,741.27350269189));
#2039 = LINE('',#2040,#2041);
#2040 = CARTESIAN_POINT('',(143.55444566227,3.,253.27350269189));
#2041 = VECTOR('',#2042,1.);
#2042 = DIRECTION('',(0.,0.,1.));
#2043 = ORIENTED_EDGE('',*,*,#2044,.T.);
#2044 = EDGE_CURVE('',#2037,#1703,#2045,.T.);
#2045 = LINE('',#2046,#2047);
#2046 = CARTESIAN_POINT('',(143.55444566227,-3.,741.27350269189));
#2047 = VECTOR('',#2048,1.);
#2048 = DIRECTION('',(0.,-1.,0.));
#2049 = PLANE('',#2050);
#2050 = AXIS2_PLACEMENT_3D('',#2051,#2052,#2053);
#2051 = CARTESIAN_POINT('',(143.55444566227,-3.,253.27350269189));
#2052 = DIRECTION('',(1.,0.,-0.));
#2053 = DIRECTION('',(0.,0.,1.));
#2054 = ADVANCED_FACE('',(#2055),#2073,.F.);
#2055 = FACE_BOUND('',#2056,.F.);
#2056 = EDGE_LOOP('',(#2057,#2058,#2059,#2067));
#2057 = ORIENTED_EDGE('',*,*,#2044,.T.);
#2058 = ORIENTED_EDGE('',*,*,#1710,.T.);
#2059 = ORIENTED_EDGE('',*,*,#2060,.F.);
#2060 = EDGE_CURVE('',#2061,#1711,#2063,.T.);
#2061 = VERTEX_POINT('',#2062);
#2062 = CARTESIAN_POINT('',(179.55444566227,3.,741.27350269189));
#2063 = LINE('',#2064,#2065);
#2064 = CARTESIAN_POINT('',(179.55444566227,-3.,741.27350269189));
#2065 = VECTOR('',#2066,1.);
#2066 = DIRECTION('',(0.,-1.,0.));
#2067 = ORIENTED_EDGE('',*,*,#2068,.F.);
#2068 = EDGE_CURVE('',#2037,#2061,#2069,.T.);
#2069 = LINE('',#2070,#2071);
#2070 = CARTESIAN_POINT('',(131.55444566227,3.,741.27350269189));
#2071 = VECTOR('',#2072,1.);
#2072 = DIRECTION('',(1.,0.,-0.));
#2073 = PLANE('',#2074);
#2074 = AXIS2_PLACEMENT_3D('',#2075,#2076,#2077);
#2075 = CARTESIAN_POINT('',(131.55444566227,-3.,741.27350269189));
#2076 = DIRECTION('',(0.,0.,1.));
#2077 = DIRECTION('',(1.,0.,-0.));
#2078 = ADVANCED_FACE('',(#2079),#2090,.F.);
#2079 = FACE_BOUND('',#2080,.F.);
#2080 = EDGE_LOOP('',(#2081,#2082,#2083,#2089));
#2081 = ORIENTED_EDGE('',*,*,#1718,.F.);
#2082 = ORIENTED_EDGE('',*,*,#2012,.F.);
#2083 = ORIENTED_EDGE('',*,*,#2084,.T.);
#2084 = EDGE_CURVE('',#2013,#2061,#2085,.T.);
#2085 = LINE('',#2086,#2087);
#2086 = CARTESIAN_POINT('',(179.55444566227,3.,253.27350269189));
#2087 = VECTOR('',#2088,1.);
#2088 = DIRECTION('',(0.,0.,1.));
#2089 = ORIENTED_EDGE('',*,*,#2060,.T.);
#2090 = PLANE('',#2091);
#2091 = AXIS2_PLACEMENT_3D('',#2092,#2093,#2094);
#2092 = CARTESIAN_POINT('',(179.55444566227,-3.,253.27350269189));
#2093 = DIRECTION('',(1.,0.,-0.));
#2094 = DIRECTION('',(0.,0.,1.));
#2095 = ADVANCED_FACE('',(#2096,#2110,#2129),#2135,.T.);
#2096 = FACE_BOUND('',#2097,.T.);
#2097 = EDGE_LOOP('',(#2098,#2099,#2100,#2101,#2102,#2103,#2104,#2105,
    #2106,#2107,#2108,#2109));
#2098 = ORIENTED_EDGE('',*,*,#1288,.F.);
#2099 = ORIENTED_EDGE('',*,*,#1226,.T.);
#2100 = ORIENTED_EDGE('',*,*,#1265,.T.);
#2101 = ORIENTED_EDGE('',*,*,#1326,.F.);
#2102 = ORIENTED_EDGE('',*,*,#1382,.F.);
#2103 = ORIENTED_EDGE('',*,*,#1450,.F.);
#2104 = ORIENTED_EDGE('',*,*,#1482,.T.);
#2105 = ORIENTED_EDGE('',*,*,#1506,.F.);
#2106 = ORIENTED_EDGE('',*,*,#1543,.F.);
#2107 = ORIENTED_EDGE('',*,*,#1565,.F.);
#2108 = ORIENTED_EDGE('',*,*,#1420,.F.);
#2109 = ORIENTED_EDGE('',*,*,#1357,.T.);
#2110 = FACE_BOUND('',#2111,.T.);
#2111 = EDGE_LOOP('',(#2112,#2113,#2114,#2115,#2116,#2117,#2118,#2119,
    #2120,#2121,#2122,#2128));
#2112 = ORIENTED_EDGE('',*,*,#1763,.T.);
#2113 = ORIENTED_EDGE('',*,*,#1789,.T.);
#2114 = ORIENTED_EDGE('',*,*,#1820,.F.);
#2115 = ORIENTED_EDGE('',*,*,#1844,.T.);
#2116 = ORIENTED_EDGE('',*,*,#1869,.T.);
#2117 = ORIENTED_EDGE('',*,*,#1987,.F.);
#2118 = ORIENTED_EDGE('',*,*,#1964,.F.);
#2119 = ORIENTED_EDGE('',*,*,#1940,.F.);
#2120 = ORIENTED_EDGE('',*,*,#1883,.T.);
#2121 = ORIENTED_EDGE('',*,*,#1916,.T.);
#2122 = ORIENTED_EDGE('',*,*,#2123,.F.);
#2123 = EDGE_CURVE('',#1742,#1917,#2124,.T.);
#2124 = LINE('',#2125,#2126);
#2125 = CARTESIAN_POINT('',(96.554445662277,3.,811.27350269189));
#2126 = VECTOR('',#2127,1.);
#2127 = DIRECTION('',(1.,0.,-0.));
#2128 = ORIENTED_EDGE('',*,*,#1741,.F.);
#2129 = FACE_BOUND('',#2130,.T.);
#2130 = EDGE_LOOP('',(#2131,#2132,#2133,#2134));
#2131 = ORIENTED_EDGE('',*,*,#2020,.T.);
#2132 = ORIENTED_EDGE('',*,*,#2084,.T.);
#2133 = ORIENTED_EDGE('',*,*,#2068,.F.);
#2134 = ORIENTED_EDGE('',*,*,#2036,.F.);
#2135 = PLANE('',#2136);
#2136 = AXIS2_PLACEMENT_3D('',#2137,#2138,#2139);
#2137 = CARTESIAN_POINT('',(161.5734315459,3.,567.84295658211));
#2138 = DIRECTION('',(0.,1.,0.));
#2139 = DIRECTION('',(0.,-0.,1.));
#2140 = ADVANCED_FACE('',(#2141),#2147,.F.);
#2141 = FACE_BOUND('',#2142,.T.);
#2142 = EDGE_LOOP('',(#2143,#2144,#2145,#2146));
#2143 = ORIENTED_EDGE('',*,*,#2123,.T.);
#2144 = ORIENTED_EDGE('',*,*,#1924,.T.);
#2145 = ORIENTED_EDGE('',*,*,#1594,.F.);
#2146 = ORIENTED_EDGE('',*,*,#1749,.F.);
#2147 = PLANE('',#2148);
#2148 = AXIS2_PLACEMENT_3D('',#2149,#2150,#2151);
#2149 = CARTESIAN_POINT('',(96.554445662277,-3.,811.27350269189));
#2150 = DIRECTION('',(0.,0.,1.));
#2151 = DIRECTION('',(1.,0.,-0.));
#2152 = ( GEOMETRIC_REPRESENTATION_CONTEXT(3) 
GLOBAL_UNCERTAINTY_ASSIGNED_CONTEXT((#2156)) 
GLOBAL_UNIT_ASSIGNED_CONTEXT((#2153,#2154,#2155)) REPRESENTATION_CONTEXT
('Context #1','3D Context with UNIT and UNCERTAINTY') );
#2153 = ( LENGTH_UNIT() NAMED_UNIT(*) SI_UNIT(.MILLI.,.METRE.) );
#2154 = ( NAMED_UNIT(*) PLANE_ANGLE_UNIT() SI_UNIT($,.RADIAN.) );
#2155 = ( NAMED_UNIT(*) SI_UNIT($,.STERADIAN.) SOLID_ANGLE_UNIT() );
#2156 = UNCERTAINTY_MEASURE_WITH_UNIT(LENGTH_MEASURE(1.E-07),#2153,
  'distance_accuracy_value','confusion accuracy');
#2157 = CONTEXT_DEPENDENT_SHAPE_REPRESENTATION(#2158,#2160);
#2158 = ( REPRESENTATION_RELATIONSHIP('','',#1201,#10) 
REPRESENTATION_RELATIONSHIP_WITH_TRANSFORMATION(#2159) 
SHAPE_REPRESENTATION_RELATIONSHIP() );
#2159 = ITEM_DEFINED_TRANSFORMATION('','',#11,#19);
#2160 = PRODUCT_DEFINITION_SHAPE('Placement','Placement of an item',
  #2161);
#2161 = NEXT_ASSEMBLY_USAGE_OCCURRENCE('129','Motiv 01','',#5,#1196,$);
#2162 = PRODUCT_RELATED_PRODUCT_CATEGORY('part',$,(#1198));
#2163 = SHAPE_DEFINITION_REPRESENTATION(#2164,#2170);
#2164 = PRODUCT_DEFINITION_SHAPE('','',#2165);
#2165 = PRODUCT_DEFINITION('design','',#2166,#2169);
#2166 = PRODUCT_DEFINITION_FORMATION('','',#2167);
#2167 = PRODUCT('Patka 01','Patka 01','',(#2168));
#2168 = PRODUCT_CONTEXT('',#2,'mechanical');
#2169 = PRODUCT_DEFINITION_CONTEXT('part definition',#2,'design');
#2170 = ADVANCED_BREP_SHAPE_REPRESENTATION('',(#11,#2171),#2399);
#2171 = MANIFOLD_SOLID_BREP('',#2172);
#2172 = CLOSED_SHELL('',(#2173,#2213,#2244,#2290,#2314,#2353,#2365,#2382
    ));
#2173 = ADVANCED_FACE('',(#2174),#2208,.F.);
#2174 = FACE_BOUND('',#2175,.F.);
#2175 = EDGE_LOOP('',(#2176,#2186,#2194,#2202));
#2176 = ORIENTED_EDGE('',*,*,#2177,.F.);
#2177 = EDGE_CURVE('',#2178,#2180,#2182,.T.);
#2178 = VERTEX_POINT('',#2179);
#2179 = CARTESIAN_POINT('',(131.55444566227,-40.,87.273502691896));
#2180 = VERTEX_POINT('',#2181);
#2181 = CARTESIAN_POINT('',(131.55444566227,-40.,93.273502691896));
#2182 = LINE('',#2183,#2184);
#2183 = CARTESIAN_POINT('',(131.55444566227,-40.,87.273502691896));
#2184 = VECTOR('',#2185,1.);
#2185 = DIRECTION('',(0.,0.,1.));
#2186 = ORIENTED_EDGE('',*,*,#2187,.T.);
#2187 = EDGE_CURVE('',#2178,#2188,#2190,.T.);
#2188 = VERTEX_POINT('',#2189);
#2189 = CARTESIAN_POINT('',(131.55444566227,40.,87.273502691896));
#2190 = LINE('',#2191,#2192);
#2191 = CARTESIAN_POINT('',(131.55444566227,-40.,87.273502691896));
#2192 = VECTOR('',#2193,1.);
#2193 = DIRECTION('',(-0.,1.,0.));
#2194 = ORIENTED_EDGE('',*,*,#2195,.T.);
#2195 = EDGE_CURVE('',#2188,#2196,#2198,.T.);
#2196 = VERTEX_POINT('',#2197);
#2197 = CARTESIAN_POINT('',(131.55444566227,40.,93.273502691896));
#2198 = LINE('',#2199,#2200);
#2199 = CARTESIAN_POINT('',(131.55444566227,40.,87.273502691896));
#2200 = VECTOR('',#2201,1.);
#2201 = DIRECTION('',(0.,0.,1.));
#2202 = ORIENTED_EDGE('',*,*,#2203,.F.);
#2203 = EDGE_CURVE('',#2180,#2196,#2204,.T.);
#2204 = LINE('',#2205,#2206);
#2205 = CARTESIAN_POINT('',(131.55444566227,-40.,93.273502691896));
#2206 = VECTOR('',#2207,1.);
#2207 = DIRECTION('',(-0.,1.,0.));
#2208 = PLANE('',#2209);
#2209 = AXIS2_PLACEMENT_3D('',#2210,#2211,#2212);
#2210 = CARTESIAN_POINT('',(131.55444566227,-40.,87.273502691896));
#2211 = DIRECTION('',(1.,0.,-0.));
#2212 = DIRECTION('',(0.,0.,1.));
#2213 = ADVANCED_FACE('',(#2214),#2239,.F.);
#2214 = FACE_BOUND('',#2215,.F.);
#2215 = EDGE_LOOP('',(#2216,#2224,#2225,#2233));
#2216 = ORIENTED_EDGE('',*,*,#2217,.F.);
#2217 = EDGE_CURVE('',#2178,#2218,#2220,.T.);
#2218 = VERTEX_POINT('',#2219);
#2219 = CARTESIAN_POINT('',(191.55444566227,-40.,87.273502691896));
#2220 = LINE('',#2221,#2222);
#2221 = CARTESIAN_POINT('',(131.55444566227,-40.,87.273502691896));
#2222 = VECTOR('',#2223,1.);
#2223 = DIRECTION('',(1.,0.,-0.));
#2224 = ORIENTED_EDGE('',*,*,#2177,.T.);
#2225 = ORIENTED_EDGE('',*,*,#2226,.T.);
#2226 = EDGE_CURVE('',#2180,#2227,#2229,.T.);
#2227 = VERTEX_POINT('',#2228);
#2228 = CARTESIAN_POINT('',(191.55444566227,-40.,93.273502691896));
#2229 = LINE('',#2230,#2231);
#2230 = CARTESIAN_POINT('',(131.55444566227,-40.,93.273502691896));
#2231 = VECTOR('',#2232,1.);
#2232 = DIRECTION('',(1.,0.,-0.));
#2233 = ORIENTED_EDGE('',*,*,#2234,.F.);
#2234 = EDGE_CURVE('',#2218,#2227,#2235,.T.);
#2235 = LINE('',#2236,#2237);
#2236 = CARTESIAN_POINT('',(191.55444566227,-40.,87.273502691896));
#2237 = VECTOR('',#2238,1.);
#2238 = DIRECTION('',(0.,0.,1.));
#2239 = PLANE('',#2240);
#2240 = AXIS2_PLACEMENT_3D('',#2241,#2242,#2243);
#2241 = CARTESIAN_POINT('',(131.55444566227,-40.,87.273502691896));
#2242 = DIRECTION('',(-0.,1.,0.));
#2243 = DIRECTION('',(0.,0.,1.));
#2244 = ADVANCED_FACE('',(#2245,#2263,#2274),#2285,.T.);
#2245 = FACE_BOUND('',#2246,.T.);
#2246 = EDGE_LOOP('',(#2247,#2248,#2249,#2257));
#2247 = ORIENTED_EDGE('',*,*,#2203,.F.);
#2248 = ORIENTED_EDGE('',*,*,#2226,.T.);
#2249 = ORIENTED_EDGE('',*,*,#2250,.T.);
#2250 = EDGE_CURVE('',#2227,#2251,#2253,.T.);
#2251 = VERTEX_POINT('',#2252);
#2252 = CARTESIAN_POINT('',(191.55444566227,40.,93.273502691896));
#2253 = LINE('',#2254,#2255);
#2254 = CARTESIAN_POINT('',(191.55444566227,-40.,93.273502691896));
#2255 = VECTOR('',#2256,1.);
#2256 = DIRECTION('',(-0.,1.,0.));
#2257 = ORIENTED_EDGE('',*,*,#2258,.F.);
#2258 = EDGE_CURVE('',#2196,#2251,#2259,.T.);
#2259 = LINE('',#2260,#2261);
#2260 = CARTESIAN_POINT('',(131.55444566227,40.,93.273502691896));
#2261 = VECTOR('',#2262,1.);
#2262 = DIRECTION('',(1.,0.,-0.));
#2263 = FACE_BOUND('',#2264,.T.);
#2264 = EDGE_LOOP('',(#2265));
#2265 = ORIENTED_EDGE('',*,*,#2266,.F.);
#2266 = EDGE_CURVE('',#2267,#2267,#2269,.T.);
#2267 = VERTEX_POINT('',#2268);
#2268 = CARTESIAN_POINT('',(167.05444566227,-25.,93.273502691896));
#2269 = CIRCLE('',#2270,5.5);
#2270 = AXIS2_PLACEMENT_3D('',#2271,#2272,#2273);
#2271 = CARTESIAN_POINT('',(161.55444566227,-25.,93.273502691896));
#2272 = DIRECTION('',(0.,0.,1.));
#2273 = DIRECTION('',(1.,0.,-0.));
#2274 = FACE_BOUND('',#2275,.T.);
#2275 = EDGE_LOOP('',(#2276));
#2276 = ORIENTED_EDGE('',*,*,#2277,.F.);
#2277 = EDGE_CURVE('',#2278,#2278,#2280,.T.);
#2278 = VERTEX_POINT('',#2279);
#2279 = CARTESIAN_POINT('',(167.05444566227,25.,93.273502691896));
#2280 = CIRCLE('',#2281,5.5);
#2281 = AXIS2_PLACEMENT_3D('',#2282,#2283,#2284);
#2282 = CARTESIAN_POINT('',(161.55444566227,25.,93.273502691896));
#2283 = DIRECTION('',(0.,0.,1.));
#2284 = DIRECTION('',(1.,0.,-0.));
#2285 = PLANE('',#2286);
#2286 = AXIS2_PLACEMENT_3D('',#2287,#2288,#2289);
#2287 = CARTESIAN_POINT('',(131.55444566227,-40.,93.273502691896));
#2288 = DIRECTION('',(0.,0.,1.));
#2289 = DIRECTION('',(1.,0.,-0.));
#2290 = ADVANCED_FACE('',(#2291),#2309,.T.);
#2291 = FACE_BOUND('',#2292,.T.);
#2292 = EDGE_LOOP('',(#2293,#2301,#2302,#2303));
#2293 = ORIENTED_EDGE('',*,*,#2294,.F.);
#2294 = EDGE_CURVE('',#2188,#2295,#2297,.T.);
#2295 = VERTEX_POINT('',#2296);
#2296 = CARTESIAN_POINT('',(191.55444566227,40.,87.273502691896));
#2297 = LINE('',#2298,#2299);
#2298 = CARTESIAN_POINT('',(131.55444566227,40.,87.273502691896));
#2299 = VECTOR('',#2300,1.);
#2300 = DIRECTION('',(1.,0.,-0.));
#2301 = ORIENTED_EDGE('',*,*,#2195,.T.);
#2302 = ORIENTED_EDGE('',*,*,#2258,.T.);
#2303 = ORIENTED_EDGE('',*,*,#2304,.F.);
#2304 = EDGE_CURVE('',#2295,#2251,#2305,.T.);
#2305 = LINE('',#2306,#2307);
#2306 = CARTESIAN_POINT('',(191.55444566227,40.,87.273502691896));
#2307 = VECTOR('',#2308,1.);
#2308 = DIRECTION('',(0.,0.,1.));
#2309 = PLANE('',#2310);
#2310 = AXIS2_PLACEMENT_3D('',#2311,#2312,#2313);
#2311 = CARTESIAN_POINT('',(131.55444566227,40.,87.273502691896));
#2312 = DIRECTION('',(-0.,1.,0.));
#2313 = DIRECTION('',(0.,0.,1.));
#2314 = ADVANCED_FACE('',(#2315,#2326,#2337),#2348,.F.);
#2315 = FACE_BOUND('',#2316,.F.);
#2316 = EDGE_LOOP('',(#2317,#2318,#2319,#2325));
#2317 = ORIENTED_EDGE('',*,*,#2187,.F.);
#2318 = ORIENTED_EDGE('',*,*,#2217,.T.);
#2319 = ORIENTED_EDGE('',*,*,#2320,.T.);
#2320 = EDGE_CURVE('',#2218,#2295,#2321,.T.);
#2321 = LINE('',#2322,#2323);
#2322 = CARTESIAN_POINT('',(191.55444566227,-40.,87.273502691896));
#2323 = VECTOR('',#2324,1.);
#2324 = DIRECTION('',(-0.,1.,0.));
#2325 = ORIENTED_EDGE('',*,*,#2294,.F.);
#2326 = FACE_BOUND('',#2327,.F.);
#2327 = EDGE_LOOP('',(#2328));
#2328 = ORIENTED_EDGE('',*,*,#2329,.F.);
#2329 = EDGE_CURVE('',#2330,#2330,#2332,.T.);
#2330 = VERTEX_POINT('',#2331);
#2331 = CARTESIAN_POINT('',(167.05444566227,-25.,87.273502691896));
#2332 = CIRCLE('',#2333,5.5);
#2333 = AXIS2_PLACEMENT_3D('',#2334,#2335,#2336);
#2334 = CARTESIAN_POINT('',(161.55444566227,-25.,87.273502691896));
#2335 = DIRECTION('',(0.,0.,1.));
#2336 = DIRECTION('',(1.,0.,-0.));
#2337 = FACE_BOUND('',#2338,.F.);
#2338 = EDGE_LOOP('',(#2339));
#2339 = ORIENTED_EDGE('',*,*,#2340,.F.);
#2340 = EDGE_CURVE('',#2341,#2341,#2343,.T.);
#2341 = VERTEX_POINT('',#2342);
#2342 = CARTESIAN_POINT('',(167.05444566227,25.,87.273502691896));
#2343 = CIRCLE('',#2344,5.5);
#2344 = AXIS2_PLACEMENT_3D('',#2345,#2346,#2347);
#2345 = CARTESIAN_POINT('',(161.55444566227,25.,87.273502691896));
#2346 = DIRECTION('',(0.,0.,1.));
#2347 = DIRECTION('',(1.,0.,-0.));
#2348 = PLANE('',#2349);
#2349 = AXIS2_PLACEMENT_3D('',#2350,#2351,#2352);
#2350 = CARTESIAN_POINT('',(131.55444566227,-40.,87.273502691896));
#2351 = DIRECTION('',(0.,0.,1.));
#2352 = DIRECTION('',(1.,0.,-0.));
#2353 = ADVANCED_FACE('',(#2354),#2360,.T.);
#2354 = FACE_BOUND('',#2355,.T.);
#2355 = EDGE_LOOP('',(#2356,#2357,#2358,#2359));
#2356 = ORIENTED_EDGE('',*,*,#2234,.F.);
#2357 = ORIENTED_EDGE('',*,*,#2320,.T.);
#2358 = ORIENTED_EDGE('',*,*,#2304,.T.);
#2359 = ORIENTED_EDGE('',*,*,#2250,.F.);
#2360 = PLANE('',#2361);
#2361 = AXIS2_PLACEMENT_3D('',#2362,#2363,#2364);
#2362 = CARTESIAN_POINT('',(191.55444566227,-40.,87.273502691896));
#2363 = DIRECTION('',(1.,0.,-0.));
#2364 = DIRECTION('',(0.,0.,1.));
#2365 = ADVANCED_FACE('',(#2366),#2377,.F.);
#2366 = FACE_BOUND('',#2367,.F.);
#2367 = EDGE_LOOP('',(#2368,#2369,#2375,#2376));
#2368 = ORIENTED_EDGE('',*,*,#2266,.F.);
#2369 = ORIENTED_EDGE('',*,*,#2370,.F.);
#2370 = EDGE_CURVE('',#2330,#2267,#2371,.T.);
#2371 = LINE('',#2372,#2373);
#2372 = CARTESIAN_POINT('',(167.05444566227,-25.,86.273502691896));
#2373 = VECTOR('',#2374,1.);
#2374 = DIRECTION('',(0.,0.,1.));
#2375 = ORIENTED_EDGE('',*,*,#2329,.T.);
#2376 = ORIENTED_EDGE('',*,*,#2370,.T.);
#2377 = CYLINDRICAL_SURFACE('',#2378,5.5);
#2378 = AXIS2_PLACEMENT_3D('',#2379,#2380,#2381);
#2379 = CARTESIAN_POINT('',(161.55444566227,-25.,86.273502691896));
#2380 = DIRECTION('',(0.,0.,1.));
#2381 = DIRECTION('',(1.,0.,-0.));
#2382 = ADVANCED_FACE('',(#2383),#2394,.F.);
#2383 = FACE_BOUND('',#2384,.F.);
#2384 = EDGE_LOOP('',(#2385,#2386,#2392,#2393));
#2385 = ORIENTED_EDGE('',*,*,#2277,.F.);
#2386 = ORIENTED_EDGE('',*,*,#2387,.F.);
#2387 = EDGE_CURVE('',#2341,#2278,#2388,.T.);
#2388 = LINE('',#2389,#2390);
#2389 = CARTESIAN_POINT('',(167.05444566227,25.,86.273502691896));
#2390 = VECTOR('',#2391,1.);
#2391 = DIRECTION('',(0.,0.,1.));
#2392 = ORIENTED_EDGE('',*,*,#2340,.T.);
#2393 = ORIENTED_EDGE('',*,*,#2387,.T.);
#2394 = CYLINDRICAL_SURFACE('',#2395,5.5);
#2395 = AXIS2_PLACEMENT_3D('',#2396,#2397,#2398);
#2396 = CARTESIAN_POINT('',(161.55444566227,25.,86.273502691896));
#2397 = DIRECTION('',(0.,0.,1.));
#2398 = DIRECTION('',(1.,0.,-0.));
#2399 = ( GEOMETRIC_REPRESENTATION_CONTEXT(3) 
GLOBAL_UNCERTAINTY_ASSIGNED_CONTEXT((#2403)) 
GLOBAL_UNIT_ASSIGNED_CONTEXT((#2400,#2401,#2402)) REPRESENTATION_CONTEXT
('Context #1','3D Context with UNIT and UNCERTAINTY') );
#2400 = ( LENGTH_UNIT() NAMED_UNIT(*) SI_UNIT(.MILLI.,.METRE.) );
#2401 = ( NAMED_UNIT(*) PLANE_ANGLE_UNIT() SI_UNIT($,.RADIAN.) );
#2402 = ( NAMED_UNIT(*) SI_UNIT($,.STERADIAN.) SOLID_ANGLE_UNIT() );
#2403 = UNCERTAINTY_MEASURE_WITH_UNIT(LENGTH_MEASURE(1.E-07),#2400,
  'distance_accuracy_value','confusion accuracy');
#2404 = CONTEXT_DEPENDENT_SHAPE_REPRESENTATION(#2405,#2407);
#2405 = ( REPRESENTATION_RELATIONSHIP('','',#2170,#10) 
REPRESENTATION_RELATIONSHIP_WITH_TRANSFORMATION(#2406) 
SHAPE_REPRESENTATION_RELATIONSHIP() );
#2406 = ITEM_DEFINED_TRANSFORMATION('','',#11,#23);
#2407 = PRODUCT_DEFINITION_SHAPE('Placement','Placement of an item',
  #2408);
#2408 = NEXT_ASSEMBLY_USAGE_OCCURRENCE('130','Patka 01','',#5,#2165,$);
#2409 = PRODUCT_RELATED_PRODUCT_CATEGORY('part',$,(#2167));
#2410 = SHAPE_DEFINITION_REPRESENTATION(#2411,#2417);
#2411 = PRODUCT_DEFINITION_SHAPE('','',#2412);
#2412 = PRODUCT_DEFINITION('design','',#2413,#2416);
#2413 = PRODUCT_DEFINITION_FORMATION('','',#2414);
#2414 = PRODUCT('Motiv 02','Motiv 02','',(#2415));
#2415 = PRODUCT_CONTEXT('',#2,'mechanical');
#2416 = PRODUCT_DEFINITION_CONTEXT('part definition',#2,'design');
#2417 = ADVANCED_BREP_SHAPE_REPRESENTATION('',(#11,#2418),#3368);
#2418 = MANIFOLD_SOLID_BREP('',#2419);
#2419 = CLOSED_SHELL('',(#2420,#2460,#2491,#2522,#2553,#2584,#2615,#2646
    ,#2677,#2708,#2739,#2770,#2792,#2944,#2975,#2999,#3023,#3047,#3071,
    #3095,#3126,#3150,#3174,#3198,#3215,#3246,#3270,#3294,#3311,#3356));
#2420 = ADVANCED_FACE('',(#2421),#2455,.F.);
#2421 = FACE_BOUND('',#2422,.T.);
#2422 = EDGE_LOOP('',(#2423,#2433,#2441,#2449));
#2423 = ORIENTED_EDGE('',*,*,#2424,.T.);
#2424 = EDGE_CURVE('',#2425,#2427,#2429,.T.);
#2425 = VERTEX_POINT('',#2426);
#2426 = CARTESIAN_POINT('',(313.06079660838,-3.,308.27350269189));
#2427 = VERTEX_POINT('',#2428);
#2428 = CARTESIAN_POINT('',(313.06079660838,-3.,948.27350269189));
#2429 = LINE('',#2430,#2431);
#2430 = CARTESIAN_POINT('',(313.06079660838,-3.,308.27350269189));
#2431 = VECTOR('',#2432,1.);
#2432 = DIRECTION('',(0.,0.,1.));
#2433 = ORIENTED_EDGE('',*,*,#2434,.T.);
#2434 = EDGE_CURVE('',#2427,#2435,#2437,.T.);
#2435 = VERTEX_POINT('',#2436);
#2436 = CARTESIAN_POINT('',(313.06079660838,3.,948.27350269189));
#2437 = LINE('',#2438,#2439);
#2438 = CARTESIAN_POINT('',(313.06079660838,-3.,948.27350269189));
#2439 = VECTOR('',#2440,1.);
#2440 = DIRECTION('',(-0.,1.,0.));
#2441 = ORIENTED_EDGE('',*,*,#2442,.F.);
#2442 = EDGE_CURVE('',#2443,#2435,#2445,.T.);
#2443 = VERTEX_POINT('',#2444);
#2444 = CARTESIAN_POINT('',(313.06079660838,3.,308.27350269189));
#2445 = LINE('',#2446,#2447);
#2446 = CARTESIAN_POINT('',(313.06079660838,3.,308.27350269189));
#2447 = VECTOR('',#2448,1.);
#2448 = DIRECTION('',(0.,0.,1.));
#2449 = ORIENTED_EDGE('',*,*,#2450,.F.);
#2450 = EDGE_CURVE('',#2425,#2443,#2451,.T.);
#2451 = LINE('',#2452,#2453);
#2452 = CARTESIAN_POINT('',(313.06079660838,-3.,308.27350269189));
#2453 = VECTOR('',#2454,1.);
#2454 = DIRECTION('',(-0.,1.,0.));
#2455 = PLANE('',#2456);
#2456 = AXIS2_PLACEMENT_3D('',#2457,#2458,#2459);
#2457 = CARTESIAN_POINT('',(313.06079660838,-3.,308.27350269189));
#2458 = DIRECTION('',(1.,0.,-0.));
#2459 = DIRECTION('',(0.,0.,1.));
#2460 = ADVANCED_FACE('',(#2461),#2486,.T.);
#2461 = FACE_BOUND('',#2462,.T.);
#2462 = EDGE_LOOP('',(#2463,#2464,#2472,#2480));
#2463 = ORIENTED_EDGE('',*,*,#2434,.F.);
#2464 = ORIENTED_EDGE('',*,*,#2465,.T.);
#2465 = EDGE_CURVE('',#2427,#2466,#2468,.T.);
#2466 = VERTEX_POINT('',#2467);
#2467 = CARTESIAN_POINT('',(372.06079660838,-3.,948.27350269189));
#2468 = LINE('',#2469,#2470);
#2469 = CARTESIAN_POINT('',(313.06079660838,-3.,948.27350269189));
#2470 = VECTOR('',#2471,1.);
#2471 = DIRECTION('',(1.,0.,-0.));
#2472 = ORIENTED_EDGE('',*,*,#2473,.F.);
#2473 = EDGE_CURVE('',#2474,#2466,#2476,.T.);
#2474 = VERTEX_POINT('',#2475);
#2475 = CARTESIAN_POINT('',(372.06079660838,3.,948.27350269189));
#2476 = LINE('',#2477,#2478);
#2477 = CARTESIAN_POINT('',(372.06079660838,-1.5,948.27350269189));
#2478 = VECTOR('',#2479,1.);
#2479 = DIRECTION('',(0.,-1.,0.));
#2480 = ORIENTED_EDGE('',*,*,#2481,.F.);
#2481 = EDGE_CURVE('',#2435,#2474,#2482,.T.);
#2482 = LINE('',#2483,#2484);
#2483 = CARTESIAN_POINT('',(431.06079660838,3.,948.27350269189));
#2484 = VECTOR('',#2485,1.);
#2485 = DIRECTION('',(1.,0.,-0.));
#2486 = PLANE('',#2487);
#2487 = AXIS2_PLACEMENT_3D('',#2488,#2489,#2490);
#2488 = CARTESIAN_POINT('',(378.06079660838,0.,948.27350269189));
#2489 = DIRECTION('',(0.,0.,1.));
#2490 = DIRECTION('',(1.,0.,-0.));
#2491 = ADVANCED_FACE('',(#2492),#2517,.T.);
#2492 = FACE_BOUND('',#2493,.T.);
#2493 = EDGE_LOOP('',(#2494,#2502,#2503,#2511));
#2494 = ORIENTED_EDGE('',*,*,#2495,.F.);
#2495 = EDGE_CURVE('',#2425,#2496,#2498,.T.);
#2496 = VERTEX_POINT('',#2497);
#2497 = CARTESIAN_POINT('',(372.06079660838,-3.,308.27350269189));
#2498 = LINE('',#2499,#2500);
#2499 = CARTESIAN_POINT('',(431.06079660838,-3.,308.27350269189));
#2500 = VECTOR('',#2501,1.);
#2501 = DIRECTION('',(1.,0.,-0.));
#2502 = ORIENTED_EDGE('',*,*,#2450,.T.);
#2503 = ORIENTED_EDGE('',*,*,#2504,.T.);
#2504 = EDGE_CURVE('',#2443,#2505,#2507,.T.);
#2505 = VERTEX_POINT('',#2506);
#2506 = CARTESIAN_POINT('',(372.06079660838,3.,308.27350269189));
#2507 = LINE('',#2508,#2509);
#2508 = CARTESIAN_POINT('',(313.06079660838,3.,308.27350269189));
#2509 = VECTOR('',#2510,1.);
#2510 = DIRECTION('',(1.,0.,-0.));
#2511 = ORIENTED_EDGE('',*,*,#2512,.T.);
#2512 = EDGE_CURVE('',#2505,#2496,#2513,.T.);
#2513 = LINE('',#2514,#2515);
#2514 = CARTESIAN_POINT('',(372.06079660838,-1.5,308.27350269189));
#2515 = VECTOR('',#2516,1.);
#2516 = DIRECTION('',(0.,-1.,0.));
#2517 = PLANE('',#2518);
#2518 = AXIS2_PLACEMENT_3D('',#2519,#2520,#2521);
#2519 = CARTESIAN_POINT('',(378.06079660838,0.,308.27350269189));
#2520 = DIRECTION('',(-0.,-0.,-1.));
#2521 = DIRECTION('',(-1.,0.,0.));
#2522 = ADVANCED_FACE('',(#2523),#2548,.T.);
#2523 = FACE_BOUND('',#2524,.T.);
#2524 = EDGE_LOOP('',(#2525,#2533,#2541,#2547));
#2525 = ORIENTED_EDGE('',*,*,#2526,.F.);
#2526 = EDGE_CURVE('',#2527,#2466,#2529,.T.);
#2527 = VERTEX_POINT('',#2528);
#2528 = CARTESIAN_POINT('',(372.06079660838,-3.,1.178621379542E+03));
#2529 = LINE('',#2530,#2531);
#2530 = CARTESIAN_POINT('',(372.06079660838,-3.,1.178621379542E+03));
#2531 = VECTOR('',#2532,1.);
#2532 = DIRECTION('',(0.,0.,-1.));
#2533 = ORIENTED_EDGE('',*,*,#2534,.T.);
#2534 = EDGE_CURVE('',#2527,#2535,#2537,.T.);
#2535 = VERTEX_POINT('',#2536);
#2536 = CARTESIAN_POINT('',(372.06079660838,3.,1.178621379542E+03));
#2537 = LINE('',#2538,#2539);
#2538 = CARTESIAN_POINT('',(372.06079660838,-3.,1.178621379542E+03));
#2539 = VECTOR('',#2540,1.);
#2540 = DIRECTION('',(0.,1.,0.));
#2541 = ORIENTED_EDGE('',*,*,#2542,.T.);
#2542 = EDGE_CURVE('',#2535,#2474,#2543,.T.);
#2543 = LINE('',#2544,#2545);
#2544 = CARTESIAN_POINT('',(372.06079660838,3.,1.178621379542E+03));
#2545 = VECTOR('',#2546,1.);
#2546 = DIRECTION('',(0.,0.,-1.));
#2547 = ORIENTED_EDGE('',*,*,#2473,.T.);
#2548 = PLANE('',#2549);
#2549 = AXIS2_PLACEMENT_3D('',#2550,#2551,#2552);
#2550 = CARTESIAN_POINT('',(372.06079660838,-3.,1.178621379542E+03));
#2551 = DIRECTION('',(-1.,0.,0.));
#2552 = DIRECTION('',(0.,0.,-1.));
#2553 = ADVANCED_FACE('',(#2554),#2579,.F.);
#2554 = FACE_BOUND('',#2555,.F.);
#2555 = EDGE_LOOP('',(#2556,#2564,#2572,#2578));
#2556 = ORIENTED_EDGE('',*,*,#2557,.F.);
#2557 = EDGE_CURVE('',#2558,#2496,#2560,.T.);
#2558 = VERTEX_POINT('',#2559);
#2559 = CARTESIAN_POINT('',(372.06079660838,-3.,218.27350269189));
#2560 = LINE('',#2561,#2562);
#2561 = CARTESIAN_POINT('',(372.06079660838,-3.,218.27350269189));
#2562 = VECTOR('',#2563,1.);
#2563 = DIRECTION('',(0.,0.,1.));
#2564 = ORIENTED_EDGE('',*,*,#2565,.T.);
#2565 = EDGE_CURVE('',#2558,#2566,#2568,.T.);
#2566 = VERTEX_POINT('',#2567);
#2567 = CARTESIAN_POINT('',(372.06079660838,3.,218.27350269189));
#2568 = LINE('',#2569,#2570);
#2569 = CARTESIAN_POINT('',(372.06079660838,-3.,218.27350269189));
#2570 = VECTOR('',#2571,1.);
#2571 = DIRECTION('',(-0.,1.,0.));
#2572 = ORIENTED_EDGE('',*,*,#2573,.T.);
#2573 = EDGE_CURVE('',#2566,#2505,#2574,.T.);
#2574 = LINE('',#2575,#2576);
#2575 = CARTESIAN_POINT('',(372.06079660838,3.,218.27350269189));
#2576 = VECTOR('',#2577,1.);
#2577 = DIRECTION('',(0.,0.,1.));
#2578 = ORIENTED_EDGE('',*,*,#2512,.T.);
#2579 = PLANE('',#2580);
#2580 = AXIS2_PLACEMENT_3D('',#2581,#2582,#2583);
#2581 = CARTESIAN_POINT('',(372.06079660838,-3.,218.27350269189));
#2582 = DIRECTION('',(1.,0.,-0.));
#2583 = DIRECTION('',(0.,0.,1.));
#2584 = ADVANCED_FACE('',(#2585),#2610,.T.);
#2585 = FACE_BOUND('',#2586,.T.);
#2586 = EDGE_LOOP('',(#2587,#2597,#2603,#2604));
#2587 = ORIENTED_EDGE('',*,*,#2588,.T.);
#2588 = EDGE_CURVE('',#2589,#2591,#2593,.T.);
#2589 = VERTEX_POINT('',#2590);
#2590 = CARTESIAN_POINT('',(384.06079660838,-3.,1.185549582772E+03));
#2591 = VERTEX_POINT('',#2592);
#2592 = CARTESIAN_POINT('',(384.06079660838,3.,1.185549582772E+03));
#2593 = LINE('',#2594,#2595);
#2594 = CARTESIAN_POINT('',(384.06079660838,-3.,1.185549582772E+03));
#2595 = VECTOR('',#2596,1.);
#2596 = DIRECTION('',(0.,1.,0.));
#2597 = ORIENTED_EDGE('',*,*,#2598,.T.);
#2598 = EDGE_CURVE('',#2591,#2535,#2599,.T.);
#2599 = LINE('',#2600,#2601);
#2600 = CARTESIAN_POINT('',(384.06079660838,3.,1.185549582772E+03));
#2601 = VECTOR('',#2602,1.);
#2602 = DIRECTION('',(-0.866025403784,0.,-0.5));
#2603 = ORIENTED_EDGE('',*,*,#2534,.F.);
#2604 = ORIENTED_EDGE('',*,*,#2605,.F.);
#2605 = EDGE_CURVE('',#2589,#2527,#2606,.T.);
#2606 = LINE('',#2607,#2608);
#2607 = CARTESIAN_POINT('',(384.06079660838,-3.,1.185549582772E+03));
#2608 = VECTOR('',#2609,1.);
#2609 = DIRECTION('',(-0.866025403784,0.,-0.5));
#2610 = PLANE('',#2611);
#2611 = AXIS2_PLACEMENT_3D('',#2612,#2613,#2614);
#2612 = CARTESIAN_POINT('',(384.06079660838,-3.,1.185549582772E+03));
#2613 = DIRECTION('',(-0.5,0.,0.866025403784));
#2614 = DIRECTION('',(-0.866025403784,0.,-0.5));
#2615 = ADVANCED_FACE('',(#2616),#2641,.F.);
#2616 = FACE_BOUND('',#2617,.F.);
#2617 = EDGE_LOOP('',(#2618,#2619,#2627,#2635));
#2618 = ORIENTED_EDGE('',*,*,#2565,.F.);
#2619 = ORIENTED_EDGE('',*,*,#2620,.T.);
#2620 = EDGE_CURVE('',#2558,#2621,#2623,.T.);
#2621 = VERTEX_POINT('',#2622);
#2622 = CARTESIAN_POINT('',(384.06079660838,-3.,218.27350269189));
#2623 = LINE('',#2624,#2625);
#2624 = CARTESIAN_POINT('',(372.06079660838,-3.,218.27350269189));
#2625 = VECTOR('',#2626,1.);
#2626 = DIRECTION('',(1.,0.,-0.));
#2627 = ORIENTED_EDGE('',*,*,#2628,.T.);
#2628 = EDGE_CURVE('',#2621,#2629,#2631,.T.);
#2629 = VERTEX_POINT('',#2630);
#2630 = CARTESIAN_POINT('',(384.06079660838,3.,218.27350269189));
#2631 = LINE('',#2632,#2633);
#2632 = CARTESIAN_POINT('',(384.06079660838,-3.,218.27350269189));
#2633 = VECTOR('',#2634,1.);
#2634 = DIRECTION('',(-0.,1.,0.));
#2635 = ORIENTED_EDGE('',*,*,#2636,.F.);
#2636 = EDGE_CURVE('',#2566,#2629,#2637,.T.);
#2637 = LINE('',#2638,#2639);
#2638 = CARTESIAN_POINT('',(372.06079660838,3.,218.27350269189));
#2639 = VECTOR('',#2640,1.);
#2640 = DIRECTION('',(1.,0.,-0.));
#2641 = PLANE('',#2642);
#2642 = AXIS2_PLACEMENT_3D('',#2643,#2644,#2645);
#2643 = CARTESIAN_POINT('',(372.06079660838,-3.,218.27350269189));
#2644 = DIRECTION('',(0.,0.,1.));
#2645 = DIRECTION('',(1.,0.,-0.));
#2646 = ADVANCED_FACE('',(#2647),#2672,.T.);
#2647 = FACE_BOUND('',#2648,.T.);
#2648 = EDGE_LOOP('',(#2649,#2657,#2665,#2671));
#2649 = ORIENTED_EDGE('',*,*,#2650,.F.);
#2650 = EDGE_CURVE('',#2651,#2589,#2653,.T.);
#2651 = VERTEX_POINT('',#2652);
#2652 = CARTESIAN_POINT('',(384.06079660838,-3.,948.27350269189));
#2653 = LINE('',#2654,#2655);
#2654 = CARTESIAN_POINT('',(384.06079660838,-3.,936.27350269189));
#2655 = VECTOR('',#2656,1.);
#2656 = DIRECTION('',(0.,0.,1.));
#2657 = ORIENTED_EDGE('',*,*,#2658,.T.);
#2658 = EDGE_CURVE('',#2651,#2659,#2661,.T.);
#2659 = VERTEX_POINT('',#2660);
#2660 = CARTESIAN_POINT('',(384.06079660838,3.,948.27350269189));
#2661 = LINE('',#2662,#2663);
#2662 = CARTESIAN_POINT('',(384.06079660838,-1.5,948.27350269189));
#2663 = VECTOR('',#2664,1.);
#2664 = DIRECTION('',(0.,1.,0.));
#2665 = ORIENTED_EDGE('',*,*,#2666,.T.);
#2666 = EDGE_CURVE('',#2659,#2591,#2667,.T.);
#2667 = LINE('',#2668,#2669);
#2668 = CARTESIAN_POINT('',(384.06079660838,3.,936.27350269189));
#2669 = VECTOR('',#2670,1.);
#2670 = DIRECTION('',(0.,0.,1.));
#2671 = ORIENTED_EDGE('',*,*,#2588,.F.);
#2672 = PLANE('',#2673);
#2673 = AXIS2_PLACEMENT_3D('',#2674,#2675,#2676);
#2674 = CARTESIAN_POINT('',(384.06079660838,-3.,936.27350269189));
#2675 = DIRECTION('',(1.,0.,0.));
#2676 = DIRECTION('',(0.,0.,1.));
#2677 = ADVANCED_FACE('',(#2678),#2703,.T.);
#2678 = FACE_BOUND('',#2679,.T.);
#2679 = EDGE_LOOP('',(#2680,#2681,#2689,#2697));
#2680 = ORIENTED_EDGE('',*,*,#2658,.F.);
#2681 = ORIENTED_EDGE('',*,*,#2682,.T.);
#2682 = EDGE_CURVE('',#2651,#2683,#2685,.T.);
#2683 = VERTEX_POINT('',#2684);
#2684 = CARTESIAN_POINT('',(443.06079660838,-3.,948.27350269189));
#2685 = LINE('',#2686,#2687);
#2686 = CARTESIAN_POINT('',(313.06079660838,-3.,948.27350269189));
#2687 = VECTOR('',#2688,1.);
#2688 = DIRECTION('',(1.,0.,-0.));
#2689 = ORIENTED_EDGE('',*,*,#2690,.T.);
#2690 = EDGE_CURVE('',#2683,#2691,#2693,.T.);
#2691 = VERTEX_POINT('',#2692);
#2692 = CARTESIAN_POINT('',(443.06079660838,3.,948.27350269189));
#2693 = LINE('',#2694,#2695);
#2694 = CARTESIAN_POINT('',(443.06079660838,-3.,948.27350269189));
#2695 = VECTOR('',#2696,1.);
#2696 = DIRECTION('',(-0.,1.,0.));
#2697 = ORIENTED_EDGE('',*,*,#2698,.F.);
#2698 = EDGE_CURVE('',#2659,#2691,#2699,.T.);
#2699 = LINE('',#2700,#2701);
#2700 = CARTESIAN_POINT('',(431.06079660838,3.,948.27350269189));
#2701 = VECTOR('',#2702,1.);
#2702 = DIRECTION('',(1.,0.,-0.));
#2703 = PLANE('',#2704);
#2704 = AXIS2_PLACEMENT_3D('',#2705,#2706,#2707);
#2705 = CARTESIAN_POINT('',(378.06079660838,0.,948.27350269189));
#2706 = DIRECTION('',(0.,0.,1.));
#2707 = DIRECTION('',(1.,0.,-0.));
#2708 = ADVANCED_FACE('',(#2709),#2734,.T.);
#2709 = FACE_BOUND('',#2710,.T.);
#2710 = EDGE_LOOP('',(#2711,#2721,#2727,#2728));
#2711 = ORIENTED_EDGE('',*,*,#2712,.T.);
#2712 = EDGE_CURVE('',#2713,#2715,#2717,.T.);
#2713 = VERTEX_POINT('',#2714);
#2714 = CARTESIAN_POINT('',(443.06079660838,-3.,308.27350269189));
#2715 = VERTEX_POINT('',#2716);
#2716 = CARTESIAN_POINT('',(443.06079660838,3.,308.27350269189));
#2717 = LINE('',#2718,#2719);
#2718 = CARTESIAN_POINT('',(443.06079660838,-3.,308.27350269189));
#2719 = VECTOR('',#2720,1.);
#2720 = DIRECTION('',(-0.,1.,0.));
#2721 = ORIENTED_EDGE('',*,*,#2722,.T.);
#2722 = EDGE_CURVE('',#2715,#2691,#2723,.T.);
#2723 = LINE('',#2724,#2725);
#2724 = CARTESIAN_POINT('',(443.06079660838,3.,308.27350269189));
#2725 = VECTOR('',#2726,1.);
#2726 = DIRECTION('',(0.,0.,1.));
#2727 = ORIENTED_EDGE('',*,*,#2690,.F.);
#2728 = ORIENTED_EDGE('',*,*,#2729,.F.);
#2729 = EDGE_CURVE('',#2713,#2683,#2730,.T.);
#2730 = LINE('',#2731,#2732);
#2731 = CARTESIAN_POINT('',(443.06079660838,-3.,308.27350269189));
#2732 = VECTOR('',#2733,1.);
#2733 = DIRECTION('',(0.,0.,1.));
#2734 = PLANE('',#2735);
#2735 = AXIS2_PLACEMENT_3D('',#2736,#2737,#2738);
#2736 = CARTESIAN_POINT('',(443.06079660838,-3.,308.27350269189));
#2737 = DIRECTION('',(1.,0.,-0.));
#2738 = DIRECTION('',(0.,0.,1.));
#2739 = ADVANCED_FACE('',(#2740),#2765,.T.);
#2740 = FACE_BOUND('',#2741,.T.);
#2741 = EDGE_LOOP('',(#2742,#2750,#2758,#2764));
#2742 = ORIENTED_EDGE('',*,*,#2743,.F.);
#2743 = EDGE_CURVE('',#2744,#2713,#2746,.T.);
#2744 = VERTEX_POINT('',#2745);
#2745 = CARTESIAN_POINT('',(384.06079660838,-3.,308.27350269189));
#2746 = LINE('',#2747,#2748);
#2747 = CARTESIAN_POINT('',(431.06079660838,-3.,308.27350269189));
#2748 = VECTOR('',#2749,1.);
#2749 = DIRECTION('',(1.,0.,-0.));
#2750 = ORIENTED_EDGE('',*,*,#2751,.F.);
#2751 = EDGE_CURVE('',#2752,#2744,#2754,.T.);
#2752 = VERTEX_POINT('',#2753);
#2753 = CARTESIAN_POINT('',(384.06079660838,3.,308.27350269189));
#2754 = LINE('',#2755,#2756);
#2755 = CARTESIAN_POINT('',(384.06079660838,-1.5,308.27350269189));
#2756 = VECTOR('',#2757,1.);
#2757 = DIRECTION('',(0.,-1.,0.));
#2758 = ORIENTED_EDGE('',*,*,#2759,.T.);
#2759 = EDGE_CURVE('',#2752,#2715,#2760,.T.);
#2760 = LINE('',#2761,#2762);
#2761 = CARTESIAN_POINT('',(313.06079660838,3.,308.27350269189));
#2762 = VECTOR('',#2763,1.);
#2763 = DIRECTION('',(1.,0.,-0.));
#2764 = ORIENTED_EDGE('',*,*,#2712,.F.);
#2765 = PLANE('',#2766);
#2766 = AXIS2_PLACEMENT_3D('',#2767,#2768,#2769);
#2767 = CARTESIAN_POINT('',(378.06079660838,0.,308.27350269189));
#2768 = DIRECTION('',(-0.,-0.,-1.));
#2769 = DIRECTION('',(-1.,0.,0.));
#2770 = ADVANCED_FACE('',(#2771),#2787,.T.);
#2771 = FACE_BOUND('',#2772,.T.);
#2772 = EDGE_LOOP('',(#2773,#2779,#2780,#2786));
#2773 = ORIENTED_EDGE('',*,*,#2774,.F.);
#2774 = EDGE_CURVE('',#2621,#2744,#2775,.T.);
#2775 = LINE('',#2776,#2777);
#2776 = CARTESIAN_POINT('',(384.06079660838,-3.,218.27350269189));
#2777 = VECTOR('',#2778,1.);
#2778 = DIRECTION('',(0.,0.,1.));
#2779 = ORIENTED_EDGE('',*,*,#2628,.T.);
#2780 = ORIENTED_EDGE('',*,*,#2781,.T.);
#2781 = EDGE_CURVE('',#2629,#2752,#2782,.T.);
#2782 = LINE('',#2783,#2784);
#2783 = CARTESIAN_POINT('',(384.06079660838,3.,218.27350269189));
#2784 = VECTOR('',#2785,1.);
#2785 = DIRECTION('',(0.,0.,1.));
#2786 = ORIENTED_EDGE('',*,*,#2751,.T.);
#2787 = PLANE('',#2788);
#2788 = AXIS2_PLACEMENT_3D('',#2789,#2790,#2791);
#2789 = CARTESIAN_POINT('',(384.06079660838,-3.,218.27350269189));
#2790 = DIRECTION('',(1.,0.,-0.));
#2791 = DIRECTION('',(0.,0.,1.));
#2792 = ADVANCED_FACE('',(#2793,#2807,#2905),#2939,.T.);
#2793 = FACE_BOUND('',#2794,.T.);
#2794 = EDGE_LOOP('',(#2795,#2796,#2797,#2798,#2799,#2800,#2801,#2802,
    #2803,#2804,#2805,#2806));
#2795 = ORIENTED_EDGE('',*,*,#2424,.F.);
#2796 = ORIENTED_EDGE('',*,*,#2495,.T.);
#2797 = ORIENTED_EDGE('',*,*,#2557,.F.);
#2798 = ORIENTED_EDGE('',*,*,#2620,.T.);
#2799 = ORIENTED_EDGE('',*,*,#2774,.T.);
#2800 = ORIENTED_EDGE('',*,*,#2743,.T.);
#2801 = ORIENTED_EDGE('',*,*,#2729,.T.);
#2802 = ORIENTED_EDGE('',*,*,#2682,.F.);
#2803 = ORIENTED_EDGE('',*,*,#2650,.T.);
#2804 = ORIENTED_EDGE('',*,*,#2605,.T.);
#2805 = ORIENTED_EDGE('',*,*,#2526,.T.);
#2806 = ORIENTED_EDGE('',*,*,#2465,.F.);
#2807 = FACE_BOUND('',#2808,.T.);
#2808 = EDGE_LOOP('',(#2809,#2819,#2827,#2835,#2843,#2851,#2859,#2867,
    #2875,#2883,#2891,#2899));
#2809 = ORIENTED_EDGE('',*,*,#2810,.T.);
#2810 = EDGE_CURVE('',#2811,#2813,#2815,.T.);
#2811 = VERTEX_POINT('',#2812);
#2812 = CARTESIAN_POINT('',(325.06079660838,-3.,936.27350269189));
#2813 = VERTEX_POINT('',#2814);
#2814 = CARTESIAN_POINT('',(431.06079660838,-3.,936.27350269189));
#2815 = LINE('',#2816,#2817);
#2816 = CARTESIAN_POINT('',(313.06079660838,-3.,936.27350269189));
#2817 = VECTOR('',#2818,1.);
#2818 = DIRECTION('',(1.,0.,-0.));
#2819 = ORIENTED_EDGE('',*,*,#2820,.F.);
#2820 = EDGE_CURVE('',#2821,#2813,#2823,.T.);
#2821 = VERTEX_POINT('',#2822);
#2822 = CARTESIAN_POINT('',(431.06079660838,-3.,320.27350269189));
#2823 = LINE('',#2824,#2825);
#2824 = CARTESIAN_POINT('',(431.06079660838,-3.,308.27350269189));
#2825 = VECTOR('',#2826,1.);
#2826 = DIRECTION('',(0.,0.,1.));
#2827 = ORIENTED_EDGE('',*,*,#2828,.F.);
#2828 = EDGE_CURVE('',#2829,#2821,#2831,.T.);
#2829 = VERTEX_POINT('',#2830);
#2830 = CARTESIAN_POINT('',(384.06079660838,-3.,320.27350269189));
#2831 = LINE('',#2832,#2833);
#2832 = CARTESIAN_POINT('',(313.06079660838,-3.,320.27350269189));
#2833 = VECTOR('',#2834,1.);
#2834 = DIRECTION('',(1.,0.,-0.));
#2835 = ORIENTED_EDGE('',*,*,#2836,.T.);
#2836 = EDGE_CURVE('',#2829,#2837,#2839,.T.);
#2837 = VERTEX_POINT('',#2838);
#2838 = CARTESIAN_POINT('',(384.06079660838,-3.,378.27350269189));
#2839 = LINE('',#2840,#2841);
#2840 = CARTESIAN_POINT('',(384.06079660838,-3.,320.27350269189));
#2841 = VECTOR('',#2842,1.);
#2842 = DIRECTION('',(0.,0.,1.));
#2843 = ORIENTED_EDGE('',*,*,#2844,.T.);
#2844 = EDGE_CURVE('',#2837,#2845,#2847,.T.);
#2845 = VERTEX_POINT('',#2846);
#2846 = CARTESIAN_POINT('',(408.06079660838,-3.,378.27350269189));
#2847 = LINE('',#2848,#2849);
#2848 = CARTESIAN_POINT('',(396.06079660838,-3.,378.27350269189));
#2849 = VECTOR('',#2850,1.);
#2850 = DIRECTION('',(1.,0.,-0.));
#2851 = ORIENTED_EDGE('',*,*,#2852,.T.);
#2852 = EDGE_CURVE('',#2845,#2853,#2855,.T.);
#2853 = VERTEX_POINT('',#2854);
#2854 = CARTESIAN_POINT('',(408.06079660838,-3.,878.27350269189));
#2855 = LINE('',#2856,#2857);
#2856 = CARTESIAN_POINT('',(408.06079660838,-3.,378.27350269189));
#2857 = VECTOR('',#2858,1.);
#2858 = DIRECTION('',(0.,0.,1.));
#2859 = ORIENTED_EDGE('',*,*,#2860,.F.);
#2860 = EDGE_CURVE('',#2861,#2853,#2863,.T.);
#2861 = VERTEX_POINT('',#2862);
#2862 = CARTESIAN_POINT('',(348.06079660838,-3.,878.27350269189));
#2863 = LINE('',#2864,#2865);
#2864 = CARTESIAN_POINT('',(348.06079660838,-3.,878.27350269189));
#2865 = VECTOR('',#2866,1.);
#2866 = DIRECTION('',(1.,0.,-0.));
#2867 = ORIENTED_EDGE('',*,*,#2868,.F.);
#2868 = EDGE_CURVE('',#2869,#2861,#2871,.T.);
#2869 = VERTEX_POINT('',#2870);
#2870 = CARTESIAN_POINT('',(348.06079660838,-3.,378.27350269189));
#2871 = LINE('',#2872,#2873);
#2872 = CARTESIAN_POINT('',(348.06079660838,-3.,378.27350269189));
#2873 = VECTOR('',#2874,1.);
#2874 = DIRECTION('',(0.,0.,1.));
#2875 = ORIENTED_EDGE('',*,*,#2876,.T.);
#2876 = EDGE_CURVE('',#2869,#2877,#2879,.T.);
#2877 = VERTEX_POINT('',#2878);
#2878 = CARTESIAN_POINT('',(372.06079660838,-3.,378.27350269189));
#2879 = LINE('',#2880,#2881);
#2880 = CARTESIAN_POINT('',(396.06079660838,-3.,378.27350269189));
#2881 = VECTOR('',#2882,1.);
#2882 = DIRECTION('',(1.,0.,-0.));
#2883 = ORIENTED_EDGE('',*,*,#2884,.F.);
#2884 = EDGE_CURVE('',#2885,#2877,#2887,.T.);
#2885 = VERTEX_POINT('',#2886);
#2886 = CARTESIAN_POINT('',(372.06079660838,-3.,320.27350269189));
#2887 = LINE('',#2888,#2889);
#2888 = CARTESIAN_POINT('',(372.06079660838,-3.,320.27350269189));
#2889 = VECTOR('',#2890,1.);
#2890 = DIRECTION('',(0.,0.,1.));
#2891 = ORIENTED_EDGE('',*,*,#2892,.F.);
#2892 = EDGE_CURVE('',#2893,#2885,#2895,.T.);
#2893 = VERTEX_POINT('',#2894);
#2894 = CARTESIAN_POINT('',(325.06079660838,-3.,320.27350269189));
#2895 = LINE('',#2896,#2897);
#2896 = CARTESIAN_POINT('',(313.06079660838,-3.,320.27350269189));
#2897 = VECTOR('',#2898,1.);
#2898 = DIRECTION('',(1.,0.,-0.));
#2899 = ORIENTED_EDGE('',*,*,#2900,.T.);
#2900 = EDGE_CURVE('',#2893,#2811,#2901,.T.);
#2901 = LINE('',#2902,#2903);
#2902 = CARTESIAN_POINT('',(325.06079660838,-3.,308.27350269189));
#2903 = VECTOR('',#2904,1.);
#2904 = DIRECTION('',(0.,0.,1.));
#2905 = FACE_BOUND('',#2906,.T.);
#2906 = EDGE_LOOP('',(#2907,#2917,#2925,#2933));
#2907 = ORIENTED_EDGE('',*,*,#2908,.F.);
#2908 = EDGE_CURVE('',#2909,#2911,#2913,.T.);
#2909 = VERTEX_POINT('',#2910);
#2910 = CARTESIAN_POINT('',(360.06079660838,-3.,390.27350269189));
#2911 = VERTEX_POINT('',#2912);
#2912 = CARTESIAN_POINT('',(396.06079660838,-3.,390.27350269189));
#2913 = LINE('',#2914,#2915);
#2914 = CARTESIAN_POINT('',(348.06079660838,-3.,390.27350269189));
#2915 = VECTOR('',#2916,1.);
#2916 = DIRECTION('',(1.,0.,-0.));
#2917 = ORIENTED_EDGE('',*,*,#2918,.T.);
#2918 = EDGE_CURVE('',#2909,#2919,#2921,.T.);
#2919 = VERTEX_POINT('',#2920);
#2920 = CARTESIAN_POINT('',(360.06079660838,-3.,866.27350269189));
#2921 = LINE('',#2922,#2923);
#2922 = CARTESIAN_POINT('',(360.06079660838,-3.,378.27350269189));
#2923 = VECTOR('',#2924,1.);
#2924 = DIRECTION('',(0.,0.,1.));
#2925 = ORIENTED_EDGE('',*,*,#2926,.T.);
#2926 = EDGE_CURVE('',#2919,#2927,#2929,.T.);
#2927 = VERTEX_POINT('',#2928);
#2928 = CARTESIAN_POINT('',(396.06079660838,-3.,866.27350269189));
#2929 = LINE('',#2930,#2931);
#2930 = CARTESIAN_POINT('',(348.06079660838,-3.,866.27350269189));
#2931 = VECTOR('',#2932,1.);
#2932 = DIRECTION('',(1.,0.,-0.));
#2933 = ORIENTED_EDGE('',*,*,#2934,.F.);
#2934 = EDGE_CURVE('',#2911,#2927,#2935,.T.);
#2935 = LINE('',#2936,#2937);
#2936 = CARTESIAN_POINT('',(396.06079660838,-3.,378.27350269189));
#2937 = VECTOR('',#2938,1.);
#2938 = DIRECTION('',(0.,0.,1.));
#2939 = PLANE('',#2940);
#2940 = AXIS2_PLACEMENT_3D('',#2941,#2942,#2943);
#2941 = CARTESIAN_POINT('',(378.07978249201,-3.,692.84295658211));
#2942 = DIRECTION('',(-0.,-1.,-0.));
#2943 = DIRECTION('',(0.,0.,-1.));
#2944 = ADVANCED_FACE('',(#2945),#2970,.T.);
#2945 = FACE_BOUND('',#2946,.T.);
#2946 = EDGE_LOOP('',(#2947,#2948,#2956,#2964));
#2947 = ORIENTED_EDGE('',*,*,#2900,.F.);
#2948 = ORIENTED_EDGE('',*,*,#2949,.F.);
#2949 = EDGE_CURVE('',#2950,#2893,#2952,.T.);
#2950 = VERTEX_POINT('',#2951);
#2951 = CARTESIAN_POINT('',(325.06079660838,3.,320.27350269189));
#2952 = LINE('',#2953,#2954);
#2953 = CARTESIAN_POINT('',(325.06079660838,-3.,320.27350269189));
#2954 = VECTOR('',#2955,1.);
#2955 = DIRECTION('',(0.,-1.,0.));
#2956 = ORIENTED_EDGE('',*,*,#2957,.T.);
#2957 = EDGE_CURVE('',#2950,#2958,#2960,.T.);
#2958 = VERTEX_POINT('',#2959);
#2959 = CARTESIAN_POINT('',(325.06079660838,3.,936.27350269189));
#2960 = LINE('',#2961,#2962);
#2961 = CARTESIAN_POINT('',(325.06079660838,3.,308.27350269189));
#2962 = VECTOR('',#2963,1.);
#2963 = DIRECTION('',(0.,0.,1.));
#2964 = ORIENTED_EDGE('',*,*,#2965,.T.);
#2965 = EDGE_CURVE('',#2958,#2811,#2966,.T.);
#2966 = LINE('',#2967,#2968);
#2967 = CARTESIAN_POINT('',(325.06079660838,-3.,936.27350269189));
#2968 = VECTOR('',#2969,1.);
#2969 = DIRECTION('',(0.,-1.,0.));
#2970 = PLANE('',#2971);
#2971 = AXIS2_PLACEMENT_3D('',#2972,#2973,#2974);
#2972 = CARTESIAN_POINT('',(325.06079660838,-3.,308.27350269189));
#2973 = DIRECTION('',(1.,0.,-0.));
#2974 = DIRECTION('',(0.,0.,1.));
#2975 = ADVANCED_FACE('',(#2976),#2994,.T.);
#2976 = FACE_BOUND('',#2977,.T.);
#2977 = EDGE_LOOP('',(#2978,#2986,#2987,#2988));
#2978 = ORIENTED_EDGE('',*,*,#2979,.F.);
#2979 = EDGE_CURVE('',#2950,#2980,#2982,.T.);
#2980 = VERTEX_POINT('',#2981);
#2981 = CARTESIAN_POINT('',(372.06079660838,3.,320.27350269189));
#2982 = LINE('',#2983,#2984);
#2983 = CARTESIAN_POINT('',(313.06079660838,3.,320.27350269189));
#2984 = VECTOR('',#2985,1.);
#2985 = DIRECTION('',(1.,0.,-0.));
#2986 = ORIENTED_EDGE('',*,*,#2949,.T.);
#2987 = ORIENTED_EDGE('',*,*,#2892,.T.);
#2988 = ORIENTED_EDGE('',*,*,#2989,.T.);
#2989 = EDGE_CURVE('',#2885,#2980,#2990,.T.);
#2990 = LINE('',#2991,#2992);
#2991 = CARTESIAN_POINT('',(372.06079660838,-3.,320.27350269189));
#2992 = VECTOR('',#2993,1.);
#2993 = DIRECTION('',(-0.,1.,0.));
#2994 = PLANE('',#2995);
#2995 = AXIS2_PLACEMENT_3D('',#2996,#2997,#2998);
#2996 = CARTESIAN_POINT('',(313.06079660838,-3.,320.27350269189));
#2997 = DIRECTION('',(0.,0.,1.));
#2998 = DIRECTION('',(1.,0.,-0.));
#2999 = ADVANCED_FACE('',(#3000),#3018,.F.);
#3000 = FACE_BOUND('',#3001,.F.);
#3001 = EDGE_LOOP('',(#3002,#3003,#3004,#3012));
#3002 = ORIENTED_EDGE('',*,*,#2884,.F.);
#3003 = ORIENTED_EDGE('',*,*,#2989,.T.);
#3004 = ORIENTED_EDGE('',*,*,#3005,.T.);
#3005 = EDGE_CURVE('',#2980,#3006,#3008,.T.);
#3006 = VERTEX_POINT('',#3007);
#3007 = CARTESIAN_POINT('',(372.06079660838,3.,378.27350269189));
#3008 = LINE('',#3009,#3010);
#3009 = CARTESIAN_POINT('',(372.06079660838,3.,320.27350269189));
#3010 = VECTOR('',#3011,1.);
#3011 = DIRECTION('',(0.,0.,1.));
#3012 = ORIENTED_EDGE('',*,*,#3013,.F.);
#3013 = EDGE_CURVE('',#2877,#3006,#3014,.T.);
#3014 = LINE('',#3015,#3016);
#3015 = CARTESIAN_POINT('',(372.06079660838,-3.,378.27350269189));
#3016 = VECTOR('',#3017,1.);
#3017 = DIRECTION('',(-0.,1.,0.));
#3018 = PLANE('',#3019);
#3019 = AXIS2_PLACEMENT_3D('',#3020,#3021,#3022);
#3020 = CARTESIAN_POINT('',(372.06079660838,-3.,320.27350269189));
#3021 = DIRECTION('',(1.,0.,-0.));
#3022 = DIRECTION('',(0.,0.,1.));
#3023 = ADVANCED_FACE('',(#3024),#3042,.T.);
#3024 = FACE_BOUND('',#3025,.T.);
#3025 = EDGE_LOOP('',(#3026,#3027,#3035,#3041));
#3026 = ORIENTED_EDGE('',*,*,#2876,.F.);
#3027 = ORIENTED_EDGE('',*,*,#3028,.T.);
#3028 = EDGE_CURVE('',#2869,#3029,#3031,.T.);
#3029 = VERTEX_POINT('',#3030);
#3030 = CARTESIAN_POINT('',(348.06079660838,3.,378.27350269189));
#3031 = LINE('',#3032,#3033);
#3032 = CARTESIAN_POINT('',(348.06079660838,-3.,378.27350269189));
#3033 = VECTOR('',#3034,1.);
#3034 = DIRECTION('',(-0.,1.,0.));
#3035 = ORIENTED_EDGE('',*,*,#3036,.T.);
#3036 = EDGE_CURVE('',#3029,#3006,#3037,.T.);
#3037 = LINE('',#3038,#3039);
#3038 = CARTESIAN_POINT('',(348.06079660838,3.,378.27350269189));
#3039 = VECTOR('',#3040,1.);
#3040 = DIRECTION('',(1.,0.,-0.));
#3041 = ORIENTED_EDGE('',*,*,#3013,.F.);
#3042 = PLANE('',#3043);
#3043 = AXIS2_PLACEMENT_3D('',#3044,#3045,#3046);
#3044 = CARTESIAN_POINT('',(378.06079660838,0.,378.27350269189));
#3045 = DIRECTION('',(-0.,-0.,-1.));
#3046 = DIRECTION('',(-1.,0.,0.));
#3047 = ADVANCED_FACE('',(#3048),#3066,.F.);
#3048 = FACE_BOUND('',#3049,.T.);
#3049 = EDGE_LOOP('',(#3050,#3051,#3059,#3065));
#3050 = ORIENTED_EDGE('',*,*,#2868,.T.);
#3051 = ORIENTED_EDGE('',*,*,#3052,.T.);
#3052 = EDGE_CURVE('',#2861,#3053,#3055,.T.);
#3053 = VERTEX_POINT('',#3054);
#3054 = CARTESIAN_POINT('',(348.06079660838,3.,878.27350269189));
#3055 = LINE('',#3056,#3057);
#3056 = CARTESIAN_POINT('',(348.06079660838,-3.,878.27350269189));
#3057 = VECTOR('',#3058,1.);
#3058 = DIRECTION('',(-0.,1.,0.));
#3059 = ORIENTED_EDGE('',*,*,#3060,.F.);
#3060 = EDGE_CURVE('',#3029,#3053,#3061,.T.);
#3061 = LINE('',#3062,#3063);
#3062 = CARTESIAN_POINT('',(348.06079660838,3.,378.27350269189));
#3063 = VECTOR('',#3064,1.);
#3064 = DIRECTION('',(0.,0.,1.));
#3065 = ORIENTED_EDGE('',*,*,#3028,.F.);
#3066 = PLANE('',#3067);
#3067 = AXIS2_PLACEMENT_3D('',#3068,#3069,#3070);
#3068 = CARTESIAN_POINT('',(348.06079660838,-3.,378.27350269189));
#3069 = DIRECTION('',(1.,0.,-0.));
#3070 = DIRECTION('',(0.,0.,1.));
#3071 = ADVANCED_FACE('',(#3072),#3090,.T.);
#3072 = FACE_BOUND('',#3073,.T.);
#3073 = EDGE_LOOP('',(#3074,#3075,#3076,#3084));
#3074 = ORIENTED_EDGE('',*,*,#3052,.F.);
#3075 = ORIENTED_EDGE('',*,*,#2860,.T.);
#3076 = ORIENTED_EDGE('',*,*,#3077,.T.);
#3077 = EDGE_CURVE('',#2853,#3078,#3080,.T.);
#3078 = VERTEX_POINT('',#3079);
#3079 = CARTESIAN_POINT('',(408.06079660838,3.,878.27350269189));
#3080 = LINE('',#3081,#3082);
#3081 = CARTESIAN_POINT('',(408.06079660838,-3.,878.27350269189));
#3082 = VECTOR('',#3083,1.);
#3083 = DIRECTION('',(-0.,1.,0.));
#3084 = ORIENTED_EDGE('',*,*,#3085,.F.);
#3085 = EDGE_CURVE('',#3053,#3078,#3086,.T.);
#3086 = LINE('',#3087,#3088);
#3087 = CARTESIAN_POINT('',(396.06079660838,3.,878.27350269189));
#3088 = VECTOR('',#3089,1.);
#3089 = DIRECTION('',(1.,0.,-0.));
#3090 = PLANE('',#3091);
#3091 = AXIS2_PLACEMENT_3D('',#3092,#3093,#3094);
#3092 = CARTESIAN_POINT('',(378.06079660838,0.,878.27350269189));
#3093 = DIRECTION('',(0.,0.,1.));
#3094 = DIRECTION('',(1.,0.,-0.));
#3095 = ADVANCED_FACE('',(#3096),#3121,.T.);
#3096 = FACE_BOUND('',#3097,.T.);
#3097 = EDGE_LOOP('',(#3098,#3108,#3114,#3115));
#3098 = ORIENTED_EDGE('',*,*,#3099,.F.);
#3099 = EDGE_CURVE('',#3100,#3102,#3104,.T.);
#3100 = VERTEX_POINT('',#3101);
#3101 = CARTESIAN_POINT('',(384.06079660838,3.,320.27350269189));
#3102 = VERTEX_POINT('',#3103);
#3103 = CARTESIAN_POINT('',(431.06079660838,3.,320.27350269189));
#3104 = LINE('',#3105,#3106);
#3105 = CARTESIAN_POINT('',(313.06079660838,3.,320.27350269189));
#3106 = VECTOR('',#3107,1.);
#3107 = DIRECTION('',(1.,0.,-0.));
#3108 = ORIENTED_EDGE('',*,*,#3109,.F.);
#3109 = EDGE_CURVE('',#2829,#3100,#3110,.T.);
#3110 = LINE('',#3111,#3112);
#3111 = CARTESIAN_POINT('',(384.06079660838,-3.,320.27350269189));
#3112 = VECTOR('',#3113,1.);
#3113 = DIRECTION('',(-0.,1.,0.));
#3114 = ORIENTED_EDGE('',*,*,#2828,.T.);
#3115 = ORIENTED_EDGE('',*,*,#3116,.F.);
#3116 = EDGE_CURVE('',#3102,#2821,#3117,.T.);
#3117 = LINE('',#3118,#3119);
#3118 = CARTESIAN_POINT('',(431.06079660838,-3.,320.27350269189));
#3119 = VECTOR('',#3120,1.);
#3120 = DIRECTION('',(0.,-1.,0.));
#3121 = PLANE('',#3122);
#3122 = AXIS2_PLACEMENT_3D('',#3123,#3124,#3125);
#3123 = CARTESIAN_POINT('',(313.06079660838,-3.,320.27350269189));
#3124 = DIRECTION('',(0.,0.,1.));
#3125 = DIRECTION('',(1.,0.,-0.));
#3126 = ADVANCED_FACE('',(#3127),#3145,.F.);
#3127 = FACE_BOUND('',#3128,.F.);
#3128 = EDGE_LOOP('',(#3129,#3130,#3131,#3139));
#3129 = ORIENTED_EDGE('',*,*,#2820,.F.);
#3130 = ORIENTED_EDGE('',*,*,#3116,.F.);
#3131 = ORIENTED_EDGE('',*,*,#3132,.T.);
#3132 = EDGE_CURVE('',#3102,#3133,#3135,.T.);
#3133 = VERTEX_POINT('',#3134);
#3134 = CARTESIAN_POINT('',(431.06079660838,3.,936.27350269189));
#3135 = LINE('',#3136,#3137);
#3136 = CARTESIAN_POINT('',(431.06079660838,3.,308.27350269189));
#3137 = VECTOR('',#3138,1.);
#3138 = DIRECTION('',(0.,0.,1.));
#3139 = ORIENTED_EDGE('',*,*,#3140,.T.);
#3140 = EDGE_CURVE('',#3133,#2813,#3141,.T.);
#3141 = LINE('',#3142,#3143);
#3142 = CARTESIAN_POINT('',(431.06079660838,-3.,936.27350269189));
#3143 = VECTOR('',#3144,1.);
#3144 = DIRECTION('',(0.,-1.,0.));
#3145 = PLANE('',#3146);
#3146 = AXIS2_PLACEMENT_3D('',#3147,#3148,#3149);
#3147 = CARTESIAN_POINT('',(431.06079660838,-3.,308.27350269189));
#3148 = DIRECTION('',(1.,0.,-0.));
#3149 = DIRECTION('',(0.,0.,1.));
#3150 = ADVANCED_FACE('',(#3151),#3169,.T.);
#3151 = FACE_BOUND('',#3152,.T.);
#3152 = EDGE_LOOP('',(#3153,#3154,#3155,#3163));
#3153 = ORIENTED_EDGE('',*,*,#2836,.F.);
#3154 = ORIENTED_EDGE('',*,*,#3109,.T.);
#3155 = ORIENTED_EDGE('',*,*,#3156,.T.);
#3156 = EDGE_CURVE('',#3100,#3157,#3159,.T.);
#3157 = VERTEX_POINT('',#3158);
#3158 = CARTESIAN_POINT('',(384.06079660838,3.,378.27350269189));
#3159 = LINE('',#3160,#3161);
#3160 = CARTESIAN_POINT('',(384.06079660838,3.,320.27350269189));
#3161 = VECTOR('',#3162,1.);
#3162 = DIRECTION('',(0.,0.,1.));
#3163 = ORIENTED_EDGE('',*,*,#3164,.F.);
#3164 = EDGE_CURVE('',#2837,#3157,#3165,.T.);
#3165 = LINE('',#3166,#3167);
#3166 = CARTESIAN_POINT('',(384.06079660838,-3.,378.27350269189));
#3167 = VECTOR('',#3168,1.);
#3168 = DIRECTION('',(-0.,1.,0.));
#3169 = PLANE('',#3170);
#3170 = AXIS2_PLACEMENT_3D('',#3171,#3172,#3173);
#3171 = CARTESIAN_POINT('',(384.06079660838,-3.,320.27350269189));
#3172 = DIRECTION('',(1.,0.,-0.));
#3173 = DIRECTION('',(0.,0.,1.));
#3174 = ADVANCED_FACE('',(#3175),#3193,.T.);
#3175 = FACE_BOUND('',#3176,.T.);
#3176 = EDGE_LOOP('',(#3177,#3178,#3179,#3187));
#3177 = ORIENTED_EDGE('',*,*,#2844,.F.);
#3178 = ORIENTED_EDGE('',*,*,#3164,.T.);
#3179 = ORIENTED_EDGE('',*,*,#3180,.T.);
#3180 = EDGE_CURVE('',#3157,#3181,#3183,.T.);
#3181 = VERTEX_POINT('',#3182);
#3182 = CARTESIAN_POINT('',(408.06079660838,3.,378.27350269189));
#3183 = LINE('',#3184,#3185);
#3184 = CARTESIAN_POINT('',(348.06079660838,3.,378.27350269189));
#3185 = VECTOR('',#3186,1.);
#3186 = DIRECTION('',(1.,0.,-0.));
#3187 = ORIENTED_EDGE('',*,*,#3188,.F.);
#3188 = EDGE_CURVE('',#2845,#3181,#3189,.T.);
#3189 = LINE('',#3190,#3191);
#3190 = CARTESIAN_POINT('',(408.06079660838,-3.,378.27350269189));
#3191 = VECTOR('',#3192,1.);
#3192 = DIRECTION('',(-0.,1.,0.));
#3193 = PLANE('',#3194);
#3194 = AXIS2_PLACEMENT_3D('',#3195,#3196,#3197);
#3195 = CARTESIAN_POINT('',(378.06079660838,0.,378.27350269189));
#3196 = DIRECTION('',(-0.,-0.,-1.));
#3197 = DIRECTION('',(-1.,0.,0.));
#3198 = ADVANCED_FACE('',(#3199),#3210,.T.);
#3199 = FACE_BOUND('',#3200,.T.);
#3200 = EDGE_LOOP('',(#3201,#3202,#3208,#3209));
#3201 = ORIENTED_EDGE('',*,*,#3188,.T.);
#3202 = ORIENTED_EDGE('',*,*,#3203,.T.);
#3203 = EDGE_CURVE('',#3181,#3078,#3204,.T.);
#3204 = LINE('',#3205,#3206);
#3205 = CARTESIAN_POINT('',(408.06079660838,3.,378.27350269189));
#3206 = VECTOR('',#3207,1.);
#3207 = DIRECTION('',(0.,0.,1.));
#3208 = ORIENTED_EDGE('',*,*,#3077,.F.);
#3209 = ORIENTED_EDGE('',*,*,#2852,.F.);
#3210 = PLANE('',#3211);
#3211 = AXIS2_PLACEMENT_3D('',#3212,#3213,#3214);
#3212 = CARTESIAN_POINT('',(408.06079660838,-3.,378.27350269189));
#3213 = DIRECTION('',(1.,0.,-0.));
#3214 = DIRECTION('',(0.,0.,1.));
#3215 = ADVANCED_FACE('',(#3216),#3241,.T.);
#3216 = FACE_BOUND('',#3217,.T.);
#3217 = EDGE_LOOP('',(#3218,#3226,#3227,#3235));
#3218 = ORIENTED_EDGE('',*,*,#3219,.T.);
#3219 = EDGE_CURVE('',#3220,#2909,#3222,.T.);
#3220 = VERTEX_POINT('',#3221);
#3221 = CARTESIAN_POINT('',(360.06079660838,3.,390.27350269189));
#3222 = LINE('',#3223,#3224);
#3223 = CARTESIAN_POINT('',(360.06079660838,-3.,390.27350269189));
#3224 = VECTOR('',#3225,1.);
#3225 = DIRECTION('',(0.,-1.,0.));
#3226 = ORIENTED_EDGE('',*,*,#2908,.T.);
#3227 = ORIENTED_EDGE('',*,*,#3228,.F.);
#3228 = EDGE_CURVE('',#3229,#2911,#3231,.T.);
#3229 = VERTEX_POINT('',#3230);
#3230 = CARTESIAN_POINT('',(396.06079660838,3.,390.27350269189));
#3231 = LINE('',#3232,#3233);
#3232 = CARTESIAN_POINT('',(396.06079660838,-3.,390.27350269189));
#3233 = VECTOR('',#3234,1.);
#3234 = DIRECTION('',(0.,-1.,0.));
#3235 = ORIENTED_EDGE('',*,*,#3236,.F.);
#3236 = EDGE_CURVE('',#3220,#3229,#3237,.T.);
#3237 = LINE('',#3238,#3239);
#3238 = CARTESIAN_POINT('',(348.06079660838,3.,390.27350269189));
#3239 = VECTOR('',#3240,1.);
#3240 = DIRECTION('',(1.,0.,-0.));
#3241 = PLANE('',#3242);
#3242 = AXIS2_PLACEMENT_3D('',#3243,#3244,#3245);
#3243 = CARTESIAN_POINT('',(348.06079660838,-3.,390.27350269189));
#3244 = DIRECTION('',(0.,0.,1.));
#3245 = DIRECTION('',(1.,0.,-0.));
#3246 = ADVANCED_FACE('',(#3247),#3265,.T.);
#3247 = FACE_BOUND('',#3248,.T.);
#3248 = EDGE_LOOP('',(#3249,#3250,#3251,#3259));
#3249 = ORIENTED_EDGE('',*,*,#2918,.F.);
#3250 = ORIENTED_EDGE('',*,*,#3219,.F.);
#3251 = ORIENTED_EDGE('',*,*,#3252,.T.);
#3252 = EDGE_CURVE('',#3220,#3253,#3255,.T.);
#3253 = VERTEX_POINT('',#3254);
#3254 = CARTESIAN_POINT('',(360.06079660838,3.,866.27350269189));
#3255 = LINE('',#3256,#3257);
#3256 = CARTESIAN_POINT('',(360.06079660838,3.,378.27350269189));
#3257 = VECTOR('',#3258,1.);
#3258 = DIRECTION('',(0.,0.,1.));
#3259 = ORIENTED_EDGE('',*,*,#3260,.T.);
#3260 = EDGE_CURVE('',#3253,#2919,#3261,.T.);
#3261 = LINE('',#3262,#3263);
#3262 = CARTESIAN_POINT('',(360.06079660838,-3.,866.27350269189));
#3263 = VECTOR('',#3264,1.);
#3264 = DIRECTION('',(0.,-1.,0.));
#3265 = PLANE('',#3266);
#3266 = AXIS2_PLACEMENT_3D('',#3267,#3268,#3269);
#3267 = CARTESIAN_POINT('',(360.06079660838,-3.,378.27350269189));
#3268 = DIRECTION('',(1.,0.,-0.));
#3269 = DIRECTION('',(0.,0.,1.));
#3270 = ADVANCED_FACE('',(#3271),#3289,.F.);
#3271 = FACE_BOUND('',#3272,.F.);
#3272 = EDGE_LOOP('',(#3273,#3274,#3275,#3283));
#3273 = ORIENTED_EDGE('',*,*,#3260,.T.);
#3274 = ORIENTED_EDGE('',*,*,#2926,.T.);
#3275 = ORIENTED_EDGE('',*,*,#3276,.F.);
#3276 = EDGE_CURVE('',#3277,#2927,#3279,.T.);
#3277 = VERTEX_POINT('',#3278);
#3278 = CARTESIAN_POINT('',(396.06079660838,3.,866.27350269189));
#3279 = LINE('',#3280,#3281);
#3280 = CARTESIAN_POINT('',(396.06079660838,-3.,866.27350269189));
#3281 = VECTOR('',#3282,1.);
#3282 = DIRECTION('',(0.,-1.,0.));
#3283 = ORIENTED_EDGE('',*,*,#3284,.F.);
#3284 = EDGE_CURVE('',#3253,#3277,#3285,.T.);
#3285 = LINE('',#3286,#3287);
#3286 = CARTESIAN_POINT('',(348.06079660838,3.,866.27350269189));
#3287 = VECTOR('',#3288,1.);
#3288 = DIRECTION('',(1.,0.,-0.));
#3289 = PLANE('',#3290);
#3290 = AXIS2_PLACEMENT_3D('',#3291,#3292,#3293);
#3291 = CARTESIAN_POINT('',(348.06079660838,-3.,866.27350269189));
#3292 = DIRECTION('',(0.,0.,1.));
#3293 = DIRECTION('',(1.,0.,-0.));
#3294 = ADVANCED_FACE('',(#3295),#3306,.F.);
#3295 = FACE_BOUND('',#3296,.F.);
#3296 = EDGE_LOOP('',(#3297,#3298,#3299,#3305));
#3297 = ORIENTED_EDGE('',*,*,#2934,.F.);
#3298 = ORIENTED_EDGE('',*,*,#3228,.F.);
#3299 = ORIENTED_EDGE('',*,*,#3300,.T.);
#3300 = EDGE_CURVE('',#3229,#3277,#3301,.T.);
#3301 = LINE('',#3302,#3303);
#3302 = CARTESIAN_POINT('',(396.06079660838,3.,378.27350269189));
#3303 = VECTOR('',#3304,1.);
#3304 = DIRECTION('',(0.,0.,1.));
#3305 = ORIENTED_EDGE('',*,*,#3276,.T.);
#3306 = PLANE('',#3307);
#3307 = AXIS2_PLACEMENT_3D('',#3308,#3309,#3310);
#3308 = CARTESIAN_POINT('',(396.06079660838,-3.,378.27350269189));
#3309 = DIRECTION('',(1.,0.,-0.));
#3310 = DIRECTION('',(0.,0.,1.));
#3311 = ADVANCED_FACE('',(#3312,#3326,#3345),#3351,.T.);
#3312 = FACE_BOUND('',#3313,.T.);
#3313 = EDGE_LOOP('',(#3314,#3315,#3316,#3317,#3318,#3319,#3320,#3321,
    #3322,#3323,#3324,#3325));
#3314 = ORIENTED_EDGE('',*,*,#2504,.F.);
#3315 = ORIENTED_EDGE('',*,*,#2442,.T.);
#3316 = ORIENTED_EDGE('',*,*,#2481,.T.);
#3317 = ORIENTED_EDGE('',*,*,#2542,.F.);
#3318 = ORIENTED_EDGE('',*,*,#2598,.F.);
#3319 = ORIENTED_EDGE('',*,*,#2666,.F.);
#3320 = ORIENTED_EDGE('',*,*,#2698,.T.);
#3321 = ORIENTED_EDGE('',*,*,#2722,.F.);
#3322 = ORIENTED_EDGE('',*,*,#2759,.F.);
#3323 = ORIENTED_EDGE('',*,*,#2781,.F.);
#3324 = ORIENTED_EDGE('',*,*,#2636,.F.);
#3325 = ORIENTED_EDGE('',*,*,#2573,.T.);
#3326 = FACE_BOUND('',#3327,.T.);
#3327 = EDGE_LOOP('',(#3328,#3329,#3330,#3331,#3332,#3333,#3334,#3335,
    #3336,#3337,#3338,#3344));
#3328 = ORIENTED_EDGE('',*,*,#2979,.T.);
#3329 = ORIENTED_EDGE('',*,*,#3005,.T.);
#3330 = ORIENTED_EDGE('',*,*,#3036,.F.);
#3331 = ORIENTED_EDGE('',*,*,#3060,.T.);
#3332 = ORIENTED_EDGE('',*,*,#3085,.T.);
#3333 = ORIENTED_EDGE('',*,*,#3203,.F.);
#3334 = ORIENTED_EDGE('',*,*,#3180,.F.);
#3335 = ORIENTED_EDGE('',*,*,#3156,.F.);
#3336 = ORIENTED_EDGE('',*,*,#3099,.T.);
#3337 = ORIENTED_EDGE('',*,*,#3132,.T.);
#3338 = ORIENTED_EDGE('',*,*,#3339,.F.);
#3339 = EDGE_CURVE('',#2958,#3133,#3340,.T.);
#3340 = LINE('',#3341,#3342);
#3341 = CARTESIAN_POINT('',(313.06079660838,3.,936.27350269189));
#3342 = VECTOR('',#3343,1.);
#3343 = DIRECTION('',(1.,0.,-0.));
#3344 = ORIENTED_EDGE('',*,*,#2957,.F.);
#3345 = FACE_BOUND('',#3346,.T.);
#3346 = EDGE_LOOP('',(#3347,#3348,#3349,#3350));
#3347 = ORIENTED_EDGE('',*,*,#3236,.T.);
#3348 = ORIENTED_EDGE('',*,*,#3300,.T.);
#3349 = ORIENTED_EDGE('',*,*,#3284,.F.);
#3350 = ORIENTED_EDGE('',*,*,#3252,.F.);
#3351 = PLANE('',#3352);
#3352 = AXIS2_PLACEMENT_3D('',#3353,#3354,#3355);
#3353 = CARTESIAN_POINT('',(378.07978249201,3.,692.84295658211));
#3354 = DIRECTION('',(0.,1.,0.));
#3355 = DIRECTION('',(0.,-0.,1.));
#3356 = ADVANCED_FACE('',(#3357),#3363,.F.);
#3357 = FACE_BOUND('',#3358,.T.);
#3358 = EDGE_LOOP('',(#3359,#3360,#3361,#3362));
#3359 = ORIENTED_EDGE('',*,*,#3339,.T.);
#3360 = ORIENTED_EDGE('',*,*,#3140,.T.);
#3361 = ORIENTED_EDGE('',*,*,#2810,.F.);
#3362 = ORIENTED_EDGE('',*,*,#2965,.F.);
#3363 = PLANE('',#3364);
#3364 = AXIS2_PLACEMENT_3D('',#3365,#3366,#3367);
#3365 = CARTESIAN_POINT('',(313.06079660838,-3.,936.27350269189));
#3366 = DIRECTION('',(0.,0.,1.));
#3367 = DIRECTION('',(1.,0.,-0.));
#3368 = ( GEOMETRIC_REPRESENTATION_CONTEXT(3) 
GLOBAL_UNCERTAINTY_ASSIGNED_CONTEXT((#3372)) 
GLOBAL_UNIT_ASSIGNED_CONTEXT((#3369,#3370,#3371)) REPRESENTATION_CONTEXT
('Context #1','3D Context with UNIT and UNCERTAINTY') );
#3369 = ( LENGTH_UNIT() NAMED_UNIT(*) SI_UNIT(.MILLI.,.METRE.) );
#3370 = ( NAMED_UNIT(*) PLANE_ANGLE_UNIT() SI_UNIT($,.RADIAN.) );
#3371 = ( NAMED_UNIT(*) SI_UNIT($,.STERADIAN.) SOLID_ANGLE_UNIT() );
#3372 = UNCERTAINTY_MEASURE_WITH_UNIT(LENGTH_MEASURE(1.E-07),#3369,
  'distance_accuracy_value','confusion accuracy');
#3373 = CONTEXT_DEPENDENT_SHAPE_REPRESENTATION(#3374,#3376);
#3374 = ( REPRESENTATION_RELATIONSHIP('','',#2417,#10) 
REPRESENTATION_RELATIONSHIP_WITH_TRANSFORMATION(#3375) 
SHAPE_REPRESENTATION_RELATIONSHIP() );
#3375 = ITEM_DEFINED_TRANSFORMATION('','',#11,#27);
#3376 = PRODUCT_DEFINITION_SHAPE('Placement','Placement of an item',
  #3377);
#3377 = NEXT_ASSEMBLY_USAGE_OCCURRENCE('131','Motiv 02','',#5,#2412,$);
#3378 = PRODUCT_RELATED_PRODUCT_CATEGORY('part',$,(#2414));
#3379 = SHAPE_DEFINITION_REPRESENTATION(#3380,#3386);
#3380 = PRODUCT_DEFINITION_SHAPE('','',#3381);
#3381 = PRODUCT_DEFINITION('design','',#3382,#3385);
#3382 = PRODUCT_DEFINITION_FORMATION('','',#3383);
#3383 = PRODUCT('Patka 02','Patka 02','',(#3384));
#3384 = PRODUCT_CONTEXT('',#2,'mechanical');
#3385 = PRODUCT_DEFINITION_CONTEXT('part definition',#2,'design');
#3386 = ADVANCED_BREP_SHAPE_REPRESENTATION('',(#11,#3387),#3615);
#3387 = MANIFOLD_SOLID_BREP('',#3388);
#3388 = CLOSED_SHELL('',(#3389,#3429,#3460,#3506,#3530,#3569,#3581,#3598
    ));
#3389 = ADVANCED_FACE('',(#3390),#3424,.F.);
#3390 = FACE_BOUND('',#3391,.F.);
#3391 = EDGE_LOOP('',(#3392,#3402,#3410,#3418));
#3392 = ORIENTED_EDGE('',*,*,#3393,.F.);
#3393 = EDGE_CURVE('',#3394,#3396,#3398,.T.);
#3394 = VERTEX_POINT('',#3395);
#3395 = CARTESIAN_POINT('',(348.06079660838,-40.,212.27350269189));
#3396 = VERTEX_POINT('',#3397);
#3397 = CARTESIAN_POINT('',(348.06079660838,-40.,218.27350269189));
#3398 = LINE('',#3399,#3400);
#3399 = CARTESIAN_POINT('',(348.06079660838,-40.,212.27350269189));
#3400 = VECTOR('',#3401,1.);
#3401 = DIRECTION('',(0.,0.,1.));
#3402 = ORIENTED_EDGE('',*,*,#3403,.T.);
#3403 = EDGE_CURVE('',#3394,#3404,#3406,.T.);
#3404 = VERTEX_POINT('',#3405);
#3405 = CARTESIAN_POINT('',(348.06079660838,40.,212.27350269189));
#3406 = LINE('',#3407,#3408);
#3407 = CARTESIAN_POINT('',(348.06079660838,-40.,212.27350269189));
#3408 = VECTOR('',#3409,1.);
#3409 = DIRECTION('',(-0.,1.,0.));
#3410 = ORIENTED_EDGE('',*,*,#3411,.T.);
#3411 = EDGE_CURVE('',#3404,#3412,#3414,.T.);
#3412 = VERTEX_POINT('',#3413);
#3413 = CARTESIAN_POINT('',(348.06079660838,40.,218.27350269189));
#3414 = LINE('',#3415,#3416);
#3415 = CARTESIAN_POINT('',(348.06079660838,40.,212.27350269189));
#3416 = VECTOR('',#3417,1.);
#3417 = DIRECTION('',(0.,0.,1.));
#3418 = ORIENTED_EDGE('',*,*,#3419,.F.);
#3419 = EDGE_CURVE('',#3396,#3412,#3420,.T.);
#3420 = LINE('',#3421,#3422);
#3421 = CARTESIAN_POINT('',(348.06079660838,-40.,218.27350269189));
#3422 = VECTOR('',#3423,1.);
#3423 = DIRECTION('',(-0.,1.,0.));
#3424 = PLANE('',#3425);
#3425 = AXIS2_PLACEMENT_3D('',#3426,#3427,#3428);
#3426 = CARTESIAN_POINT('',(348.06079660838,-40.,212.27350269189));
#3427 = DIRECTION('',(1.,0.,-0.));
#3428 = DIRECTION('',(0.,0.,1.));
#3429 = ADVANCED_FACE('',(#3430),#3455,.F.);
#3430 = FACE_BOUND('',#3431,.F.);
#3431 = EDGE_LOOP('',(#3432,#3440,#3441,#3449));
#3432 = ORIENTED_EDGE('',*,*,#3433,.F.);
#3433 = EDGE_CURVE('',#3394,#3434,#3436,.T.);
#3434 = VERTEX_POINT('',#3435);
#3435 = CARTESIAN_POINT('',(408.06079660838,-40.,212.27350269189));
#3436 = LINE('',#3437,#3438);
#3437 = CARTESIAN_POINT('',(348.06079660838,-40.,212.27350269189));
#3438 = VECTOR('',#3439,1.);
#3439 = DIRECTION('',(1.,0.,-0.));
#3440 = ORIENTED_EDGE('',*,*,#3393,.T.);
#3441 = ORIENTED_EDGE('',*,*,#3442,.T.);
#3442 = EDGE_CURVE('',#3396,#3443,#3445,.T.);
#3443 = VERTEX_POINT('',#3444);
#3444 = CARTESIAN_POINT('',(408.06079660838,-40.,218.27350269189));
#3445 = LINE('',#3446,#3447);
#3446 = CARTESIAN_POINT('',(348.06079660838,-40.,218.27350269189));
#3447 = VECTOR('',#3448,1.);
#3448 = DIRECTION('',(1.,0.,-0.));
#3449 = ORIENTED_EDGE('',*,*,#3450,.F.);
#3450 = EDGE_CURVE('',#3434,#3443,#3451,.T.);
#3451 = LINE('',#3452,#3453);
#3452 = CARTESIAN_POINT('',(408.06079660838,-40.,212.27350269189));
#3453 = VECTOR('',#3454,1.);
#3454 = DIRECTION('',(0.,0.,1.));
#3455 = PLANE('',#3456);
#3456 = AXIS2_PLACEMENT_3D('',#3457,#3458,#3459);
#3457 = CARTESIAN_POINT('',(348.06079660838,-40.,212.27350269189));
#3458 = DIRECTION('',(-0.,1.,0.));
#3459 = DIRECTION('',(0.,0.,1.));
#3460 = ADVANCED_FACE('',(#3461,#3479,#3490),#3501,.T.);
#3461 = FACE_BOUND('',#3462,.T.);
#3462 = EDGE_LOOP('',(#3463,#3464,#3465,#3473));
#3463 = ORIENTED_EDGE('',*,*,#3419,.F.);
#3464 = ORIENTED_EDGE('',*,*,#3442,.T.);
#3465 = ORIENTED_EDGE('',*,*,#3466,.T.);
#3466 = EDGE_CURVE('',#3443,#3467,#3469,.T.);
#3467 = VERTEX_POINT('',#3468);
#3468 = CARTESIAN_POINT('',(408.06079660838,40.,218.27350269189));
#3469 = LINE('',#3470,#3471);
#3470 = CARTESIAN_POINT('',(408.06079660838,-40.,218.27350269189));
#3471 = VECTOR('',#3472,1.);
#3472 = DIRECTION('',(-0.,1.,0.));
#3473 = ORIENTED_EDGE('',*,*,#3474,.F.);
#3474 = EDGE_CURVE('',#3412,#3467,#3475,.T.);
#3475 = LINE('',#3476,#3477);
#3476 = CARTESIAN_POINT('',(348.06079660838,40.,218.27350269189));
#3477 = VECTOR('',#3478,1.);
#3478 = DIRECTION('',(1.,0.,-0.));
#3479 = FACE_BOUND('',#3480,.T.);
#3480 = EDGE_LOOP('',(#3481));
#3481 = ORIENTED_EDGE('',*,*,#3482,.F.);
#3482 = EDGE_CURVE('',#3483,#3483,#3485,.T.);
#3483 = VERTEX_POINT('',#3484);
#3484 = CARTESIAN_POINT('',(383.56079660838,-25.,218.27350269189));
#3485 = CIRCLE('',#3486,5.5);
#3486 = AXIS2_PLACEMENT_3D('',#3487,#3488,#3489);
#3487 = CARTESIAN_POINT('',(378.06079660838,-25.,218.27350269189));
#3488 = DIRECTION('',(0.,0.,1.));
#3489 = DIRECTION('',(1.,0.,-0.));
#3490 = FACE_BOUND('',#3491,.T.);
#3491 = EDGE_LOOP('',(#3492));
#3492 = ORIENTED_EDGE('',*,*,#3493,.F.);
#3493 = EDGE_CURVE('',#3494,#3494,#3496,.T.);
#3494 = VERTEX_POINT('',#3495);
#3495 = CARTESIAN_POINT('',(383.56079660838,25.,218.27350269189));
#3496 = CIRCLE('',#3497,5.5);
#3497 = AXIS2_PLACEMENT_3D('',#3498,#3499,#3500);
#3498 = CARTESIAN_POINT('',(378.06079660838,25.,218.27350269189));
#3499 = DIRECTION('',(0.,0.,1.));
#3500 = DIRECTION('',(1.,0.,-0.));
#3501 = PLANE('',#3502);
#3502 = AXIS2_PLACEMENT_3D('',#3503,#3504,#3505);
#3503 = CARTESIAN_POINT('',(348.06079660838,-40.,218.27350269189));
#3504 = DIRECTION('',(0.,0.,1.));
#3505 = DIRECTION('',(1.,0.,-0.));
#3506 = ADVANCED_FACE('',(#3507),#3525,.T.);
#3507 = FACE_BOUND('',#3508,.T.);
#3508 = EDGE_LOOP('',(#3509,#3517,#3518,#3519));
#3509 = ORIENTED_EDGE('',*,*,#3510,.F.);
#3510 = EDGE_CURVE('',#3404,#3511,#3513,.T.);
#3511 = VERTEX_POINT('',#3512);
#3512 = CARTESIAN_POINT('',(408.06079660838,40.,212.27350269189));
#3513 = LINE('',#3514,#3515);
#3514 = CARTESIAN_POINT('',(348.06079660838,40.,212.27350269189));
#3515 = VECTOR('',#3516,1.);
#3516 = DIRECTION('',(1.,0.,-0.));
#3517 = ORIENTED_EDGE('',*,*,#3411,.T.);
#3518 = ORIENTED_EDGE('',*,*,#3474,.T.);
#3519 = ORIENTED_EDGE('',*,*,#3520,.F.);
#3520 = EDGE_CURVE('',#3511,#3467,#3521,.T.);
#3521 = LINE('',#3522,#3523);
#3522 = CARTESIAN_POINT('',(408.06079660838,40.,212.27350269189));
#3523 = VECTOR('',#3524,1.);
#3524 = DIRECTION('',(0.,0.,1.));
#3525 = PLANE('',#3526);
#3526 = AXIS2_PLACEMENT_3D('',#3527,#3528,#3529);
#3527 = CARTESIAN_POINT('',(348.06079660838,40.,212.27350269189));
#3528 = DIRECTION('',(-0.,1.,0.));
#3529 = DIRECTION('',(0.,0.,1.));
#3530 = ADVANCED_FACE('',(#3531,#3542,#3553),#3564,.F.);
#3531 = FACE_BOUND('',#3532,.F.);
#3532 = EDGE_LOOP('',(#3533,#3534,#3535,#3541));
#3533 = ORIENTED_EDGE('',*,*,#3403,.F.);
#3534 = ORIENTED_EDGE('',*,*,#3433,.T.);
#3535 = ORIENTED_EDGE('',*,*,#3536,.T.);
#3536 = EDGE_CURVE('',#3434,#3511,#3537,.T.);
#3537 = LINE('',#3538,#3539);
#3538 = CARTESIAN_POINT('',(408.06079660838,-40.,212.27350269189));
#3539 = VECTOR('',#3540,1.);
#3540 = DIRECTION('',(-0.,1.,0.));
#3541 = ORIENTED_EDGE('',*,*,#3510,.F.);
#3542 = FACE_BOUND('',#3543,.F.);
#3543 = EDGE_LOOP('',(#3544));
#3544 = ORIENTED_EDGE('',*,*,#3545,.F.);
#3545 = EDGE_CURVE('',#3546,#3546,#3548,.T.);
#3546 = VERTEX_POINT('',#3547);
#3547 = CARTESIAN_POINT('',(383.56079660838,-25.,212.27350269189));
#3548 = CIRCLE('',#3549,5.5);
#3549 = AXIS2_PLACEMENT_3D('',#3550,#3551,#3552);
#3550 = CARTESIAN_POINT('',(378.06079660838,-25.,212.27350269189));
#3551 = DIRECTION('',(0.,0.,1.));
#3552 = DIRECTION('',(1.,0.,-0.));
#3553 = FACE_BOUND('',#3554,.F.);
#3554 = EDGE_LOOP('',(#3555));
#3555 = ORIENTED_EDGE('',*,*,#3556,.F.);
#3556 = EDGE_CURVE('',#3557,#3557,#3559,.T.);
#3557 = VERTEX_POINT('',#3558);
#3558 = CARTESIAN_POINT('',(383.56079660838,25.,212.27350269189));
#3559 = CIRCLE('',#3560,5.5);
#3560 = AXIS2_PLACEMENT_3D('',#3561,#3562,#3563);
#3561 = CARTESIAN_POINT('',(378.06079660838,25.,212.27350269189));
#3562 = DIRECTION('',(0.,0.,1.));
#3563 = DIRECTION('',(1.,0.,-0.));
#3564 = PLANE('',#3565);
#3565 = AXIS2_PLACEMENT_3D('',#3566,#3567,#3568);
#3566 = CARTESIAN_POINT('',(348.06079660838,-40.,212.27350269189));
#3567 = DIRECTION('',(0.,0.,1.));
#3568 = DIRECTION('',(1.,0.,-0.));
#3569 = ADVANCED_FACE('',(#3570),#3576,.T.);
#3570 = FACE_BOUND('',#3571,.T.);
#3571 = EDGE_LOOP('',(#3572,#3573,#3574,#3575));
#3572 = ORIENTED_EDGE('',*,*,#3450,.F.);
#3573 = ORIENTED_EDGE('',*,*,#3536,.T.);
#3574 = ORIENTED_EDGE('',*,*,#3520,.T.);
#3575 = ORIENTED_EDGE('',*,*,#3466,.F.);
#3576 = PLANE('',#3577);
#3577 = AXIS2_PLACEMENT_3D('',#3578,#3579,#3580);
#3578 = CARTESIAN_POINT('',(408.06079660838,-40.,212.27350269189));
#3579 = DIRECTION('',(1.,0.,-0.));
#3580 = DIRECTION('',(0.,0.,1.));
#3581 = ADVANCED_FACE('',(#3582),#3593,.F.);
#3582 = FACE_BOUND('',#3583,.F.);
#3583 = EDGE_LOOP('',(#3584,#3585,#3591,#3592));
#3584 = ORIENTED_EDGE('',*,*,#3482,.F.);
#3585 = ORIENTED_EDGE('',*,*,#3586,.F.);
#3586 = EDGE_CURVE('',#3546,#3483,#3587,.T.);
#3587 = LINE('',#3588,#3589);
#3588 = CARTESIAN_POINT('',(383.56079660838,-25.,211.27350269189));
#3589 = VECTOR('',#3590,1.);
#3590 = DIRECTION('',(0.,0.,1.));
#3591 = ORIENTED_EDGE('',*,*,#3545,.T.);
#3592 = ORIENTED_EDGE('',*,*,#3586,.T.);
#3593 = CYLINDRICAL_SURFACE('',#3594,5.5);
#3594 = AXIS2_PLACEMENT_3D('',#3595,#3596,#3597);
#3595 = CARTESIAN_POINT('',(378.06079660838,-25.,211.27350269189));
#3596 = DIRECTION('',(0.,0.,1.));
#3597 = DIRECTION('',(1.,0.,-0.));
#3598 = ADVANCED_FACE('',(#3599),#3610,.F.);
#3599 = FACE_BOUND('',#3600,.F.);
#3600 = EDGE_LOOP('',(#3601,#3602,#3608,#3609));
#3601 = ORIENTED_EDGE('',*,*,#3493,.F.);
#3602 = ORIENTED_EDGE('',*,*,#3603,.F.);
#3603 = EDGE_CURVE('',#3557,#3494,#3604,.T.);
#3604 = LINE('',#3605,#3606);
#3605 = CARTESIAN_POINT('',(383.56079660838,25.,211.27350269189));
#3606 = VECTOR('',#3607,1.);
#3607 = DIRECTION('',(0.,0.,1.));
#3608 = ORIENTED_EDGE('',*,*,#3556,.T.);
#3609 = ORIENTED_EDGE('',*,*,#3603,.T.);
#3610 = CYLINDRICAL_SURFACE('',#3611,5.5);
#3611 = AXIS2_PLACEMENT_3D('',#3612,#3613,#3614);
#3612 = CARTESIAN_POINT('',(378.06079660838,25.,211.27350269189));
#3613 = DIRECTION('',(0.,0.,1.));
#3614 = DIRECTION('',(1.,0.,-0.));
#3615 = ( GEOMETRIC_REPRESENTATION_CONTEXT(3) 
GLOBAL_UNCERTAINTY_ASSIGNED_CONTEXT((#3619)) 
GLOBAL_UNIT_ASSIGNED_CONTEXT((#3616,#3617,#3618)) REPRESENTATION_CONTEXT
('Context #1','3D Context with UNIT and UNCERTAINTY') );
#3616 = ( LENGTH_UNIT() NAMED_UNIT(*) SI_UNIT(.MILLI.,.METRE.) );
#3617 = ( NAMED_UNIT(*) PLANE_ANGLE_UNIT() SI_UNIT($,.RADIAN.) );
#3618 = ( NAMED_UNIT(*) SI_UNIT($,.STERADIAN.) SOLID_ANGLE_UNIT() );
#3619 = UNCERTAINTY_MEASURE_WITH_UNIT(LENGTH_MEASURE(1.E-07),#3616,
  'distance_accuracy_value','confusion accuracy');
#3620 = CONTEXT_DEPENDENT_SHAPE_REPRESENTATION(#3621,#3623);
#3621 = ( REPRESENTATION_RELATIONSHIP('','',#3386,#10) 
REPRESENTATION_RELATIONSHIP_WITH_TRANSFORMATION(#3622) 
SHAPE_REPRESENTATION_RELATIONSHIP() );
#3622 = ITEM_DEFINED_TRANSFORMATION('','',#11,#31);
#3623 = PRODUCT_DEFINITION_SHAPE('Placement','Placement of an item',
  #3624);
#3624 = NEXT_ASSEMBLY_USAGE_OCCURRENCE('132','Patka 02','',#5,#3381,$);
#3625 = PRODUCT_RELATED_PRODUCT_CATEGORY('part',$,(#3383));
#3626 = SHAPE_DEFINITION_REPRESENTATION(#3627,#3633);
#3627 = PRODUCT_DEFINITION_SHAPE('','',#3628);
#3628 = PRODUCT_DEFINITION('design','',#3629,#3632);
#3629 = PRODUCT_DEFINITION_FORMATION('','',#3630);
#3630 = PRODUCT('Motiv 03','Motiv 03','',(#3631));
#3631 = PRODUCT_CONTEXT('',#2,'mechanical');
#3632 = PRODUCT_DEFINITION_CONTEXT('part definition',#2,'design');
#3633 = ADVANCED_BREP_SHAPE_REPRESENTATION('',(#11,#3634),#4584);
#3634 = MANIFOLD_SOLID_BREP('',#3635);
#3635 = CLOSED_SHELL('',(#3636,#3676,#3707,#3738,#3769,#3800,#3831,#3862
    ,#3893,#3924,#3955,#3986,#4008,#4160,#4191,#4215,#4239,#4263,#4287,
    #4311,#4342,#4366,#4390,#4414,#4431,#4462,#4486,#4510,#4527,#4572));
#3636 = ADVANCED_FACE('',(#3637),#3671,.F.);
#3637 = FACE_BOUND('',#3638,.T.);
#3638 = EDGE_LOOP('',(#3639,#3649,#3657,#3665));
#3639 = ORIENTED_EDGE('',*,*,#3640,.T.);
#3640 = EDGE_CURVE('',#3641,#3643,#3645,.T.);
#3641 = VERTEX_POINT('',#3642);
#3642 = CARTESIAN_POINT('',(529.56714755449,-3.,433.27350269189));
#3643 = VERTEX_POINT('',#3644);
#3644 = CARTESIAN_POINT('',(529.56714755449,-3.,1.073273502692E+03));
#3645 = LINE('',#3646,#3647);
#3646 = CARTESIAN_POINT('',(529.56714755449,-3.,433.27350269189));
#3647 = VECTOR('',#3648,1.);
#3648 = DIRECTION('',(0.,0.,1.));
#3649 = ORIENTED_EDGE('',*,*,#3650,.T.);
#3650 = EDGE_CURVE('',#3643,#3651,#3653,.T.);
#3651 = VERTEX_POINT('',#3652);
#3652 = CARTESIAN_POINT('',(529.56714755449,3.,1.073273502692E+03));
#3653 = LINE('',#3654,#3655);
#3654 = CARTESIAN_POINT('',(529.56714755449,-3.,1.073273502692E+03));
#3655 = VECTOR('',#3656,1.);
#3656 = DIRECTION('',(-0.,1.,0.));
#3657 = ORIENTED_EDGE('',*,*,#3658,.F.);
#3658 = EDGE_CURVE('',#3659,#3651,#3661,.T.);
#3659 = VERTEX_POINT('',#3660);
#3660 = CARTESIAN_POINT('',(529.56714755449,3.,433.27350269189));
#3661 = LINE('',#3662,#3663);
#3662 = CARTESIAN_POINT('',(529.56714755449,3.,433.27350269189));
#3663 = VECTOR('',#3664,1.);
#3664 = DIRECTION('',(0.,0.,1.));
#3665 = ORIENTED_EDGE('',*,*,#3666,.F.);
#3666 = EDGE_CURVE('',#3641,#3659,#3667,.T.);
#3667 = LINE('',#3668,#3669);
#3668 = CARTESIAN_POINT('',(529.56714755449,-3.,433.27350269189));
#3669 = VECTOR('',#3670,1.);
#3670 = DIRECTION('',(-0.,1.,0.));
#3671 = PLANE('',#3672);
#3672 = AXIS2_PLACEMENT_3D('',#3673,#3674,#3675);
#3673 = CARTESIAN_POINT('',(529.56714755449,-3.,433.27350269189));
#3674 = DIRECTION('',(1.,0.,-0.));
#3675 = DIRECTION('',(0.,0.,1.));
#3676 = ADVANCED_FACE('',(#3677),#3702,.T.);
#3677 = FACE_BOUND('',#3678,.T.);
#3678 = EDGE_LOOP('',(#3679,#3680,#3688,#3696));
#3679 = ORIENTED_EDGE('',*,*,#3650,.F.);
#3680 = ORIENTED_EDGE('',*,*,#3681,.T.);
#3681 = EDGE_CURVE('',#3643,#3682,#3684,.T.);
#3682 = VERTEX_POINT('',#3683);
#3683 = CARTESIAN_POINT('',(588.56714755449,-3.,1.073273502692E+03));
#3684 = LINE('',#3685,#3686);
#3685 = CARTESIAN_POINT('',(529.56714755449,-3.,1.073273502692E+03));
#3686 = VECTOR('',#3687,1.);
#3687 = DIRECTION('',(1.,0.,-0.));
#3688 = ORIENTED_EDGE('',*,*,#3689,.F.);
#3689 = EDGE_CURVE('',#3690,#3682,#3692,.T.);
#3690 = VERTEX_POINT('',#3691);
#3691 = CARTESIAN_POINT('',(588.56714755449,3.,1.073273502692E+03));
#3692 = LINE('',#3693,#3694);
#3693 = CARTESIAN_POINT('',(588.56714755449,-1.5,1.073273502692E+03));
#3694 = VECTOR('',#3695,1.);
#3695 = DIRECTION('',(0.,-1.,0.));
#3696 = ORIENTED_EDGE('',*,*,#3697,.F.);
#3697 = EDGE_CURVE('',#3651,#3690,#3698,.T.);
#3698 = LINE('',#3699,#3700);
#3699 = CARTESIAN_POINT('',(647.56714755449,3.,1.073273502692E+03));
#3700 = VECTOR('',#3701,1.);
#3701 = DIRECTION('',(1.,0.,-0.));
#3702 = PLANE('',#3703);
#3703 = AXIS2_PLACEMENT_3D('',#3704,#3705,#3706);
#3704 = CARTESIAN_POINT('',(594.56714755449,0.,1.073273502692E+03));
#3705 = DIRECTION('',(0.,0.,1.));
#3706 = DIRECTION('',(1.,0.,-0.));
#3707 = ADVANCED_FACE('',(#3708),#3733,.T.);
#3708 = FACE_BOUND('',#3709,.T.);
#3709 = EDGE_LOOP('',(#3710,#3718,#3719,#3727));
#3710 = ORIENTED_EDGE('',*,*,#3711,.F.);
#3711 = EDGE_CURVE('',#3641,#3712,#3714,.T.);
#3712 = VERTEX_POINT('',#3713);
#3713 = CARTESIAN_POINT('',(588.56714755449,-3.,433.27350269189));
#3714 = LINE('',#3715,#3716);
#3715 = CARTESIAN_POINT('',(647.56714755449,-3.,433.27350269189));
#3716 = VECTOR('',#3717,1.);
#3717 = DIRECTION('',(1.,0.,-0.));
#3718 = ORIENTED_EDGE('',*,*,#3666,.T.);
#3719 = ORIENTED_EDGE('',*,*,#3720,.T.);
#3720 = EDGE_CURVE('',#3659,#3721,#3723,.T.);
#3721 = VERTEX_POINT('',#3722);
#3722 = CARTESIAN_POINT('',(588.56714755449,3.,433.27350269189));
#3723 = LINE('',#3724,#3725);
#3724 = CARTESIAN_POINT('',(529.56714755449,3.,433.27350269189));
#3725 = VECTOR('',#3726,1.);
#3726 = DIRECTION('',(1.,0.,-0.));
#3727 = ORIENTED_EDGE('',*,*,#3728,.T.);
#3728 = EDGE_CURVE('',#3721,#3712,#3729,.T.);
#3729 = LINE('',#3730,#3731);
#3730 = CARTESIAN_POINT('',(588.56714755449,-1.5,433.27350269189));
#3731 = VECTOR('',#3732,1.);
#3732 = DIRECTION('',(0.,-1.,0.));
#3733 = PLANE('',#3734);
#3734 = AXIS2_PLACEMENT_3D('',#3735,#3736,#3737);
#3735 = CARTESIAN_POINT('',(594.56714755449,0.,433.27350269189));
#3736 = DIRECTION('',(-0.,-0.,-1.));
#3737 = DIRECTION('',(-1.,0.,0.));
#3738 = ADVANCED_FACE('',(#3739),#3764,.T.);
#3739 = FACE_BOUND('',#3740,.T.);
#3740 = EDGE_LOOP('',(#3741,#3749,#3757,#3763));
#3741 = ORIENTED_EDGE('',*,*,#3742,.F.);
#3742 = EDGE_CURVE('',#3743,#3682,#3745,.T.);
#3743 = VERTEX_POINT('',#3744);
#3744 = CARTESIAN_POINT('',(588.56714755449,-3.,1.303621379542E+03));
#3745 = LINE('',#3746,#3747);
#3746 = CARTESIAN_POINT('',(588.56714755449,-3.,1.303621379542E+03));
#3747 = VECTOR('',#3748,1.);
#3748 = DIRECTION('',(0.,0.,-1.));
#3749 = ORIENTED_EDGE('',*,*,#3750,.T.);
#3750 = EDGE_CURVE('',#3743,#3751,#3753,.T.);
#3751 = VERTEX_POINT('',#3752);
#3752 = CARTESIAN_POINT('',(588.56714755449,3.,1.303621379542E+03));
#3753 = LINE('',#3754,#3755);
#3754 = CARTESIAN_POINT('',(588.56714755449,-3.,1.303621379542E+03));
#3755 = VECTOR('',#3756,1.);
#3756 = DIRECTION('',(0.,1.,0.));
#3757 = ORIENTED_EDGE('',*,*,#3758,.T.);
#3758 = EDGE_CURVE('',#3751,#3690,#3759,.T.);
#3759 = LINE('',#3760,#3761);
#3760 = CARTESIAN_POINT('',(588.56714755449,3.,1.303621379542E+03));
#3761 = VECTOR('',#3762,1.);
#3762 = DIRECTION('',(0.,0.,-1.));
#3763 = ORIENTED_EDGE('',*,*,#3689,.T.);
#3764 = PLANE('',#3765);
#3765 = AXIS2_PLACEMENT_3D('',#3766,#3767,#3768);
#3766 = CARTESIAN_POINT('',(588.56714755449,-3.,1.303621379542E+03));
#3767 = DIRECTION('',(-1.,0.,0.));
#3768 = DIRECTION('',(0.,0.,-1.));
#3769 = ADVANCED_FACE('',(#3770),#3795,.F.);
#3770 = FACE_BOUND('',#3771,.F.);
#3771 = EDGE_LOOP('',(#3772,#3780,#3788,#3794));
#3772 = ORIENTED_EDGE('',*,*,#3773,.F.);
#3773 = EDGE_CURVE('',#3774,#3712,#3776,.T.);
#3774 = VERTEX_POINT('',#3775);
#3775 = CARTESIAN_POINT('',(588.56714755449,-3.,343.27350269189));
#3776 = LINE('',#3777,#3778);
#3777 = CARTESIAN_POINT('',(588.56714755449,-3.,343.27350269189));
#3778 = VECTOR('',#3779,1.);
#3779 = DIRECTION('',(0.,0.,1.));
#3780 = ORIENTED_EDGE('',*,*,#3781,.T.);
#3781 = EDGE_CURVE('',#3774,#3782,#3784,.T.);
#3782 = VERTEX_POINT('',#3783);
#3783 = CARTESIAN_POINT('',(588.56714755449,3.,343.27350269189));
#3784 = LINE('',#3785,#3786);
#3785 = CARTESIAN_POINT('',(588.56714755449,-3.,343.27350269189));
#3786 = VECTOR('',#3787,1.);
#3787 = DIRECTION('',(-0.,1.,0.));
#3788 = ORIENTED_EDGE('',*,*,#3789,.T.);
#3789 = EDGE_CURVE('',#3782,#3721,#3790,.T.);
#3790 = LINE('',#3791,#3792);
#3791 = CARTESIAN_POINT('',(588.56714755449,3.,343.27350269189));
#3792 = VECTOR('',#3793,1.);
#3793 = DIRECTION('',(0.,0.,1.));
#3794 = ORIENTED_EDGE('',*,*,#3728,.T.);
#3795 = PLANE('',#3796);
#3796 = AXIS2_PLACEMENT_3D('',#3797,#3798,#3799);
#3797 = CARTESIAN_POINT('',(588.56714755449,-3.,343.27350269189));
#3798 = DIRECTION('',(1.,0.,-0.));
#3799 = DIRECTION('',(0.,0.,1.));
#3800 = ADVANCED_FACE('',(#3801),#3826,.T.);
#3801 = FACE_BOUND('',#3802,.T.);
#3802 = EDGE_LOOP('',(#3803,#3813,#3819,#3820));
#3803 = ORIENTED_EDGE('',*,*,#3804,.T.);
#3804 = EDGE_CURVE('',#3805,#3807,#3809,.T.);
#3805 = VERTEX_POINT('',#3806);
#3806 = CARTESIAN_POINT('',(600.56714755449,-3.,1.310549582772E+03));
#3807 = VERTEX_POINT('',#3808);
#3808 = CARTESIAN_POINT('',(600.56714755449,3.,1.310549582772E+03));
#3809 = LINE('',#3810,#3811);
#3810 = CARTESIAN_POINT('',(600.56714755449,-3.,1.310549582772E+03));
#3811 = VECTOR('',#3812,1.);
#3812 = DIRECTION('',(0.,1.,0.));
#3813 = ORIENTED_EDGE('',*,*,#3814,.T.);
#3814 = EDGE_CURVE('',#3807,#3751,#3815,.T.);
#3815 = LINE('',#3816,#3817);
#3816 = CARTESIAN_POINT('',(600.56714755449,3.,1.310549582772E+03));
#3817 = VECTOR('',#3818,1.);
#3818 = DIRECTION('',(-0.866025403784,0.,-0.5));
#3819 = ORIENTED_EDGE('',*,*,#3750,.F.);
#3820 = ORIENTED_EDGE('',*,*,#3821,.F.);
#3821 = EDGE_CURVE('',#3805,#3743,#3822,.T.);
#3822 = LINE('',#3823,#3824);
#3823 = CARTESIAN_POINT('',(600.56714755449,-3.,1.310549582772E+03));
#3824 = VECTOR('',#3825,1.);
#3825 = DIRECTION('',(-0.866025403784,0.,-0.5));
#3826 = PLANE('',#3827);
#3827 = AXIS2_PLACEMENT_3D('',#3828,#3829,#3830);
#3828 = CARTESIAN_POINT('',(600.56714755449,-3.,1.310549582772E+03));
#3829 = DIRECTION('',(-0.5,0.,0.866025403784));
#3830 = DIRECTION('',(-0.866025403784,0.,-0.5));
#3831 = ADVANCED_FACE('',(#3832),#3857,.F.);
#3832 = FACE_BOUND('',#3833,.F.);
#3833 = EDGE_LOOP('',(#3834,#3835,#3843,#3851));
#3834 = ORIENTED_EDGE('',*,*,#3781,.F.);
#3835 = ORIENTED_EDGE('',*,*,#3836,.T.);
#3836 = EDGE_CURVE('',#3774,#3837,#3839,.T.);
#3837 = VERTEX_POINT('',#3838);
#3838 = CARTESIAN_POINT('',(600.56714755449,-3.,343.27350269189));
#3839 = LINE('',#3840,#3841);
#3840 = CARTESIAN_POINT('',(588.56714755449,-3.,343.27350269189));
#3841 = VECTOR('',#3842,1.);
#3842 = DIRECTION('',(1.,0.,-0.));
#3843 = ORIENTED_EDGE('',*,*,#3844,.T.);
#3844 = EDGE_CURVE('',#3837,#3845,#3847,.T.);
#3845 = VERTEX_POINT('',#3846);
#3846 = CARTESIAN_POINT('',(600.56714755449,3.,343.27350269189));
#3847 = LINE('',#3848,#3849);
#3848 = CARTESIAN_POINT('',(600.56714755449,-3.,343.27350269189));
#3849 = VECTOR('',#3850,1.);
#3850 = DIRECTION('',(-0.,1.,0.));
#3851 = ORIENTED_EDGE('',*,*,#3852,.F.);
#3852 = EDGE_CURVE('',#3782,#3845,#3853,.T.);
#3853 = LINE('',#3854,#3855);
#3854 = CARTESIAN_POINT('',(588.56714755449,3.,343.27350269189));
#3855 = VECTOR('',#3856,1.);
#3856 = DIRECTION('',(1.,0.,-0.));
#3857 = PLANE('',#3858);
#3858 = AXIS2_PLACEMENT_3D('',#3859,#3860,#3861);
#3859 = CARTESIAN_POINT('',(588.56714755449,-3.,343.27350269189));
#3860 = DIRECTION('',(0.,0.,1.));
#3861 = DIRECTION('',(1.,0.,-0.));
#3862 = ADVANCED_FACE('',(#3863),#3888,.T.);
#3863 = FACE_BOUND('',#3864,.T.);
#3864 = EDGE_LOOP('',(#3865,#3873,#3881,#3887));
#3865 = ORIENTED_EDGE('',*,*,#3866,.F.);
#3866 = EDGE_CURVE('',#3867,#3805,#3869,.T.);
#3867 = VERTEX_POINT('',#3868);
#3868 = CARTESIAN_POINT('',(600.56714755449,-3.,1.073273502692E+03));
#3869 = LINE('',#3870,#3871);
#3870 = CARTESIAN_POINT('',(600.56714755449,-3.,1.061273502692E+03));
#3871 = VECTOR('',#3872,1.);
#3872 = DIRECTION('',(0.,0.,1.));
#3873 = ORIENTED_EDGE('',*,*,#3874,.T.);
#3874 = EDGE_CURVE('',#3867,#3875,#3877,.T.);
#3875 = VERTEX_POINT('',#3876);
#3876 = CARTESIAN_POINT('',(600.56714755449,3.,1.073273502692E+03));
#3877 = LINE('',#3878,#3879);
#3878 = CARTESIAN_POINT('',(600.56714755449,-1.5,1.073273502692E+03));
#3879 = VECTOR('',#3880,1.);
#3880 = DIRECTION('',(0.,1.,0.));
#3881 = ORIENTED_EDGE('',*,*,#3882,.T.);
#3882 = EDGE_CURVE('',#3875,#3807,#3883,.T.);
#3883 = LINE('',#3884,#3885);
#3884 = CARTESIAN_POINT('',(600.56714755449,3.,1.061273502692E+03));
#3885 = VECTOR('',#3886,1.);
#3886 = DIRECTION('',(0.,0.,1.));
#3887 = ORIENTED_EDGE('',*,*,#3804,.F.);
#3888 = PLANE('',#3889);
#3889 = AXIS2_PLACEMENT_3D('',#3890,#3891,#3892);
#3890 = CARTESIAN_POINT('',(600.56714755449,-3.,1.061273502692E+03));
#3891 = DIRECTION('',(1.,0.,0.));
#3892 = DIRECTION('',(0.,0.,1.));
#3893 = ADVANCED_FACE('',(#3894),#3919,.T.);
#3894 = FACE_BOUND('',#3895,.T.);
#3895 = EDGE_LOOP('',(#3896,#3897,#3905,#3913));
#3896 = ORIENTED_EDGE('',*,*,#3874,.F.);
#3897 = ORIENTED_EDGE('',*,*,#3898,.T.);
#3898 = EDGE_CURVE('',#3867,#3899,#3901,.T.);
#3899 = VERTEX_POINT('',#3900);
#3900 = CARTESIAN_POINT('',(659.56714755449,-3.,1.073273502692E+03));
#3901 = LINE('',#3902,#3903);
#3902 = CARTESIAN_POINT('',(529.56714755449,-3.,1.073273502692E+03));
#3903 = VECTOR('',#3904,1.);
#3904 = DIRECTION('',(1.,0.,-0.));
#3905 = ORIENTED_EDGE('',*,*,#3906,.T.);
#3906 = EDGE_CURVE('',#3899,#3907,#3909,.T.);
#3907 = VERTEX_POINT('',#3908);
#3908 = CARTESIAN_POINT('',(659.56714755449,3.,1.073273502692E+03));
#3909 = LINE('',#3910,#3911);
#3910 = CARTESIAN_POINT('',(659.56714755449,-3.,1.073273502692E+03));
#3911 = VECTOR('',#3912,1.);
#3912 = DIRECTION('',(-0.,1.,0.));
#3913 = ORIENTED_EDGE('',*,*,#3914,.F.);
#3914 = EDGE_CURVE('',#3875,#3907,#3915,.T.);
#3915 = LINE('',#3916,#3917);
#3916 = CARTESIAN_POINT('',(647.56714755449,3.,1.073273502692E+03));
#3917 = VECTOR('',#3918,1.);
#3918 = DIRECTION('',(1.,0.,-0.));
#3919 = PLANE('',#3920);
#3920 = AXIS2_PLACEMENT_3D('',#3921,#3922,#3923);
#3921 = CARTESIAN_POINT('',(594.56714755449,0.,1.073273502692E+03));
#3922 = DIRECTION('',(0.,0.,1.));
#3923 = DIRECTION('',(1.,0.,-0.));
#3924 = ADVANCED_FACE('',(#3925),#3950,.T.);
#3925 = FACE_BOUND('',#3926,.T.);
#3926 = EDGE_LOOP('',(#3927,#3937,#3943,#3944));
#3927 = ORIENTED_EDGE('',*,*,#3928,.T.);
#3928 = EDGE_CURVE('',#3929,#3931,#3933,.T.);
#3929 = VERTEX_POINT('',#3930);
#3930 = CARTESIAN_POINT('',(659.56714755449,-3.,433.27350269189));
#3931 = VERTEX_POINT('',#3932);
#3932 = CARTESIAN_POINT('',(659.56714755449,3.,433.27350269189));
#3933 = LINE('',#3934,#3935);
#3934 = CARTESIAN_POINT('',(659.56714755449,-3.,433.27350269189));
#3935 = VECTOR('',#3936,1.);
#3936 = DIRECTION('',(-0.,1.,0.));
#3937 = ORIENTED_EDGE('',*,*,#3938,.T.);
#3938 = EDGE_CURVE('',#3931,#3907,#3939,.T.);
#3939 = LINE('',#3940,#3941);
#3940 = CARTESIAN_POINT('',(659.56714755449,3.,433.27350269189));
#3941 = VECTOR('',#3942,1.);
#3942 = DIRECTION('',(0.,0.,1.));
#3943 = ORIENTED_EDGE('',*,*,#3906,.F.);
#3944 = ORIENTED_EDGE('',*,*,#3945,.F.);
#3945 = EDGE_CURVE('',#3929,#3899,#3946,.T.);
#3946 = LINE('',#3947,#3948);
#3947 = CARTESIAN_POINT('',(659.56714755449,-3.,433.27350269189));
#3948 = VECTOR('',#3949,1.);
#3949 = DIRECTION('',(0.,0.,1.));
#3950 = PLANE('',#3951);
#3951 = AXIS2_PLACEMENT_3D('',#3952,#3953,#3954);
#3952 = CARTESIAN_POINT('',(659.56714755449,-3.,433.27350269189));
#3953 = DIRECTION('',(1.,0.,-0.));
#3954 = DIRECTION('',(0.,0.,1.));
#3955 = ADVANCED_FACE('',(#3956),#3981,.T.);
#3956 = FACE_BOUND('',#3957,.T.);
#3957 = EDGE_LOOP('',(#3958,#3966,#3974,#3980));
#3958 = ORIENTED_EDGE('',*,*,#3959,.F.);
#3959 = EDGE_CURVE('',#3960,#3929,#3962,.T.);
#3960 = VERTEX_POINT('',#3961);
#3961 = CARTESIAN_POINT('',(600.56714755449,-3.,433.27350269189));
#3962 = LINE('',#3963,#3964);
#3963 = CARTESIAN_POINT('',(647.56714755449,-3.,433.27350269189));
#3964 = VECTOR('',#3965,1.);
#3965 = DIRECTION('',(1.,0.,-0.));
#3966 = ORIENTED_EDGE('',*,*,#3967,.F.);
#3967 = EDGE_CURVE('',#3968,#3960,#3970,.T.);
#3968 = VERTEX_POINT('',#3969);
#3969 = CARTESIAN_POINT('',(600.56714755449,3.,433.27350269189));
#3970 = LINE('',#3971,#3972);
#3971 = CARTESIAN_POINT('',(600.56714755449,-1.5,433.27350269189));
#3972 = VECTOR('',#3973,1.);
#3973 = DIRECTION('',(0.,-1.,0.));
#3974 = ORIENTED_EDGE('',*,*,#3975,.T.);
#3975 = EDGE_CURVE('',#3968,#3931,#3976,.T.);
#3976 = LINE('',#3977,#3978);
#3977 = CARTESIAN_POINT('',(529.56714755449,3.,433.27350269189));
#3978 = VECTOR('',#3979,1.);
#3979 = DIRECTION('',(1.,0.,-0.));
#3980 = ORIENTED_EDGE('',*,*,#3928,.F.);
#3981 = PLANE('',#3982);
#3982 = AXIS2_PLACEMENT_3D('',#3983,#3984,#3985);
#3983 = CARTESIAN_POINT('',(594.56714755449,0.,433.27350269189));
#3984 = DIRECTION('',(-0.,-0.,-1.));
#3985 = DIRECTION('',(-1.,0.,0.));
#3986 = ADVANCED_FACE('',(#3987),#4003,.T.);
#3987 = FACE_BOUND('',#3988,.T.);
#3988 = EDGE_LOOP('',(#3989,#3995,#3996,#4002));
#3989 = ORIENTED_EDGE('',*,*,#3990,.F.);
#3990 = EDGE_CURVE('',#3837,#3960,#3991,.T.);
#3991 = LINE('',#3992,#3993);
#3992 = CARTESIAN_POINT('',(600.56714755449,-3.,343.27350269189));
#3993 = VECTOR('',#3994,1.);
#3994 = DIRECTION('',(0.,0.,1.));
#3995 = ORIENTED_EDGE('',*,*,#3844,.T.);
#3996 = ORIENTED_EDGE('',*,*,#3997,.T.);
#3997 = EDGE_CURVE('',#3845,#3968,#3998,.T.);
#3998 = LINE('',#3999,#4000);
#3999 = CARTESIAN_POINT('',(600.56714755449,3.,343.27350269189));
#4000 = VECTOR('',#4001,1.);
#4001 = DIRECTION('',(0.,0.,1.));
#4002 = ORIENTED_EDGE('',*,*,#3967,.T.);
#4003 = PLANE('',#4004);
#4004 = AXIS2_PLACEMENT_3D('',#4005,#4006,#4007);
#4005 = CARTESIAN_POINT('',(600.56714755449,-3.,343.27350269189));
#4006 = DIRECTION('',(1.,0.,-0.));
#4007 = DIRECTION('',(0.,0.,1.));
#4008 = ADVANCED_FACE('',(#4009,#4023,#4121),#4155,.T.);
#4009 = FACE_BOUND('',#4010,.T.);
#4010 = EDGE_LOOP('',(#4011,#4012,#4013,#4014,#4015,#4016,#4017,#4018,
    #4019,#4020,#4021,#4022));
#4011 = ORIENTED_EDGE('',*,*,#3640,.F.);
#4012 = ORIENTED_EDGE('',*,*,#3711,.T.);
#4013 = ORIENTED_EDGE('',*,*,#3773,.F.);
#4014 = ORIENTED_EDGE('',*,*,#3836,.T.);
#4015 = ORIENTED_EDGE('',*,*,#3990,.T.);
#4016 = ORIENTED_EDGE('',*,*,#3959,.T.);
#4017 = ORIENTED_EDGE('',*,*,#3945,.T.);
#4018 = ORIENTED_EDGE('',*,*,#3898,.F.);
#4019 = ORIENTED_EDGE('',*,*,#3866,.T.);
#4020 = ORIENTED_EDGE('',*,*,#3821,.T.);
#4021 = ORIENTED_EDGE('',*,*,#3742,.T.);
#4022 = ORIENTED_EDGE('',*,*,#3681,.F.);
#4023 = FACE_BOUND('',#4024,.T.);
#4024 = EDGE_LOOP('',(#4025,#4035,#4043,#4051,#4059,#4067,#4075,#4083,
    #4091,#4099,#4107,#4115));
#4025 = ORIENTED_EDGE('',*,*,#4026,.T.);
#4026 = EDGE_CURVE('',#4027,#4029,#4031,.T.);
#4027 = VERTEX_POINT('',#4028);
#4028 = CARTESIAN_POINT('',(541.56714755449,-3.,1.061273502692E+03));
#4029 = VERTEX_POINT('',#4030);
#4030 = CARTESIAN_POINT('',(647.56714755449,-3.,1.061273502692E+03));
#4031 = LINE('',#4032,#4033);
#4032 = CARTESIAN_POINT('',(529.56714755449,-3.,1.061273502692E+03));
#4033 = VECTOR('',#4034,1.);
#4034 = DIRECTION('',(1.,0.,-0.));
#4035 = ORIENTED_EDGE('',*,*,#4036,.F.);
#4036 = EDGE_CURVE('',#4037,#4029,#4039,.T.);
#4037 = VERTEX_POINT('',#4038);
#4038 = CARTESIAN_POINT('',(647.56714755449,-3.,445.27350269189));
#4039 = LINE('',#4040,#4041);
#4040 = CARTESIAN_POINT('',(647.56714755449,-3.,433.27350269189));
#4041 = VECTOR('',#4042,1.);
#4042 = DIRECTION('',(0.,0.,1.));
#4043 = ORIENTED_EDGE('',*,*,#4044,.F.);
#4044 = EDGE_CURVE('',#4045,#4037,#4047,.T.);
#4045 = VERTEX_POINT('',#4046);
#4046 = CARTESIAN_POINT('',(600.56714755449,-3.,445.27350269189));
#4047 = LINE('',#4048,#4049);
#4048 = CARTESIAN_POINT('',(529.56714755449,-3.,445.27350269189));
#4049 = VECTOR('',#4050,1.);
#4050 = DIRECTION('',(1.,0.,-0.));
#4051 = ORIENTED_EDGE('',*,*,#4052,.T.);
#4052 = EDGE_CURVE('',#4045,#4053,#4055,.T.);
#4053 = VERTEX_POINT('',#4054);
#4054 = CARTESIAN_POINT('',(600.56714755449,-3.,503.27350269189));
#4055 = LINE('',#4056,#4057);
#4056 = CARTESIAN_POINT('',(600.56714755449,-3.,445.27350269189));
#4057 = VECTOR('',#4058,1.);
#4058 = DIRECTION('',(0.,0.,1.));
#4059 = ORIENTED_EDGE('',*,*,#4060,.T.);
#4060 = EDGE_CURVE('',#4053,#4061,#4063,.T.);
#4061 = VERTEX_POINT('',#4062);
#4062 = CARTESIAN_POINT('',(624.56714755449,-3.,503.27350269189));
#4063 = LINE('',#4064,#4065);
#4064 = CARTESIAN_POINT('',(612.56714755449,-3.,503.27350269189));
#4065 = VECTOR('',#4066,1.);
#4066 = DIRECTION('',(1.,0.,-0.));
#4067 = ORIENTED_EDGE('',*,*,#4068,.T.);
#4068 = EDGE_CURVE('',#4061,#4069,#4071,.T.);
#4069 = VERTEX_POINT('',#4070);
#4070 = CARTESIAN_POINT('',(624.56714755449,-3.,1.003273502692E+03));
#4071 = LINE('',#4072,#4073);
#4072 = CARTESIAN_POINT('',(624.56714755449,-3.,503.27350269189));
#4073 = VECTOR('',#4074,1.);
#4074 = DIRECTION('',(0.,0.,1.));
#4075 = ORIENTED_EDGE('',*,*,#4076,.F.);
#4076 = EDGE_CURVE('',#4077,#4069,#4079,.T.);
#4077 = VERTEX_POINT('',#4078);
#4078 = CARTESIAN_POINT('',(564.56714755449,-3.,1.003273502692E+03));
#4079 = LINE('',#4080,#4081);
#4080 = CARTESIAN_POINT('',(564.56714755449,-3.,1.003273502692E+03));
#4081 = VECTOR('',#4082,1.);
#4082 = DIRECTION('',(1.,0.,-0.));
#4083 = ORIENTED_EDGE('',*,*,#4084,.F.);
#4084 = EDGE_CURVE('',#4085,#4077,#4087,.T.);
#4085 = VERTEX_POINT('',#4086);
#4086 = CARTESIAN_POINT('',(564.56714755449,-3.,503.27350269189));
#4087 = LINE('',#4088,#4089);
#4088 = CARTESIAN_POINT('',(564.56714755449,-3.,503.27350269189));
#4089 = VECTOR('',#4090,1.);
#4090 = DIRECTION('',(0.,0.,1.));
#4091 = ORIENTED_EDGE('',*,*,#4092,.T.);
#4092 = EDGE_CURVE('',#4085,#4093,#4095,.T.);
#4093 = VERTEX_POINT('',#4094);
#4094 = CARTESIAN_POINT('',(588.56714755449,-3.,503.27350269189));
#4095 = LINE('',#4096,#4097);
#4096 = CARTESIAN_POINT('',(612.56714755449,-3.,503.27350269189));
#4097 = VECTOR('',#4098,1.);
#4098 = DIRECTION('',(1.,0.,-0.));
#4099 = ORIENTED_EDGE('',*,*,#4100,.F.);
#4100 = EDGE_CURVE('',#4101,#4093,#4103,.T.);
#4101 = VERTEX_POINT('',#4102);
#4102 = CARTESIAN_POINT('',(588.56714755449,-3.,445.27350269189));
#4103 = LINE('',#4104,#4105);
#4104 = CARTESIAN_POINT('',(588.56714755449,-3.,445.27350269189));
#4105 = VECTOR('',#4106,1.);
#4106 = DIRECTION('',(0.,0.,1.));
#4107 = ORIENTED_EDGE('',*,*,#4108,.F.);
#4108 = EDGE_CURVE('',#4109,#4101,#4111,.T.);
#4109 = VERTEX_POINT('',#4110);
#4110 = CARTESIAN_POINT('',(541.56714755449,-3.,445.27350269189));
#4111 = LINE('',#4112,#4113);
#4112 = CARTESIAN_POINT('',(529.56714755449,-3.,445.27350269189));
#4113 = VECTOR('',#4114,1.);
#4114 = DIRECTION('',(1.,0.,-0.));
#4115 = ORIENTED_EDGE('',*,*,#4116,.T.);
#4116 = EDGE_CURVE('',#4109,#4027,#4117,.T.);
#4117 = LINE('',#4118,#4119);
#4118 = CARTESIAN_POINT('',(541.56714755449,-3.,433.27350269189));
#4119 = VECTOR('',#4120,1.);
#4120 = DIRECTION('',(0.,0.,1.));
#4121 = FACE_BOUND('',#4122,.T.);
#4122 = EDGE_LOOP('',(#4123,#4133,#4141,#4149));
#4123 = ORIENTED_EDGE('',*,*,#4124,.F.);
#4124 = EDGE_CURVE('',#4125,#4127,#4129,.T.);
#4125 = VERTEX_POINT('',#4126);
#4126 = CARTESIAN_POINT('',(576.56714755449,-3.,515.27350269189));
#4127 = VERTEX_POINT('',#4128);
#4128 = CARTESIAN_POINT('',(612.56714755449,-3.,515.27350269189));
#4129 = LINE('',#4130,#4131);
#4130 = CARTESIAN_POINT('',(564.56714755449,-3.,515.27350269189));
#4131 = VECTOR('',#4132,1.);
#4132 = DIRECTION('',(1.,0.,-0.));
#4133 = ORIENTED_EDGE('',*,*,#4134,.T.);
#4134 = EDGE_CURVE('',#4125,#4135,#4137,.T.);
#4135 = VERTEX_POINT('',#4136);
#4136 = CARTESIAN_POINT('',(576.56714755449,-3.,991.27350269189));
#4137 = LINE('',#4138,#4139);
#4138 = CARTESIAN_POINT('',(576.56714755449,-3.,503.27350269189));
#4139 = VECTOR('',#4140,1.);
#4140 = DIRECTION('',(0.,0.,1.));
#4141 = ORIENTED_EDGE('',*,*,#4142,.T.);
#4142 = EDGE_CURVE('',#4135,#4143,#4145,.T.);
#4143 = VERTEX_POINT('',#4144);
#4144 = CARTESIAN_POINT('',(612.56714755449,-3.,991.27350269189));
#4145 = LINE('',#4146,#4147);
#4146 = CARTESIAN_POINT('',(564.56714755449,-3.,991.27350269189));
#4147 = VECTOR('',#4148,1.);
#4148 = DIRECTION('',(1.,0.,-0.));
#4149 = ORIENTED_EDGE('',*,*,#4150,.F.);
#4150 = EDGE_CURVE('',#4127,#4143,#4151,.T.);
#4151 = LINE('',#4152,#4153);
#4152 = CARTESIAN_POINT('',(612.56714755449,-3.,503.27350269189));
#4153 = VECTOR('',#4154,1.);
#4154 = DIRECTION('',(0.,0.,1.));
#4155 = PLANE('',#4156);
#4156 = AXIS2_PLACEMENT_3D('',#4157,#4158,#4159);
#4157 = CARTESIAN_POINT('',(594.58613343812,-3.,817.84295658211));
#4158 = DIRECTION('',(-0.,-1.,-0.));
#4159 = DIRECTION('',(0.,0.,-1.));
#4160 = ADVANCED_FACE('',(#4161),#4186,.T.);
#4161 = FACE_BOUND('',#4162,.T.);
#4162 = EDGE_LOOP('',(#4163,#4164,#4172,#4180));
#4163 = ORIENTED_EDGE('',*,*,#4116,.F.);
#4164 = ORIENTED_EDGE('',*,*,#4165,.F.);
#4165 = EDGE_CURVE('',#4166,#4109,#4168,.T.);
#4166 = VERTEX_POINT('',#4167);
#4167 = CARTESIAN_POINT('',(541.56714755449,3.,445.27350269189));
#4168 = LINE('',#4169,#4170);
#4169 = CARTESIAN_POINT('',(541.56714755449,-3.,445.27350269189));
#4170 = VECTOR('',#4171,1.);
#4171 = DIRECTION('',(0.,-1.,0.));
#4172 = ORIENTED_EDGE('',*,*,#4173,.T.);
#4173 = EDGE_CURVE('',#4166,#4174,#4176,.T.);
#4174 = VERTEX_POINT('',#4175);
#4175 = CARTESIAN_POINT('',(541.56714755449,3.,1.061273502692E+03));
#4176 = LINE('',#4177,#4178);
#4177 = CARTESIAN_POINT('',(541.56714755449,3.,433.27350269189));
#4178 = VECTOR('',#4179,1.);
#4179 = DIRECTION('',(0.,0.,1.));
#4180 = ORIENTED_EDGE('',*,*,#4181,.T.);
#4181 = EDGE_CURVE('',#4174,#4027,#4182,.T.);
#4182 = LINE('',#4183,#4184);
#4183 = CARTESIAN_POINT('',(541.56714755449,-3.,1.061273502692E+03));
#4184 = VECTOR('',#4185,1.);
#4185 = DIRECTION('',(0.,-1.,0.));
#4186 = PLANE('',#4187);
#4187 = AXIS2_PLACEMENT_3D('',#4188,#4189,#4190);
#4188 = CARTESIAN_POINT('',(541.56714755449,-3.,433.27350269189));
#4189 = DIRECTION('',(1.,0.,-0.));
#4190 = DIRECTION('',(0.,0.,1.));
#4191 = ADVANCED_FACE('',(#4192),#4210,.T.);
#4192 = FACE_BOUND('',#4193,.T.);
#4193 = EDGE_LOOP('',(#4194,#4202,#4203,#4204));
#4194 = ORIENTED_EDGE('',*,*,#4195,.F.);
#4195 = EDGE_CURVE('',#4166,#4196,#4198,.T.);
#4196 = VERTEX_POINT('',#4197);
#4197 = CARTESIAN_POINT('',(588.56714755449,3.,445.27350269189));
#4198 = LINE('',#4199,#4200);
#4199 = CARTESIAN_POINT('',(529.56714755449,3.,445.27350269189));
#4200 = VECTOR('',#4201,1.);
#4201 = DIRECTION('',(1.,0.,-0.));
#4202 = ORIENTED_EDGE('',*,*,#4165,.T.);
#4203 = ORIENTED_EDGE('',*,*,#4108,.T.);
#4204 = ORIENTED_EDGE('',*,*,#4205,.T.);
#4205 = EDGE_CURVE('',#4101,#4196,#4206,.T.);
#4206 = LINE('',#4207,#4208);
#4207 = CARTESIAN_POINT('',(588.56714755449,-3.,445.27350269189));
#4208 = VECTOR('',#4209,1.);
#4209 = DIRECTION('',(-0.,1.,0.));
#4210 = PLANE('',#4211);
#4211 = AXIS2_PLACEMENT_3D('',#4212,#4213,#4214);
#4212 = CARTESIAN_POINT('',(529.56714755449,-3.,445.27350269189));
#4213 = DIRECTION('',(0.,0.,1.));
#4214 = DIRECTION('',(1.,0.,-0.));
#4215 = ADVANCED_FACE('',(#4216),#4234,.F.);
#4216 = FACE_BOUND('',#4217,.F.);
#4217 = EDGE_LOOP('',(#4218,#4219,#4220,#4228));
#4218 = ORIENTED_EDGE('',*,*,#4100,.F.);
#4219 = ORIENTED_EDGE('',*,*,#4205,.T.);
#4220 = ORIENTED_EDGE('',*,*,#4221,.T.);
#4221 = EDGE_CURVE('',#4196,#4222,#4224,.T.);
#4222 = VERTEX_POINT('',#4223);
#4223 = CARTESIAN_POINT('',(588.56714755449,3.,503.27350269189));
#4224 = LINE('',#4225,#4226);
#4225 = CARTESIAN_POINT('',(588.56714755449,3.,445.27350269189));
#4226 = VECTOR('',#4227,1.);
#4227 = DIRECTION('',(0.,0.,1.));
#4228 = ORIENTED_EDGE('',*,*,#4229,.F.);
#4229 = EDGE_CURVE('',#4093,#4222,#4230,.T.);
#4230 = LINE('',#4231,#4232);
#4231 = CARTESIAN_POINT('',(588.56714755449,-3.,503.27350269189));
#4232 = VECTOR('',#4233,1.);
#4233 = DIRECTION('',(-0.,1.,0.));
#4234 = PLANE('',#4235);
#4235 = AXIS2_PLACEMENT_3D('',#4236,#4237,#4238);
#4236 = CARTESIAN_POINT('',(588.56714755449,-3.,445.27350269189));
#4237 = DIRECTION('',(1.,0.,-0.));
#4238 = DIRECTION('',(0.,0.,1.));
#4239 = ADVANCED_FACE('',(#4240),#4258,.T.);
#4240 = FACE_BOUND('',#4241,.T.);
#4241 = EDGE_LOOP('',(#4242,#4243,#4251,#4257));
#4242 = ORIENTED_EDGE('',*,*,#4092,.F.);
#4243 = ORIENTED_EDGE('',*,*,#4244,.T.);
#4244 = EDGE_CURVE('',#4085,#4245,#4247,.T.);
#4245 = VERTEX_POINT('',#4246);
#4246 = CARTESIAN_POINT('',(564.56714755449,3.,503.27350269189));
#4247 = LINE('',#4248,#4249);
#4248 = CARTESIAN_POINT('',(564.56714755449,-3.,503.27350269189));
#4249 = VECTOR('',#4250,1.);
#4250 = DIRECTION('',(-0.,1.,0.));
#4251 = ORIENTED_EDGE('',*,*,#4252,.T.);
#4252 = EDGE_CURVE('',#4245,#4222,#4253,.T.);
#4253 = LINE('',#4254,#4255);
#4254 = CARTESIAN_POINT('',(564.56714755449,3.,503.27350269189));
#4255 = VECTOR('',#4256,1.);
#4256 = DIRECTION('',(1.,0.,-0.));
#4257 = ORIENTED_EDGE('',*,*,#4229,.F.);
#4258 = PLANE('',#4259);
#4259 = AXIS2_PLACEMENT_3D('',#4260,#4261,#4262);
#4260 = CARTESIAN_POINT('',(594.56714755449,0.,503.27350269189));
#4261 = DIRECTION('',(-0.,-0.,-1.));
#4262 = DIRECTION('',(-1.,0.,0.));
#4263 = ADVANCED_FACE('',(#4264),#4282,.F.);
#4264 = FACE_BOUND('',#4265,.T.);
#4265 = EDGE_LOOP('',(#4266,#4267,#4275,#4281));
#4266 = ORIENTED_EDGE('',*,*,#4084,.T.);
#4267 = ORIENTED_EDGE('',*,*,#4268,.T.);
#4268 = EDGE_CURVE('',#4077,#4269,#4271,.T.);
#4269 = VERTEX_POINT('',#4270);
#4270 = CARTESIAN_POINT('',(564.56714755449,3.,1.003273502692E+03));
#4271 = LINE('',#4272,#4273);
#4272 = CARTESIAN_POINT('',(564.56714755449,-3.,1.003273502692E+03));
#4273 = VECTOR('',#4274,1.);
#4274 = DIRECTION('',(-0.,1.,0.));
#4275 = ORIENTED_EDGE('',*,*,#4276,.F.);
#4276 = EDGE_CURVE('',#4245,#4269,#4277,.T.);
#4277 = LINE('',#4278,#4279);
#4278 = CARTESIAN_POINT('',(564.56714755449,3.,503.27350269189));
#4279 = VECTOR('',#4280,1.);
#4280 = DIRECTION('',(0.,0.,1.));
#4281 = ORIENTED_EDGE('',*,*,#4244,.F.);
#4282 = PLANE('',#4283);
#4283 = AXIS2_PLACEMENT_3D('',#4284,#4285,#4286);
#4284 = CARTESIAN_POINT('',(564.56714755449,-3.,503.27350269189));
#4285 = DIRECTION('',(1.,0.,-0.));
#4286 = DIRECTION('',(0.,0.,1.));
#4287 = ADVANCED_FACE('',(#4288),#4306,.T.);
#4288 = FACE_BOUND('',#4289,.T.);
#4289 = EDGE_LOOP('',(#4290,#4291,#4292,#4300));
#4290 = ORIENTED_EDGE('',*,*,#4268,.F.);
#4291 = ORIENTED_EDGE('',*,*,#4076,.T.);
#4292 = ORIENTED_EDGE('',*,*,#4293,.T.);
#4293 = EDGE_CURVE('',#4069,#4294,#4296,.T.);
#4294 = VERTEX_POINT('',#4295);
#4295 = CARTESIAN_POINT('',(624.56714755449,3.,1.003273502692E+03));
#4296 = LINE('',#4297,#4298);
#4297 = CARTESIAN_POINT('',(624.56714755449,-3.,1.003273502692E+03));
#4298 = VECTOR('',#4299,1.);
#4299 = DIRECTION('',(-0.,1.,0.));
#4300 = ORIENTED_EDGE('',*,*,#4301,.F.);
#4301 = EDGE_CURVE('',#4269,#4294,#4302,.T.);
#4302 = LINE('',#4303,#4304);
#4303 = CARTESIAN_POINT('',(612.56714755449,3.,1.003273502692E+03));
#4304 = VECTOR('',#4305,1.);
#4305 = DIRECTION('',(1.,0.,-0.));
#4306 = PLANE('',#4307);
#4307 = AXIS2_PLACEMENT_3D('',#4308,#4309,#4310);
#4308 = CARTESIAN_POINT('',(594.56714755449,0.,1.003273502692E+03));
#4309 = DIRECTION('',(0.,0.,1.));
#4310 = DIRECTION('',(1.,0.,-0.));
#4311 = ADVANCED_FACE('',(#4312),#4337,.T.);
#4312 = FACE_BOUND('',#4313,.T.);
#4313 = EDGE_LOOP('',(#4314,#4324,#4330,#4331));
#4314 = ORIENTED_EDGE('',*,*,#4315,.F.);
#4315 = EDGE_CURVE('',#4316,#4318,#4320,.T.);
#4316 = VERTEX_POINT('',#4317);
#4317 = CARTESIAN_POINT('',(600.56714755449,3.,445.27350269189));
#4318 = VERTEX_POINT('',#4319);
#4319 = CARTESIAN_POINT('',(647.56714755449,3.,445.27350269189));
#4320 = LINE('',#4321,#4322);
#4321 = CARTESIAN_POINT('',(529.56714755449,3.,445.27350269189));
#4322 = VECTOR('',#4323,1.);
#4323 = DIRECTION('',(1.,0.,-0.));
#4324 = ORIENTED_EDGE('',*,*,#4325,.F.);
#4325 = EDGE_CURVE('',#4045,#4316,#4326,.T.);
#4326 = LINE('',#4327,#4328);
#4327 = CARTESIAN_POINT('',(600.56714755449,-3.,445.27350269189));
#4328 = VECTOR('',#4329,1.);
#4329 = DIRECTION('',(-0.,1.,0.));
#4330 = ORIENTED_EDGE('',*,*,#4044,.T.);
#4331 = ORIENTED_EDGE('',*,*,#4332,.F.);
#4332 = EDGE_CURVE('',#4318,#4037,#4333,.T.);
#4333 = LINE('',#4334,#4335);
#4334 = CARTESIAN_POINT('',(647.56714755449,-3.,445.27350269189));
#4335 = VECTOR('',#4336,1.);
#4336 = DIRECTION('',(0.,-1.,0.));
#4337 = PLANE('',#4338);
#4338 = AXIS2_PLACEMENT_3D('',#4339,#4340,#4341);
#4339 = CARTESIAN_POINT('',(529.56714755449,-3.,445.27350269189));
#4340 = DIRECTION('',(0.,0.,1.));
#4341 = DIRECTION('',(1.,0.,-0.));
#4342 = ADVANCED_FACE('',(#4343),#4361,.F.);
#4343 = FACE_BOUND('',#4344,.F.);
#4344 = EDGE_LOOP('',(#4345,#4346,#4347,#4355));
#4345 = ORIENTED_EDGE('',*,*,#4036,.F.);
#4346 = ORIENTED_EDGE('',*,*,#4332,.F.);
#4347 = ORIENTED_EDGE('',*,*,#4348,.T.);
#4348 = EDGE_CURVE('',#4318,#4349,#4351,.T.);
#4349 = VERTEX_POINT('',#4350);
#4350 = CARTESIAN_POINT('',(647.56714755449,3.,1.061273502692E+03));
#4351 = LINE('',#4352,#4353);
#4352 = CARTESIAN_POINT('',(647.56714755449,3.,433.27350269189));
#4353 = VECTOR('',#4354,1.);
#4354 = DIRECTION('',(0.,0.,1.));
#4355 = ORIENTED_EDGE('',*,*,#4356,.T.);
#4356 = EDGE_CURVE('',#4349,#4029,#4357,.T.);
#4357 = LINE('',#4358,#4359);
#4358 = CARTESIAN_POINT('',(647.56714755449,-3.,1.061273502692E+03));
#4359 = VECTOR('',#4360,1.);
#4360 = DIRECTION('',(0.,-1.,0.));
#4361 = PLANE('',#4362);
#4362 = AXIS2_PLACEMENT_3D('',#4363,#4364,#4365);
#4363 = CARTESIAN_POINT('',(647.56714755449,-3.,433.27350269189));
#4364 = DIRECTION('',(1.,0.,-0.));
#4365 = DIRECTION('',(0.,0.,1.));
#4366 = ADVANCED_FACE('',(#4367),#4385,.T.);
#4367 = FACE_BOUND('',#4368,.T.);
#4368 = EDGE_LOOP('',(#4369,#4370,#4371,#4379));
#4369 = ORIENTED_EDGE('',*,*,#4052,.F.);
#4370 = ORIENTED_EDGE('',*,*,#4325,.T.);
#4371 = ORIENTED_EDGE('',*,*,#4372,.T.);
#4372 = EDGE_CURVE('',#4316,#4373,#4375,.T.);
#4373 = VERTEX_POINT('',#4374);
#4374 = CARTESIAN_POINT('',(600.56714755449,3.,503.27350269189));
#4375 = LINE('',#4376,#4377);
#4376 = CARTESIAN_POINT('',(600.56714755449,3.,445.27350269189));
#4377 = VECTOR('',#4378,1.);
#4378 = DIRECTION('',(0.,0.,1.));
#4379 = ORIENTED_EDGE('',*,*,#4380,.F.);
#4380 = EDGE_CURVE('',#4053,#4373,#4381,.T.);
#4381 = LINE('',#4382,#4383);
#4382 = CARTESIAN_POINT('',(600.56714755449,-3.,503.27350269189));
#4383 = VECTOR('',#4384,1.);
#4384 = DIRECTION('',(-0.,1.,0.));
#4385 = PLANE('',#4386);
#4386 = AXIS2_PLACEMENT_3D('',#4387,#4388,#4389);
#4387 = CARTESIAN_POINT('',(600.56714755449,-3.,445.27350269189));
#4388 = DIRECTION('',(1.,0.,-0.));
#4389 = DIRECTION('',(0.,0.,1.));
#4390 = ADVANCED_FACE('',(#4391),#4409,.T.);
#4391 = FACE_BOUND('',#4392,.T.);
#4392 = EDGE_LOOP('',(#4393,#4394,#4395,#4403));
#4393 = ORIENTED_EDGE('',*,*,#4060,.F.);
#4394 = ORIENTED_EDGE('',*,*,#4380,.T.);
#4395 = ORIENTED_EDGE('',*,*,#4396,.T.);
#4396 = EDGE_CURVE('',#4373,#4397,#4399,.T.);
#4397 = VERTEX_POINT('',#4398);
#4398 = CARTESIAN_POINT('',(624.56714755449,3.,503.27350269189));
#4399 = LINE('',#4400,#4401);
#4400 = CARTESIAN_POINT('',(564.56714755449,3.,503.27350269189));
#4401 = VECTOR('',#4402,1.);
#4402 = DIRECTION('',(1.,0.,-0.));
#4403 = ORIENTED_EDGE('',*,*,#4404,.F.);
#4404 = EDGE_CURVE('',#4061,#4397,#4405,.T.);
#4405 = LINE('',#4406,#4407);
#4406 = CARTESIAN_POINT('',(624.56714755449,-3.,503.27350269189));
#4407 = VECTOR('',#4408,1.);
#4408 = DIRECTION('',(-0.,1.,0.));
#4409 = PLANE('',#4410);
#4410 = AXIS2_PLACEMENT_3D('',#4411,#4412,#4413);
#4411 = CARTESIAN_POINT('',(594.56714755449,0.,503.27350269189));
#4412 = DIRECTION('',(-0.,-0.,-1.));
#4413 = DIRECTION('',(-1.,0.,0.));
#4414 = ADVANCED_FACE('',(#4415),#4426,.T.);
#4415 = FACE_BOUND('',#4416,.T.);
#4416 = EDGE_LOOP('',(#4417,#4418,#4424,#4425));
#4417 = ORIENTED_EDGE('',*,*,#4404,.T.);
#4418 = ORIENTED_EDGE('',*,*,#4419,.T.);
#4419 = EDGE_CURVE('',#4397,#4294,#4420,.T.);
#4420 = LINE('',#4421,#4422);
#4421 = CARTESIAN_POINT('',(624.56714755449,3.,503.27350269189));
#4422 = VECTOR('',#4423,1.);
#4423 = DIRECTION('',(0.,0.,1.));
#4424 = ORIENTED_EDGE('',*,*,#4293,.F.);
#4425 = ORIENTED_EDGE('',*,*,#4068,.F.);
#4426 = PLANE('',#4427);
#4427 = AXIS2_PLACEMENT_3D('',#4428,#4429,#4430);
#4428 = CARTESIAN_POINT('',(624.56714755449,-3.,503.27350269189));
#4429 = DIRECTION('',(1.,0.,-0.));
#4430 = DIRECTION('',(0.,0.,1.));
#4431 = ADVANCED_FACE('',(#4432),#4457,.T.);
#4432 = FACE_BOUND('',#4433,.T.);
#4433 = EDGE_LOOP('',(#4434,#4442,#4443,#4451));
#4434 = ORIENTED_EDGE('',*,*,#4435,.T.);
#4435 = EDGE_CURVE('',#4436,#4125,#4438,.T.);
#4436 = VERTEX_POINT('',#4437);
#4437 = CARTESIAN_POINT('',(576.56714755449,3.,515.27350269189));
#4438 = LINE('',#4439,#4440);
#4439 = CARTESIAN_POINT('',(576.56714755449,-3.,515.27350269189));
#4440 = VECTOR('',#4441,1.);
#4441 = DIRECTION('',(0.,-1.,0.));
#4442 = ORIENTED_EDGE('',*,*,#4124,.T.);
#4443 = ORIENTED_EDGE('',*,*,#4444,.F.);
#4444 = EDGE_CURVE('',#4445,#4127,#4447,.T.);
#4445 = VERTEX_POINT('',#4446);
#4446 = CARTESIAN_POINT('',(612.56714755449,3.,515.27350269189));
#4447 = LINE('',#4448,#4449);
#4448 = CARTESIAN_POINT('',(612.56714755449,-3.,515.27350269189));
#4449 = VECTOR('',#4450,1.);
#4450 = DIRECTION('',(0.,-1.,0.));
#4451 = ORIENTED_EDGE('',*,*,#4452,.F.);
#4452 = EDGE_CURVE('',#4436,#4445,#4453,.T.);
#4453 = LINE('',#4454,#4455);
#4454 = CARTESIAN_POINT('',(564.56714755449,3.,515.27350269189));
#4455 = VECTOR('',#4456,1.);
#4456 = DIRECTION('',(1.,0.,-0.));
#4457 = PLANE('',#4458);
#4458 = AXIS2_PLACEMENT_3D('',#4459,#4460,#4461);
#4459 = CARTESIAN_POINT('',(564.56714755449,-3.,515.27350269189));
#4460 = DIRECTION('',(0.,0.,1.));
#4461 = DIRECTION('',(1.,0.,-0.));
#4462 = ADVANCED_FACE('',(#4463),#4481,.T.);
#4463 = FACE_BOUND('',#4464,.T.);
#4464 = EDGE_LOOP('',(#4465,#4466,#4467,#4475));
#4465 = ORIENTED_EDGE('',*,*,#4134,.F.);
#4466 = ORIENTED_EDGE('',*,*,#4435,.F.);
#4467 = ORIENTED_EDGE('',*,*,#4468,.T.);
#4468 = EDGE_CURVE('',#4436,#4469,#4471,.T.);
#4469 = VERTEX_POINT('',#4470);
#4470 = CARTESIAN_POINT('',(576.56714755449,3.,991.27350269189));
#4471 = LINE('',#4472,#4473);
#4472 = CARTESIAN_POINT('',(576.56714755449,3.,503.27350269189));
#4473 = VECTOR('',#4474,1.);
#4474 = DIRECTION('',(0.,0.,1.));
#4475 = ORIENTED_EDGE('',*,*,#4476,.T.);
#4476 = EDGE_CURVE('',#4469,#4135,#4477,.T.);
#4477 = LINE('',#4478,#4479);
#4478 = CARTESIAN_POINT('',(576.56714755449,-3.,991.27350269189));
#4479 = VECTOR('',#4480,1.);
#4480 = DIRECTION('',(0.,-1.,0.));
#4481 = PLANE('',#4482);
#4482 = AXIS2_PLACEMENT_3D('',#4483,#4484,#4485);
#4483 = CARTESIAN_POINT('',(576.56714755449,-3.,503.27350269189));
#4484 = DIRECTION('',(1.,0.,-0.));
#4485 = DIRECTION('',(0.,0.,1.));
#4486 = ADVANCED_FACE('',(#4487),#4505,.F.);
#4487 = FACE_BOUND('',#4488,.F.);
#4488 = EDGE_LOOP('',(#4489,#4490,#4491,#4499));
#4489 = ORIENTED_EDGE('',*,*,#4476,.T.);
#4490 = ORIENTED_EDGE('',*,*,#4142,.T.);
#4491 = ORIENTED_EDGE('',*,*,#4492,.F.);
#4492 = EDGE_CURVE('',#4493,#4143,#4495,.T.);
#4493 = VERTEX_POINT('',#4494);
#4494 = CARTESIAN_POINT('',(612.56714755449,3.,991.27350269189));
#4495 = LINE('',#4496,#4497);
#4496 = CARTESIAN_POINT('',(612.56714755449,-3.,991.27350269189));
#4497 = VECTOR('',#4498,1.);
#4498 = DIRECTION('',(0.,-1.,0.));
#4499 = ORIENTED_EDGE('',*,*,#4500,.F.);
#4500 = EDGE_CURVE('',#4469,#4493,#4501,.T.);
#4501 = LINE('',#4502,#4503);
#4502 = CARTESIAN_POINT('',(564.56714755449,3.,991.27350269189));
#4503 = VECTOR('',#4504,1.);
#4504 = DIRECTION('',(1.,0.,-0.));
#4505 = PLANE('',#4506);
#4506 = AXIS2_PLACEMENT_3D('',#4507,#4508,#4509);
#4507 = CARTESIAN_POINT('',(564.56714755449,-3.,991.27350269189));
#4508 = DIRECTION('',(0.,0.,1.));
#4509 = DIRECTION('',(1.,0.,-0.));
#4510 = ADVANCED_FACE('',(#4511),#4522,.F.);
#4511 = FACE_BOUND('',#4512,.F.);
#4512 = EDGE_LOOP('',(#4513,#4514,#4515,#4521));
#4513 = ORIENTED_EDGE('',*,*,#4150,.F.);
#4514 = ORIENTED_EDGE('',*,*,#4444,.F.);
#4515 = ORIENTED_EDGE('',*,*,#4516,.T.);
#4516 = EDGE_CURVE('',#4445,#4493,#4517,.T.);
#4517 = LINE('',#4518,#4519);
#4518 = CARTESIAN_POINT('',(612.56714755449,3.,503.27350269189));
#4519 = VECTOR('',#4520,1.);
#4520 = DIRECTION('',(0.,0.,1.));
#4521 = ORIENTED_EDGE('',*,*,#4492,.T.);
#4522 = PLANE('',#4523);
#4523 = AXIS2_PLACEMENT_3D('',#4524,#4525,#4526);
#4524 = CARTESIAN_POINT('',(612.56714755449,-3.,503.27350269189));
#4525 = DIRECTION('',(1.,0.,-0.));
#4526 = DIRECTION('',(0.,0.,1.));
#4527 = ADVANCED_FACE('',(#4528,#4542,#4561),#4567,.T.);
#4528 = FACE_BOUND('',#4529,.T.);
#4529 = EDGE_LOOP('',(#4530,#4531,#4532,#4533,#4534,#4535,#4536,#4537,
    #4538,#4539,#4540,#4541));
#4530 = ORIENTED_EDGE('',*,*,#3720,.F.);
#4531 = ORIENTED_EDGE('',*,*,#3658,.T.);
#4532 = ORIENTED_EDGE('',*,*,#3697,.T.);
#4533 = ORIENTED_EDGE('',*,*,#3758,.F.);
#4534 = ORIENTED_EDGE('',*,*,#3814,.F.);
#4535 = ORIENTED_EDGE('',*,*,#3882,.F.);
#4536 = ORIENTED_EDGE('',*,*,#3914,.T.);
#4537 = ORIENTED_EDGE('',*,*,#3938,.F.);
#4538 = ORIENTED_EDGE('',*,*,#3975,.F.);
#4539 = ORIENTED_EDGE('',*,*,#3997,.F.);
#4540 = ORIENTED_EDGE('',*,*,#3852,.F.);
#4541 = ORIENTED_EDGE('',*,*,#3789,.T.);
#4542 = FACE_BOUND('',#4543,.T.);
#4543 = EDGE_LOOP('',(#4544,#4545,#4546,#4547,#4548,#4549,#4550,#4551,
    #4552,#4553,#4554,#4560));
#4544 = ORIENTED_EDGE('',*,*,#4195,.T.);
#4545 = ORIENTED_EDGE('',*,*,#4221,.T.);
#4546 = ORIENTED_EDGE('',*,*,#4252,.F.);
#4547 = ORIENTED_EDGE('',*,*,#4276,.T.);
#4548 = ORIENTED_EDGE('',*,*,#4301,.T.);
#4549 = ORIENTED_EDGE('',*,*,#4419,.F.);
#4550 = ORIENTED_EDGE('',*,*,#4396,.F.);
#4551 = ORIENTED_EDGE('',*,*,#4372,.F.);
#4552 = ORIENTED_EDGE('',*,*,#4315,.T.);
#4553 = ORIENTED_EDGE('',*,*,#4348,.T.);
#4554 = ORIENTED_EDGE('',*,*,#4555,.F.);
#4555 = EDGE_CURVE('',#4174,#4349,#4556,.T.);
#4556 = LINE('',#4557,#4558);
#4557 = CARTESIAN_POINT('',(529.56714755449,3.,1.061273502692E+03));
#4558 = VECTOR('',#4559,1.);
#4559 = DIRECTION('',(1.,0.,-0.));
#4560 = ORIENTED_EDGE('',*,*,#4173,.F.);
#4561 = FACE_BOUND('',#4562,.T.);
#4562 = EDGE_LOOP('',(#4563,#4564,#4565,#4566));
#4563 = ORIENTED_EDGE('',*,*,#4452,.T.);
#4564 = ORIENTED_EDGE('',*,*,#4516,.T.);
#4565 = ORIENTED_EDGE('',*,*,#4500,.F.);
#4566 = ORIENTED_EDGE('',*,*,#4468,.F.);
#4567 = PLANE('',#4568);
#4568 = AXIS2_PLACEMENT_3D('',#4569,#4570,#4571);
#4569 = CARTESIAN_POINT('',(594.58613343812,3.,817.84295658211));
#4570 = DIRECTION('',(0.,1.,0.));
#4571 = DIRECTION('',(0.,-0.,1.));
#4572 = ADVANCED_FACE('',(#4573),#4579,.F.);
#4573 = FACE_BOUND('',#4574,.T.);
#4574 = EDGE_LOOP('',(#4575,#4576,#4577,#4578));
#4575 = ORIENTED_EDGE('',*,*,#4555,.T.);
#4576 = ORIENTED_EDGE('',*,*,#4356,.T.);
#4577 = ORIENTED_EDGE('',*,*,#4026,.F.);
#4578 = ORIENTED_EDGE('',*,*,#4181,.F.);
#4579 = PLANE('',#4580);
#4580 = AXIS2_PLACEMENT_3D('',#4581,#4582,#4583);
#4581 = CARTESIAN_POINT('',(529.56714755449,-3.,1.061273502692E+03));
#4582 = DIRECTION('',(0.,0.,1.));
#4583 = DIRECTION('',(1.,0.,-0.));
#4584 = ( GEOMETRIC_REPRESENTATION_CONTEXT(3) 
GLOBAL_UNCERTAINTY_ASSIGNED_CONTEXT((#4588)) 
GLOBAL_UNIT_ASSIGNED_CONTEXT((#4585,#4586,#4587)) REPRESENTATION_CONTEXT
('Context #1','3D Context with UNIT and UNCERTAINTY') );
#4585 = ( LENGTH_UNIT() NAMED_UNIT(*) SI_UNIT(.MILLI.,.METRE.) );
#4586 = ( NAMED_UNIT(*) PLANE_ANGLE_UNIT() SI_UNIT($,.RADIAN.) );
#4587 = ( NAMED_UNIT(*) SI_UNIT($,.STERADIAN.) SOLID_ANGLE_UNIT() );
#4588 = UNCERTAINTY_MEASURE_WITH_UNIT(LENGTH_MEASURE(1.E-07),#4585,
  'distance_accuracy_value','confusion accuracy');
#4589 = CONTEXT_DEPENDENT_SHAPE_REPRESENTATION(#4590,#4592);
#4590 = ( REPRESENTATION_RELATIONSHIP('','',#3633,#10) 
REPRESENTATION_RELATIONSHIP_WITH_TRANSFORMATION(#4591) 
SHAPE_REPRESENTATION_RELATIONSHIP() );
#4591 = ITEM_DEFINED_TRANSFORMATION('','',#11,#35);
#4592 = PRODUCT_DEFINITION_SHAPE('Placement','Placement of an item',
  #4593);
#4593 = NEXT_ASSEMBLY_USAGE_OCCURRENCE('133','Motiv 03','',#5,#3628,$);
#4594 = PRODUCT_RELATED_PRODUCT_CATEGORY('part',$,(#3630));
#4595 = SHAPE_DEFINITION_REPRESENTATION(#4596,#4602);
#4596 = PRODUCT_DEFINITION_SHAPE('','',#4597);
#4597 = PRODUCT_DEFINITION('design','',#4598,#4601);
#4598 = PRODUCT_DEFINITION_FORMATION('','',#4599);
#4599 = PRODUCT('Patka 03','Patka 03','',(#4600));
#4600 = PRODUCT_CONTEXT('',#2,'mechanical');
#4601 = PRODUCT_DEFINITION_CONTEXT('part definition',#2,'design');
#4602 = ADVANCED_BREP_SHAPE_REPRESENTATION('',(#11,#4603),#4831);
#4603 = MANIFOLD_SOLID_BREP('',#4604);
#4604 = CLOSED_SHELL('',(#4605,#4645,#4676,#4722,#4746,#4785,#4797,#4814
    ));
#4605 = ADVANCED_FACE('',(#4606),#4640,.F.);
#4606 = FACE_BOUND('',#4607,.F.);
#4607 = EDGE_LOOP('',(#4608,#4618,#4626,#4634));
#4608 = ORIENTED_EDGE('',*,*,#4609,.F.);
#4609 = EDGE_CURVE('',#4610,#4612,#4614,.T.);
#4610 = VERTEX_POINT('',#4611);
#4611 = CARTESIAN_POINT('',(564.56714755449,-40.,337.27350269189));
#4612 = VERTEX_POINT('',#4613);
#4613 = CARTESIAN_POINT('',(564.56714755449,-40.,343.27350269189));
#4614 = LINE('',#4615,#4616);
#4615 = CARTESIAN_POINT('',(564.56714755449,-40.,337.27350269189));
#4616 = VECTOR('',#4617,1.);
#4617 = DIRECTION('',(0.,0.,1.));
#4618 = ORIENTED_EDGE('',*,*,#4619,.T.);
#4619 = EDGE_CURVE('',#4610,#4620,#4622,.T.);
#4620 = VERTEX_POINT('',#4621);
#4621 = CARTESIAN_POINT('',(564.56714755449,40.,337.27350269189));
#4622 = LINE('',#4623,#4624);
#4623 = CARTESIAN_POINT('',(564.56714755449,-40.,337.27350269189));
#4624 = VECTOR('',#4625,1.);
#4625 = DIRECTION('',(-0.,1.,0.));
#4626 = ORIENTED_EDGE('',*,*,#4627,.T.);
#4627 = EDGE_CURVE('',#4620,#4628,#4630,.T.);
#4628 = VERTEX_POINT('',#4629);
#4629 = CARTESIAN_POINT('',(564.56714755449,40.,343.27350269189));
#4630 = LINE('',#4631,#4632);
#4631 = CARTESIAN_POINT('',(564.56714755449,40.,337.27350269189));
#4632 = VECTOR('',#4633,1.);
#4633 = DIRECTION('',(0.,0.,1.));
#4634 = ORIENTED_EDGE('',*,*,#4635,.F.);
#4635 = EDGE_CURVE('',#4612,#4628,#4636,.T.);
#4636 = LINE('',#4637,#4638);
#4637 = CARTESIAN_POINT('',(564.56714755449,-40.,343.27350269189));
#4638 = VECTOR('',#4639,1.);
#4639 = DIRECTION('',(-0.,1.,0.));
#4640 = PLANE('',#4641);
#4641 = AXIS2_PLACEMENT_3D('',#4642,#4643,#4644);
#4642 = CARTESIAN_POINT('',(564.56714755449,-40.,337.27350269189));
#4643 = DIRECTION('',(1.,0.,-0.));
#4644 = DIRECTION('',(0.,0.,1.));
#4645 = ADVANCED_FACE('',(#4646),#4671,.F.);
#4646 = FACE_BOUND('',#4647,.F.);
#4647 = EDGE_LOOP('',(#4648,#4656,#4657,#4665));
#4648 = ORIENTED_EDGE('',*,*,#4649,.F.);
#4649 = EDGE_CURVE('',#4610,#4650,#4652,.T.);
#4650 = VERTEX_POINT('',#4651);
#4651 = CARTESIAN_POINT('',(624.56714755449,-40.,337.27350269189));
#4652 = LINE('',#4653,#4654);
#4653 = CARTESIAN_POINT('',(564.56714755449,-40.,337.27350269189));
#4654 = VECTOR('',#4655,1.);
#4655 = DIRECTION('',(1.,0.,-0.));
#4656 = ORIENTED_EDGE('',*,*,#4609,.T.);
#4657 = ORIENTED_EDGE('',*,*,#4658,.T.);
#4658 = EDGE_CURVE('',#4612,#4659,#4661,.T.);
#4659 = VERTEX_POINT('',#4660);
#4660 = CARTESIAN_POINT('',(624.56714755449,-40.,343.27350269189));
#4661 = LINE('',#4662,#4663);
#4662 = CARTESIAN_POINT('',(564.56714755449,-40.,343.27350269189));
#4663 = VECTOR('',#4664,1.);
#4664 = DIRECTION('',(1.,0.,-0.));
#4665 = ORIENTED_EDGE('',*,*,#4666,.F.);
#4666 = EDGE_CURVE('',#4650,#4659,#4667,.T.);
#4667 = LINE('',#4668,#4669);
#4668 = CARTESIAN_POINT('',(624.56714755449,-40.,337.27350269189));
#4669 = VECTOR('',#4670,1.);
#4670 = DIRECTION('',(0.,0.,1.));
#4671 = PLANE('',#4672);
#4672 = AXIS2_PLACEMENT_3D('',#4673,#4674,#4675);
#4673 = CARTESIAN_POINT('',(564.56714755449,-40.,337.27350269189));
#4674 = DIRECTION('',(-0.,1.,0.));
#4675 = DIRECTION('',(0.,0.,1.));
#4676 = ADVANCED_FACE('',(#4677,#4695,#4706),#4717,.T.);
#4677 = FACE_BOUND('',#4678,.T.);
#4678 = EDGE_LOOP('',(#4679,#4680,#4681,#4689));
#4679 = ORIENTED_EDGE('',*,*,#4635,.F.);
#4680 = ORIENTED_EDGE('',*,*,#4658,.T.);
#4681 = ORIENTED_EDGE('',*,*,#4682,.T.);
#4682 = EDGE_CURVE('',#4659,#4683,#4685,.T.);
#4683 = VERTEX_POINT('',#4684);
#4684 = CARTESIAN_POINT('',(624.56714755449,40.,343.27350269189));
#4685 = LINE('',#4686,#4687);
#4686 = CARTESIAN_POINT('',(624.56714755449,-40.,343.27350269189));
#4687 = VECTOR('',#4688,1.);
#4688 = DIRECTION('',(-0.,1.,0.));
#4689 = ORIENTED_EDGE('',*,*,#4690,.F.);
#4690 = EDGE_CURVE('',#4628,#4683,#4691,.T.);
#4691 = LINE('',#4692,#4693);
#4692 = CARTESIAN_POINT('',(564.56714755449,40.,343.27350269189));
#4693 = VECTOR('',#4694,1.);
#4694 = DIRECTION('',(1.,0.,-0.));
#4695 = FACE_BOUND('',#4696,.T.);
#4696 = EDGE_LOOP('',(#4697));
#4697 = ORIENTED_EDGE('',*,*,#4698,.F.);
#4698 = EDGE_CURVE('',#4699,#4699,#4701,.T.);
#4699 = VERTEX_POINT('',#4700);
#4700 = CARTESIAN_POINT('',(600.06714755449,-25.,343.27350269189));
#4701 = CIRCLE('',#4702,5.5);
#4702 = AXIS2_PLACEMENT_3D('',#4703,#4704,#4705);
#4703 = CARTESIAN_POINT('',(594.56714755449,-25.,343.27350269189));
#4704 = DIRECTION('',(0.,0.,1.));
#4705 = DIRECTION('',(1.,0.,-0.));
#4706 = FACE_BOUND('',#4707,.T.);
#4707 = EDGE_LOOP('',(#4708));
#4708 = ORIENTED_EDGE('',*,*,#4709,.F.);
#4709 = EDGE_CURVE('',#4710,#4710,#4712,.T.);
#4710 = VERTEX_POINT('',#4711);
#4711 = CARTESIAN_POINT('',(600.06714755449,25.,343.27350269189));
#4712 = CIRCLE('',#4713,5.5);
#4713 = AXIS2_PLACEMENT_3D('',#4714,#4715,#4716);
#4714 = CARTESIAN_POINT('',(594.56714755449,25.,343.27350269189));
#4715 = DIRECTION('',(0.,0.,1.));
#4716 = DIRECTION('',(1.,0.,-0.));
#4717 = PLANE('',#4718);
#4718 = AXIS2_PLACEMENT_3D('',#4719,#4720,#4721);
#4719 = CARTESIAN_POINT('',(564.56714755449,-40.,343.27350269189));
#4720 = DIRECTION('',(0.,0.,1.));
#4721 = DIRECTION('',(1.,0.,-0.));
#4722 = ADVANCED_FACE('',(#4723),#4741,.T.);
#4723 = FACE_BOUND('',#4724,.T.);
#4724 = EDGE_LOOP('',(#4725,#4733,#4734,#4735));
#4725 = ORIENTED_EDGE('',*,*,#4726,.F.);
#4726 = EDGE_CURVE('',#4620,#4727,#4729,.T.);
#4727 = VERTEX_POINT('',#4728);
#4728 = CARTESIAN_POINT('',(624.56714755449,40.,337.27350269189));
#4729 = LINE('',#4730,#4731);
#4730 = CARTESIAN_POINT('',(564.56714755449,40.,337.27350269189));
#4731 = VECTOR('',#4732,1.);
#4732 = DIRECTION('',(1.,0.,-0.));
#4733 = ORIENTED_EDGE('',*,*,#4627,.T.);
#4734 = ORIENTED_EDGE('',*,*,#4690,.T.);
#4735 = ORIENTED_EDGE('',*,*,#4736,.F.);
#4736 = EDGE_CURVE('',#4727,#4683,#4737,.T.);
#4737 = LINE('',#4738,#4739);
#4738 = CARTESIAN_POINT('',(624.56714755449,40.,337.27350269189));
#4739 = VECTOR('',#4740,1.);
#4740 = DIRECTION('',(0.,0.,1.));
#4741 = PLANE('',#4742);
#4742 = AXIS2_PLACEMENT_3D('',#4743,#4744,#4745);
#4743 = CARTESIAN_POINT('',(564.56714755449,40.,337.27350269189));
#4744 = DIRECTION('',(-0.,1.,0.));
#4745 = DIRECTION('',(0.,0.,1.));
#4746 = ADVANCED_FACE('',(#4747,#4758,#4769),#4780,.F.);
#4747 = FACE_BOUND('',#4748,.F.);
#4748 = EDGE_LOOP('',(#4749,#4750,#4751,#4757));
#4749 = ORIENTED_EDGE('',*,*,#4619,.F.);
#4750 = ORIENTED_EDGE('',*,*,#4649,.T.);
#4751 = ORIENTED_EDGE('',*,*,#4752,.T.);
#4752 = EDGE_CURVE('',#4650,#4727,#4753,.T.);
#4753 = LINE('',#4754,#4755);
#4754 = CARTESIAN_POINT('',(624.56714755449,-40.,337.27350269189));
#4755 = VECTOR('',#4756,1.);
#4756 = DIRECTION('',(-0.,1.,0.));
#4757 = ORIENTED_EDGE('',*,*,#4726,.F.);
#4758 = FACE_BOUND('',#4759,.F.);
#4759 = EDGE_LOOP('',(#4760));
#4760 = ORIENTED_EDGE('',*,*,#4761,.F.);
#4761 = EDGE_CURVE('',#4762,#4762,#4764,.T.);
#4762 = VERTEX_POINT('',#4763);
#4763 = CARTESIAN_POINT('',(600.06714755449,-25.,337.27350269189));
#4764 = CIRCLE('',#4765,5.5);
#4765 = AXIS2_PLACEMENT_3D('',#4766,#4767,#4768);
#4766 = CARTESIAN_POINT('',(594.56714755449,-25.,337.27350269189));
#4767 = DIRECTION('',(0.,0.,1.));
#4768 = DIRECTION('',(1.,0.,-0.));
#4769 = FACE_BOUND('',#4770,.F.);
#4770 = EDGE_LOOP('',(#4771));
#4771 = ORIENTED_EDGE('',*,*,#4772,.F.);
#4772 = EDGE_CURVE('',#4773,#4773,#4775,.T.);
#4773 = VERTEX_POINT('',#4774);
#4774 = CARTESIAN_POINT('',(600.06714755449,25.,337.27350269189));
#4775 = CIRCLE('',#4776,5.5);
#4776 = AXIS2_PLACEMENT_3D('',#4777,#4778,#4779);
#4777 = CARTESIAN_POINT('',(594.56714755449,25.,337.27350269189));
#4778 = DIRECTION('',(0.,0.,1.));
#4779 = DIRECTION('',(1.,0.,-0.));
#4780 = PLANE('',#4781);
#4781 = AXIS2_PLACEMENT_3D('',#4782,#4783,#4784);
#4782 = CARTESIAN_POINT('',(564.56714755449,-40.,337.27350269189));
#4783 = DIRECTION('',(0.,0.,1.));
#4784 = DIRECTION('',(1.,0.,-0.));
#4785 = ADVANCED_FACE('',(#4786),#4792,.T.);
#4786 = FACE_BOUND('',#4787,.T.);
#4787 = EDGE_LOOP('',(#4788,#4789,#4790,#4791));
#4788 = ORIENTED_EDGE('',*,*,#4666,.F.);
#4789 = ORIENTED_EDGE('',*,*,#4752,.T.);
#4790 = ORIENTED_EDGE('',*,*,#4736,.T.);
#4791 = ORIENTED_EDGE('',*,*,#4682,.F.);
#4792 = PLANE('',#4793);
#4793 = AXIS2_PLACEMENT_3D('',#4794,#4795,#4796);
#4794 = CARTESIAN_POINT('',(624.56714755449,-40.,337.27350269189));
#4795 = DIRECTION('',(1.,0.,-0.));
#4796 = DIRECTION('',(0.,0.,1.));
#4797 = ADVANCED_FACE('',(#4798),#4809,.F.);
#4798 = FACE_BOUND('',#4799,.F.);
#4799 = EDGE_LOOP('',(#4800,#4801,#4807,#4808));
#4800 = ORIENTED_EDGE('',*,*,#4698,.F.);
#4801 = ORIENTED_EDGE('',*,*,#4802,.F.);
#4802 = EDGE_CURVE('',#4762,#4699,#4803,.T.);
#4803 = LINE('',#4804,#4805);
#4804 = CARTESIAN_POINT('',(600.06714755449,-25.,336.27350269189));
#4805 = VECTOR('',#4806,1.);
#4806 = DIRECTION('',(0.,0.,1.));
#4807 = ORIENTED_EDGE('',*,*,#4761,.T.);
#4808 = ORIENTED_EDGE('',*,*,#4802,.T.);
#4809 = CYLINDRICAL_SURFACE('',#4810,5.5);
#4810 = AXIS2_PLACEMENT_3D('',#4811,#4812,#4813);
#4811 = CARTESIAN_POINT('',(594.56714755449,-25.,336.27350269189));
#4812 = DIRECTION('',(0.,0.,1.));
#4813 = DIRECTION('',(1.,0.,-0.));
#4814 = ADVANCED_FACE('',(#4815),#4826,.F.);
#4815 = FACE_BOUND('',#4816,.F.);
#4816 = EDGE_LOOP('',(#4817,#4818,#4824,#4825));
#4817 = ORIENTED_EDGE('',*,*,#4709,.F.);
#4818 = ORIENTED_EDGE('',*,*,#4819,.F.);
#4819 = EDGE_CURVE('',#4773,#4710,#4820,.T.);
#4820 = LINE('',#4821,#4822);
#4821 = CARTESIAN_POINT('',(600.06714755449,25.,336.27350269189));
#4822 = VECTOR('',#4823,1.);
#4823 = DIRECTION('',(0.,0.,1.));
#4824 = ORIENTED_EDGE('',*,*,#4772,.T.);
#4825 = ORIENTED_EDGE('',*,*,#4819,.T.);
#4826 = CYLINDRICAL_SURFACE('',#4827,5.5);
#4827 = AXIS2_PLACEMENT_3D('',#4828,#4829,#4830);
#4828 = CARTESIAN_POINT('',(594.56714755449,25.,336.27350269189));
#4829 = DIRECTION('',(0.,0.,1.));
#4830 = DIRECTION('',(1.,0.,-0.));
#4831 = ( GEOMETRIC_REPRESENTATION_CONTEXT(3) 
GLOBAL_UNCERTAINTY_ASSIGNED_CONTEXT((#4835)) 
GLOBAL_UNIT_ASSIGNED_CONTEXT((#4832,#4833,#4834)) REPRESENTATION_CONTEXT
('Context #1','3D Context with UNIT and UNCERTAINTY') );
#4832 = ( LENGTH_UNIT() NAMED_UNIT(*) SI_UNIT(.MILLI.,.METRE.) );
#4833 = ( NAMED_UNIT(*) PLANE_ANGLE_UNIT() SI_UNIT($,.RADIAN.) );
#4834 = ( NAMED_UNIT(*) SI_UNIT($,.STERADIAN.) SOLID_ANGLE_UNIT() );
#4835 = UNCERTAINTY_MEASURE_WITH_UNIT(LENGTH_MEASURE(1.E-07),#4832,
  'distance_accuracy_value','confusion accuracy');
#4836 = CONTEXT_DEPENDENT_SHAPE_REPRESENTATION(#4837,#4839);
#4837 = ( REPRESENTATION_RELATIONSHIP('','',#4602,#10) 
REPRESENTATION_RELATIONSHIP_WITH_TRANSFORMATION(#4838) 
SHAPE_REPRESENTATION_RELATIONSHIP() );
#4838 = ITEM_DEFINED_TRANSFORMATION('','',#11,#39);
#4839 = PRODUCT_DEFINITION_SHAPE('Placement','Placement of an item',
  #4840);
#4840 = NEXT_ASSEMBLY_USAGE_OCCURRENCE('134','Patka 03','',#5,#4597,$);
#4841 = PRODUCT_RELATED_PRODUCT_CATEGORY('part',$,(#4599));
#4842 = SHAPE_DEFINITION_REPRESENTATION(#4843,#4849);
#4843 = PRODUCT_DEFINITION_SHAPE('','',#4844);
#4844 = PRODUCT_DEFINITION('design','',#4845,#4848);
#4845 = PRODUCT_DEFINITION_FORMATION('','',#4846);
#4846 = PRODUCT('Motiv 04','Motiv 04','',(#4847));
#4847 = PRODUCT_CONTEXT('',#2,'mechanical');
#4848 = PRODUCT_DEFINITION_CONTEXT('part definition',#2,'design');
#4849 = ADVANCED_BREP_SHAPE_REPRESENTATION('',(#11,#4850),#5800);
#4850 = MANIFOLD_SOLID_BREP('',#4851);
#4851 = CLOSED_SHELL('',(#4852,#4892,#4923,#4954,#4985,#5016,#5047,#5078
    ,#5109,#5140,#5171,#5202,#5224,#5376,#5407,#5431,#5455,#5479,#5503,
    #5527,#5558,#5582,#5606,#5630,#5647,#5678,#5702,#5726,#5743,#5788));
#4852 = ADVANCED_FACE('',(#4853),#4887,.F.);
#4853 = FACE_BOUND('',#4854,.T.);
#4854 = EDGE_LOOP('',(#4855,#4865,#4873,#4881));
#4855 = ORIENTED_EDGE('',*,*,#4856,.T.);
#4856 = EDGE_CURVE('',#4857,#4859,#4861,.T.);
#4857 = VERTEX_POINT('',#4858);
#4858 = CARTESIAN_POINT('',(746.0734985006,-3.,558.27350269189));
#4859 = VERTEX_POINT('',#4860);
#4860 = CARTESIAN_POINT('',(746.0734985006,-3.,1.198273502692E+03));
#4861 = LINE('',#4862,#4863);
#4862 = CARTESIAN_POINT('',(746.0734985006,-3.,558.27350269189));
#4863 = VECTOR('',#4864,1.);
#4864 = DIRECTION('',(0.,0.,1.));
#4865 = ORIENTED_EDGE('',*,*,#4866,.T.);
#4866 = EDGE_CURVE('',#4859,#4867,#4869,.T.);
#4867 = VERTEX_POINT('',#4868);
#4868 = CARTESIAN_POINT('',(746.0734985006,3.,1.198273502692E+03));
#4869 = LINE('',#4870,#4871);
#4870 = CARTESIAN_POINT('',(746.0734985006,-3.,1.198273502692E+03));
#4871 = VECTOR('',#4872,1.);
#4872 = DIRECTION('',(-0.,1.,0.));
#4873 = ORIENTED_EDGE('',*,*,#4874,.F.);
#4874 = EDGE_CURVE('',#4875,#4867,#4877,.T.);
#4875 = VERTEX_POINT('',#4876);
#4876 = CARTESIAN_POINT('',(746.0734985006,3.,558.27350269189));
#4877 = LINE('',#4878,#4879);
#4878 = CARTESIAN_POINT('',(746.0734985006,3.,558.27350269189));
#4879 = VECTOR('',#4880,1.);
#4880 = DIRECTION('',(0.,0.,1.));
#4881 = ORIENTED_EDGE('',*,*,#4882,.F.);
#4882 = EDGE_CURVE('',#4857,#4875,#4883,.T.);
#4883 = LINE('',#4884,#4885);
#4884 = CARTESIAN_POINT('',(746.0734985006,-3.,558.27350269189));
#4885 = VECTOR('',#4886,1.);
#4886 = DIRECTION('',(-0.,1.,0.));
#4887 = PLANE('',#4888);
#4888 = AXIS2_PLACEMENT_3D('',#4889,#4890,#4891);
#4889 = CARTESIAN_POINT('',(746.0734985006,-3.,558.27350269189));
#4890 = DIRECTION('',(1.,0.,-0.));
#4891 = DIRECTION('',(0.,0.,1.));
#4892 = ADVANCED_FACE('',(#4893),#4918,.T.);
#4893 = FACE_BOUND('',#4894,.T.);
#4894 = EDGE_LOOP('',(#4895,#4896,#4904,#4912));
#4895 = ORIENTED_EDGE('',*,*,#4866,.F.);
#4896 = ORIENTED_EDGE('',*,*,#4897,.T.);
#4897 = EDGE_CURVE('',#4859,#4898,#4900,.T.);
#4898 = VERTEX_POINT('',#4899);
#4899 = CARTESIAN_POINT('',(805.0734985006,-3.,1.198273502692E+03));
#4900 = LINE('',#4901,#4902);
#4901 = CARTESIAN_POINT('',(746.0734985006,-3.,1.198273502692E+03));
#4902 = VECTOR('',#4903,1.);
#4903 = DIRECTION('',(1.,0.,-0.));
#4904 = ORIENTED_EDGE('',*,*,#4905,.F.);
#4905 = EDGE_CURVE('',#4906,#4898,#4908,.T.);
#4906 = VERTEX_POINT('',#4907);
#4907 = CARTESIAN_POINT('',(805.0734985006,3.,1.198273502692E+03));
#4908 = LINE('',#4909,#4910);
#4909 = CARTESIAN_POINT('',(805.0734985006,-1.5,1.198273502692E+03));
#4910 = VECTOR('',#4911,1.);
#4911 = DIRECTION('',(0.,-1.,0.));
#4912 = ORIENTED_EDGE('',*,*,#4913,.F.);
#4913 = EDGE_CURVE('',#4867,#4906,#4914,.T.);
#4914 = LINE('',#4915,#4916);
#4915 = CARTESIAN_POINT('',(864.0734985006,3.,1.198273502692E+03));
#4916 = VECTOR('',#4917,1.);
#4917 = DIRECTION('',(1.,0.,-0.));
#4918 = PLANE('',#4919);
#4919 = AXIS2_PLACEMENT_3D('',#4920,#4921,#4922);
#4920 = CARTESIAN_POINT('',(811.0734985006,0.,1.198273502692E+03));
#4921 = DIRECTION('',(0.,0.,1.));
#4922 = DIRECTION('',(1.,0.,-0.));
#4923 = ADVANCED_FACE('',(#4924),#4949,.T.);
#4924 = FACE_BOUND('',#4925,.T.);
#4925 = EDGE_LOOP('',(#4926,#4934,#4935,#4943));
#4926 = ORIENTED_EDGE('',*,*,#4927,.F.);
#4927 = EDGE_CURVE('',#4857,#4928,#4930,.T.);
#4928 = VERTEX_POINT('',#4929);
#4929 = CARTESIAN_POINT('',(805.0734985006,-3.,558.27350269189));
#4930 = LINE('',#4931,#4932);
#4931 = CARTESIAN_POINT('',(864.0734985006,-3.,558.27350269189));
#4932 = VECTOR('',#4933,1.);
#4933 = DIRECTION('',(1.,0.,-0.));
#4934 = ORIENTED_EDGE('',*,*,#4882,.T.);
#4935 = ORIENTED_EDGE('',*,*,#4936,.T.);
#4936 = EDGE_CURVE('',#4875,#4937,#4939,.T.);
#4937 = VERTEX_POINT('',#4938);
#4938 = CARTESIAN_POINT('',(805.0734985006,3.,558.27350269189));
#4939 = LINE('',#4940,#4941);
#4940 = CARTESIAN_POINT('',(746.0734985006,3.,558.27350269189));
#4941 = VECTOR('',#4942,1.);
#4942 = DIRECTION('',(1.,0.,-0.));
#4943 = ORIENTED_EDGE('',*,*,#4944,.T.);
#4944 = EDGE_CURVE('',#4937,#4928,#4945,.T.);
#4945 = LINE('',#4946,#4947);
#4946 = CARTESIAN_POINT('',(805.0734985006,-1.5,558.27350269189));
#4947 = VECTOR('',#4948,1.);
#4948 = DIRECTION('',(0.,-1.,0.));
#4949 = PLANE('',#4950);
#4950 = AXIS2_PLACEMENT_3D('',#4951,#4952,#4953);
#4951 = CARTESIAN_POINT('',(811.0734985006,0.,558.27350269189));
#4952 = DIRECTION('',(-0.,-0.,-1.));
#4953 = DIRECTION('',(-1.,0.,0.));
#4954 = ADVANCED_FACE('',(#4955),#4980,.T.);
#4955 = FACE_BOUND('',#4956,.T.);
#4956 = EDGE_LOOP('',(#4957,#4965,#4973,#4979));
#4957 = ORIENTED_EDGE('',*,*,#4958,.F.);
#4958 = EDGE_CURVE('',#4959,#4898,#4961,.T.);
#4959 = VERTEX_POINT('',#4960);
#4960 = CARTESIAN_POINT('',(805.0734985006,-3.,1.428621379542E+03));
#4961 = LINE('',#4962,#4963);
#4962 = CARTESIAN_POINT('',(805.0734985006,-3.,1.428621379542E+03));
#4963 = VECTOR('',#4964,1.);
#4964 = DIRECTION('',(0.,0.,-1.));
#4965 = ORIENTED_EDGE('',*,*,#4966,.T.);
#4966 = EDGE_CURVE('',#4959,#4967,#4969,.T.);
#4967 = VERTEX_POINT('',#4968);
#4968 = CARTESIAN_POINT('',(805.0734985006,3.,1.428621379542E+03));
#4969 = LINE('',#4970,#4971);
#4970 = CARTESIAN_POINT('',(805.0734985006,-3.,1.428621379542E+03));
#4971 = VECTOR('',#4972,1.);
#4972 = DIRECTION('',(0.,1.,0.));
#4973 = ORIENTED_EDGE('',*,*,#4974,.T.);
#4974 = EDGE_CURVE('',#4967,#4906,#4975,.T.);
#4975 = LINE('',#4976,#4977);
#4976 = CARTESIAN_POINT('',(805.0734985006,3.,1.428621379542E+03));
#4977 = VECTOR('',#4978,1.);
#4978 = DIRECTION('',(0.,0.,-1.));
#4979 = ORIENTED_EDGE('',*,*,#4905,.T.);
#4980 = PLANE('',#4981);
#4981 = AXIS2_PLACEMENT_3D('',#4982,#4983,#4984);
#4982 = CARTESIAN_POINT('',(805.0734985006,-3.,1.428621379542E+03));
#4983 = DIRECTION('',(-1.,0.,0.));
#4984 = DIRECTION('',(0.,0.,-1.));
#4985 = ADVANCED_FACE('',(#4986),#5011,.F.);
#4986 = FACE_BOUND('',#4987,.F.);
#4987 = EDGE_LOOP('',(#4988,#4996,#5004,#5010));
#4988 = ORIENTED_EDGE('',*,*,#4989,.F.);
#4989 = EDGE_CURVE('',#4990,#4928,#4992,.T.);
#4990 = VERTEX_POINT('',#4991);
#4991 = CARTESIAN_POINT('',(805.0734985006,-3.,468.27350269189));
#4992 = LINE('',#4993,#4994);
#4993 = CARTESIAN_POINT('',(805.0734985006,-3.,468.27350269189));
#4994 = VECTOR('',#4995,1.);
#4995 = DIRECTION('',(0.,0.,1.));
#4996 = ORIENTED_EDGE('',*,*,#4997,.T.);
#4997 = EDGE_CURVE('',#4990,#4998,#5000,.T.);
#4998 = VERTEX_POINT('',#4999);
#4999 = CARTESIAN_POINT('',(805.0734985006,3.,468.27350269189));
#5000 = LINE('',#5001,#5002);
#5001 = CARTESIAN_POINT('',(805.0734985006,-3.,468.27350269189));
#5002 = VECTOR('',#5003,1.);
#5003 = DIRECTION('',(-0.,1.,0.));
#5004 = ORIENTED_EDGE('',*,*,#5005,.T.);
#5005 = EDGE_CURVE('',#4998,#4937,#5006,.T.);
#5006 = LINE('',#5007,#5008);
#5007 = CARTESIAN_POINT('',(805.0734985006,3.,468.27350269189));
#5008 = VECTOR('',#5009,1.);
#5009 = DIRECTION('',(0.,0.,1.));
#5010 = ORIENTED_EDGE('',*,*,#4944,.T.);
#5011 = PLANE('',#5012);
#5012 = AXIS2_PLACEMENT_3D('',#5013,#5014,#5015);
#5013 = CARTESIAN_POINT('',(805.0734985006,-3.,468.27350269189));
#5014 = DIRECTION('',(1.,0.,-0.));
#5015 = DIRECTION('',(0.,0.,1.));
#5016 = ADVANCED_FACE('',(#5017),#5042,.T.);
#5017 = FACE_BOUND('',#5018,.T.);
#5018 = EDGE_LOOP('',(#5019,#5029,#5035,#5036));
#5019 = ORIENTED_EDGE('',*,*,#5020,.T.);
#5020 = EDGE_CURVE('',#5021,#5023,#5025,.T.);
#5021 = VERTEX_POINT('',#5022);
#5022 = CARTESIAN_POINT('',(817.0734985006,-3.,1.435549582772E+03));
#5023 = VERTEX_POINT('',#5024);
#5024 = CARTESIAN_POINT('',(817.0734985006,3.,1.435549582772E+03));
#5025 = LINE('',#5026,#5027);
#5026 = CARTESIAN_POINT('',(817.0734985006,-3.,1.435549582772E+03));
#5027 = VECTOR('',#5028,1.);
#5028 = DIRECTION('',(0.,1.,0.));
#5029 = ORIENTED_EDGE('',*,*,#5030,.T.);
#5030 = EDGE_CURVE('',#5023,#4967,#5031,.T.);
#5031 = LINE('',#5032,#5033);
#5032 = CARTESIAN_POINT('',(817.0734985006,3.,1.435549582772E+03));
#5033 = VECTOR('',#5034,1.);
#5034 = DIRECTION('',(-0.866025403784,0.,-0.5));
#5035 = ORIENTED_EDGE('',*,*,#4966,.F.);
#5036 = ORIENTED_EDGE('',*,*,#5037,.F.);
#5037 = EDGE_CURVE('',#5021,#4959,#5038,.T.);
#5038 = LINE('',#5039,#5040);
#5039 = CARTESIAN_POINT('',(817.0734985006,-3.,1.435549582772E+03));
#5040 = VECTOR('',#5041,1.);
#5041 = DIRECTION('',(-0.866025403784,0.,-0.5));
#5042 = PLANE('',#5043);
#5043 = AXIS2_PLACEMENT_3D('',#5044,#5045,#5046);
#5044 = CARTESIAN_POINT('',(817.0734985006,-3.,1.435549582772E+03));
#5045 = DIRECTION('',(-0.5,0.,0.866025403784));
#5046 = DIRECTION('',(-0.866025403784,0.,-0.5));
#5047 = ADVANCED_FACE('',(#5048),#5073,.F.);
#5048 = FACE_BOUND('',#5049,.F.);
#5049 = EDGE_LOOP('',(#5050,#5051,#5059,#5067));
#5050 = ORIENTED_EDGE('',*,*,#4997,.F.);
#5051 = ORIENTED_EDGE('',*,*,#5052,.T.);
#5052 = EDGE_CURVE('',#4990,#5053,#5055,.T.);
#5053 = VERTEX_POINT('',#5054);
#5054 = CARTESIAN_POINT('',(817.0734985006,-3.,468.27350269189));
#5055 = LINE('',#5056,#5057);
#5056 = CARTESIAN_POINT('',(805.0734985006,-3.,468.27350269189));
#5057 = VECTOR('',#5058,1.);
#5058 = DIRECTION('',(1.,0.,-0.));
#5059 = ORIENTED_EDGE('',*,*,#5060,.T.);
#5060 = EDGE_CURVE('',#5053,#5061,#5063,.T.);
#5061 = VERTEX_POINT('',#5062);
#5062 = CARTESIAN_POINT('',(817.0734985006,3.,468.27350269189));
#5063 = LINE('',#5064,#5065);
#5064 = CARTESIAN_POINT('',(817.0734985006,-3.,468.27350269189));
#5065 = VECTOR('',#5066,1.);
#5066 = DIRECTION('',(-0.,1.,0.));
#5067 = ORIENTED_EDGE('',*,*,#5068,.F.);
#5068 = EDGE_CURVE('',#4998,#5061,#5069,.T.);
#5069 = LINE('',#5070,#5071);
#5070 = CARTESIAN_POINT('',(805.0734985006,3.,468.27350269189));
#5071 = VECTOR('',#5072,1.);
#5072 = DIRECTION('',(1.,0.,-0.));
#5073 = PLANE('',#5074);
#5074 = AXIS2_PLACEMENT_3D('',#5075,#5076,#5077);
#5075 = CARTESIAN_POINT('',(805.0734985006,-3.,468.27350269189));
#5076 = DIRECTION('',(0.,0.,1.));
#5077 = DIRECTION('',(1.,0.,-0.));
#5078 = ADVANCED_FACE('',(#5079),#5104,.T.);
#5079 = FACE_BOUND('',#5080,.T.);
#5080 = EDGE_LOOP('',(#5081,#5089,#5097,#5103));
#5081 = ORIENTED_EDGE('',*,*,#5082,.F.);
#5082 = EDGE_CURVE('',#5083,#5021,#5085,.T.);
#5083 = VERTEX_POINT('',#5084);
#5084 = CARTESIAN_POINT('',(817.0734985006,-3.,1.198273502692E+03));
#5085 = LINE('',#5086,#5087);
#5086 = CARTESIAN_POINT('',(817.0734985006,-3.,1.186273502692E+03));
#5087 = VECTOR('',#5088,1.);
#5088 = DIRECTION('',(0.,0.,1.));
#5089 = ORIENTED_EDGE('',*,*,#5090,.T.);
#5090 = EDGE_CURVE('',#5083,#5091,#5093,.T.);
#5091 = VERTEX_POINT('',#5092);
#5092 = CARTESIAN_POINT('',(817.0734985006,3.,1.198273502692E+03));
#5093 = LINE('',#5094,#5095);
#5094 = CARTESIAN_POINT('',(817.0734985006,-1.5,1.198273502692E+03));
#5095 = VECTOR('',#5096,1.);
#5096 = DIRECTION('',(0.,1.,0.));
#5097 = ORIENTED_EDGE('',*,*,#5098,.T.);
#5098 = EDGE_CURVE('',#5091,#5023,#5099,.T.);
#5099 = LINE('',#5100,#5101);
#5100 = CARTESIAN_POINT('',(817.0734985006,3.,1.186273502692E+03));
#5101 = VECTOR('',#5102,1.);
#5102 = DIRECTION('',(0.,0.,1.));
#5103 = ORIENTED_EDGE('',*,*,#5020,.F.);
#5104 = PLANE('',#5105);
#5105 = AXIS2_PLACEMENT_3D('',#5106,#5107,#5108);
#5106 = CARTESIAN_POINT('',(817.0734985006,-3.,1.186273502692E+03));
#5107 = DIRECTION('',(1.,0.,0.));
#5108 = DIRECTION('',(0.,0.,1.));
#5109 = ADVANCED_FACE('',(#5110),#5135,.T.);
#5110 = FACE_BOUND('',#5111,.T.);
#5111 = EDGE_LOOP('',(#5112,#5113,#5121,#5129));
#5112 = ORIENTED_EDGE('',*,*,#5090,.F.);
#5113 = ORIENTED_EDGE('',*,*,#5114,.T.);
#5114 = EDGE_CURVE('',#5083,#5115,#5117,.T.);
#5115 = VERTEX_POINT('',#5116);
#5116 = CARTESIAN_POINT('',(876.0734985006,-3.,1.198273502692E+03));
#5117 = LINE('',#5118,#5119);
#5118 = CARTESIAN_POINT('',(746.0734985006,-3.,1.198273502692E+03));
#5119 = VECTOR('',#5120,1.);
#5120 = DIRECTION('',(1.,0.,-0.));
#5121 = ORIENTED_EDGE('',*,*,#5122,.T.);
#5122 = EDGE_CURVE('',#5115,#5123,#5125,.T.);
#5123 = VERTEX_POINT('',#5124);
#5124 = CARTESIAN_POINT('',(876.0734985006,3.,1.198273502692E+03));
#5125 = LINE('',#5126,#5127);
#5126 = CARTESIAN_POINT('',(876.0734985006,-3.,1.198273502692E+03));
#5127 = VECTOR('',#5128,1.);
#5128 = DIRECTION('',(-0.,1.,0.));
#5129 = ORIENTED_EDGE('',*,*,#5130,.F.);
#5130 = EDGE_CURVE('',#5091,#5123,#5131,.T.);
#5131 = LINE('',#5132,#5133);
#5132 = CARTESIAN_POINT('',(864.0734985006,3.,1.198273502692E+03));
#5133 = VECTOR('',#5134,1.);
#5134 = DIRECTION('',(1.,0.,-0.));
#5135 = PLANE('',#5136);
#5136 = AXIS2_PLACEMENT_3D('',#5137,#5138,#5139);
#5137 = CARTESIAN_POINT('',(811.0734985006,0.,1.198273502692E+03));
#5138 = DIRECTION('',(0.,0.,1.));
#5139 = DIRECTION('',(1.,0.,-0.));
#5140 = ADVANCED_FACE('',(#5141),#5166,.T.);
#5141 = FACE_BOUND('',#5142,.T.);
#5142 = EDGE_LOOP('',(#5143,#5153,#5159,#5160));
#5143 = ORIENTED_EDGE('',*,*,#5144,.T.);
#5144 = EDGE_CURVE('',#5145,#5147,#5149,.T.);
#5145 = VERTEX_POINT('',#5146);
#5146 = CARTESIAN_POINT('',(876.0734985006,-3.,558.27350269189));
#5147 = VERTEX_POINT('',#5148);
#5148 = CARTESIAN_POINT('',(876.0734985006,3.,558.27350269189));
#5149 = LINE('',#5150,#5151);
#5150 = CARTESIAN_POINT('',(876.0734985006,-3.,558.27350269189));
#5151 = VECTOR('',#5152,1.);
#5152 = DIRECTION('',(-0.,1.,0.));
#5153 = ORIENTED_EDGE('',*,*,#5154,.T.);
#5154 = EDGE_CURVE('',#5147,#5123,#5155,.T.);
#5155 = LINE('',#5156,#5157);
#5156 = CARTESIAN_POINT('',(876.0734985006,3.,558.27350269189));
#5157 = VECTOR('',#5158,1.);
#5158 = DIRECTION('',(0.,0.,1.));
#5159 = ORIENTED_EDGE('',*,*,#5122,.F.);
#5160 = ORIENTED_EDGE('',*,*,#5161,.F.);
#5161 = EDGE_CURVE('',#5145,#5115,#5162,.T.);
#5162 = LINE('',#5163,#5164);
#5163 = CARTESIAN_POINT('',(876.0734985006,-3.,558.27350269189));
#5164 = VECTOR('',#5165,1.);
#5165 = DIRECTION('',(0.,0.,1.));
#5166 = PLANE('',#5167);
#5167 = AXIS2_PLACEMENT_3D('',#5168,#5169,#5170);
#5168 = CARTESIAN_POINT('',(876.0734985006,-3.,558.27350269189));
#5169 = DIRECTION('',(1.,0.,-0.));
#5170 = DIRECTION('',(0.,0.,1.));
#5171 = ADVANCED_FACE('',(#5172),#5197,.T.);
#5172 = FACE_BOUND('',#5173,.T.);
#5173 = EDGE_LOOP('',(#5174,#5182,#5190,#5196));
#5174 = ORIENTED_EDGE('',*,*,#5175,.F.);
#5175 = EDGE_CURVE('',#5176,#5145,#5178,.T.);
#5176 = VERTEX_POINT('',#5177);
#5177 = CARTESIAN_POINT('',(817.0734985006,-3.,558.27350269189));
#5178 = LINE('',#5179,#5180);
#5179 = CARTESIAN_POINT('',(864.0734985006,-3.,558.27350269189));
#5180 = VECTOR('',#5181,1.);
#5181 = DIRECTION('',(1.,0.,-0.));
#5182 = ORIENTED_EDGE('',*,*,#5183,.F.);
#5183 = EDGE_CURVE('',#5184,#5176,#5186,.T.);
#5184 = VERTEX_POINT('',#5185);
#5185 = CARTESIAN_POINT('',(817.0734985006,3.,558.27350269189));
#5186 = LINE('',#5187,#5188);
#5187 = CARTESIAN_POINT('',(817.0734985006,-1.5,558.27350269189));
#5188 = VECTOR('',#5189,1.);
#5189 = DIRECTION('',(0.,-1.,0.));
#5190 = ORIENTED_EDGE('',*,*,#5191,.T.);
#5191 = EDGE_CURVE('',#5184,#5147,#5192,.T.);
#5192 = LINE('',#5193,#5194);
#5193 = CARTESIAN_POINT('',(746.0734985006,3.,558.27350269189));
#5194 = VECTOR('',#5195,1.);
#5195 = DIRECTION('',(1.,0.,-0.));
#5196 = ORIENTED_EDGE('',*,*,#5144,.F.);
#5197 = PLANE('',#5198);
#5198 = AXIS2_PLACEMENT_3D('',#5199,#5200,#5201);
#5199 = CARTESIAN_POINT('',(811.0734985006,0.,558.27350269189));
#5200 = DIRECTION('',(-0.,-0.,-1.));
#5201 = DIRECTION('',(-1.,0.,0.));
#5202 = ADVANCED_FACE('',(#5203),#5219,.T.);
#5203 = FACE_BOUND('',#5204,.T.);
#5204 = EDGE_LOOP('',(#5205,#5211,#5212,#5218));
#5205 = ORIENTED_EDGE('',*,*,#5206,.F.);
#5206 = EDGE_CURVE('',#5053,#5176,#5207,.T.);
#5207 = LINE('',#5208,#5209);
#5208 = CARTESIAN_POINT('',(817.0734985006,-3.,468.27350269189));
#5209 = VECTOR('',#5210,1.);
#5210 = DIRECTION('',(0.,0.,1.));
#5211 = ORIENTED_EDGE('',*,*,#5060,.T.);
#5212 = ORIENTED_EDGE('',*,*,#5213,.T.);
#5213 = EDGE_CURVE('',#5061,#5184,#5214,.T.);
#5214 = LINE('',#5215,#5216);
#5215 = CARTESIAN_POINT('',(817.0734985006,3.,468.27350269189));
#5216 = VECTOR('',#5217,1.);
#5217 = DIRECTION('',(0.,0.,1.));
#5218 = ORIENTED_EDGE('',*,*,#5183,.T.);
#5219 = PLANE('',#5220);
#5220 = AXIS2_PLACEMENT_3D('',#5221,#5222,#5223);
#5221 = CARTESIAN_POINT('',(817.0734985006,-3.,468.27350269189));
#5222 = DIRECTION('',(1.,0.,-0.));
#5223 = DIRECTION('',(0.,0.,1.));
#5224 = ADVANCED_FACE('',(#5225,#5239,#5337),#5371,.T.);
#5225 = FACE_BOUND('',#5226,.T.);
#5226 = EDGE_LOOP('',(#5227,#5228,#5229,#5230,#5231,#5232,#5233,#5234,
    #5235,#5236,#5237,#5238));
#5227 = ORIENTED_EDGE('',*,*,#4856,.F.);
#5228 = ORIENTED_EDGE('',*,*,#4927,.T.);
#5229 = ORIENTED_EDGE('',*,*,#4989,.F.);
#5230 = ORIENTED_EDGE('',*,*,#5052,.T.);
#5231 = ORIENTED_EDGE('',*,*,#5206,.T.);
#5232 = ORIENTED_EDGE('',*,*,#5175,.T.);
#5233 = ORIENTED_EDGE('',*,*,#5161,.T.);
#5234 = ORIENTED_EDGE('',*,*,#5114,.F.);
#5235 = ORIENTED_EDGE('',*,*,#5082,.T.);
#5236 = ORIENTED_EDGE('',*,*,#5037,.T.);
#5237 = ORIENTED_EDGE('',*,*,#4958,.T.);
#5238 = ORIENTED_EDGE('',*,*,#4897,.F.);
#5239 = FACE_BOUND('',#5240,.T.);
#5240 = EDGE_LOOP('',(#5241,#5251,#5259,#5267,#5275,#5283,#5291,#5299,
    #5307,#5315,#5323,#5331));
#5241 = ORIENTED_EDGE('',*,*,#5242,.T.);
#5242 = EDGE_CURVE('',#5243,#5245,#5247,.T.);
#5243 = VERTEX_POINT('',#5244);
#5244 = CARTESIAN_POINT('',(758.0734985006,-3.,1.186273502692E+03));
#5245 = VERTEX_POINT('',#5246);
#5246 = CARTESIAN_POINT('',(864.0734985006,-3.,1.186273502692E+03));
#5247 = LINE('',#5248,#5249);
#5248 = CARTESIAN_POINT('',(746.0734985006,-3.,1.186273502692E+03));
#5249 = VECTOR('',#5250,1.);
#5250 = DIRECTION('',(1.,0.,-0.));
#5251 = ORIENTED_EDGE('',*,*,#5252,.F.);
#5252 = EDGE_CURVE('',#5253,#5245,#5255,.T.);
#5253 = VERTEX_POINT('',#5254);
#5254 = CARTESIAN_POINT('',(864.0734985006,-3.,570.27350269189));
#5255 = LINE('',#5256,#5257);
#5256 = CARTESIAN_POINT('',(864.0734985006,-3.,558.27350269189));
#5257 = VECTOR('',#5258,1.);
#5258 = DIRECTION('',(0.,0.,1.));
#5259 = ORIENTED_EDGE('',*,*,#5260,.F.);
#5260 = EDGE_CURVE('',#5261,#5253,#5263,.T.);
#5261 = VERTEX_POINT('',#5262);
#5262 = CARTESIAN_POINT('',(817.0734985006,-3.,570.27350269189));
#5263 = LINE('',#5264,#5265);
#5264 = CARTESIAN_POINT('',(746.0734985006,-3.,570.27350269189));
#5265 = VECTOR('',#5266,1.);
#5266 = DIRECTION('',(1.,0.,-0.));
#5267 = ORIENTED_EDGE('',*,*,#5268,.T.);
#5268 = EDGE_CURVE('',#5261,#5269,#5271,.T.);
#5269 = VERTEX_POINT('',#5270);
#5270 = CARTESIAN_POINT('',(817.0734985006,-3.,628.27350269189));
#5271 = LINE('',#5272,#5273);
#5272 = CARTESIAN_POINT('',(817.0734985006,-3.,570.27350269189));
#5273 = VECTOR('',#5274,1.);
#5274 = DIRECTION('',(0.,0.,1.));
#5275 = ORIENTED_EDGE('',*,*,#5276,.T.);
#5276 = EDGE_CURVE('',#5269,#5277,#5279,.T.);
#5277 = VERTEX_POINT('',#5278);
#5278 = CARTESIAN_POINT('',(841.0734985006,-3.,628.27350269189));
#5279 = LINE('',#5280,#5281);
#5280 = CARTESIAN_POINT('',(829.0734985006,-3.,628.27350269189));
#5281 = VECTOR('',#5282,1.);
#5282 = DIRECTION('',(1.,0.,-0.));
#5283 = ORIENTED_EDGE('',*,*,#5284,.T.);
#5284 = EDGE_CURVE('',#5277,#5285,#5287,.T.);
#5285 = VERTEX_POINT('',#5286);
#5286 = CARTESIAN_POINT('',(841.0734985006,-3.,1.128273502692E+03));
#5287 = LINE('',#5288,#5289);
#5288 = CARTESIAN_POINT('',(841.0734985006,-3.,628.27350269189));
#5289 = VECTOR('',#5290,1.);
#5290 = DIRECTION('',(0.,0.,1.));
#5291 = ORIENTED_EDGE('',*,*,#5292,.F.);
#5292 = EDGE_CURVE('',#5293,#5285,#5295,.T.);
#5293 = VERTEX_POINT('',#5294);
#5294 = CARTESIAN_POINT('',(781.0734985006,-3.,1.128273502692E+03));
#5295 = LINE('',#5296,#5297);
#5296 = CARTESIAN_POINT('',(781.0734985006,-3.,1.128273502692E+03));
#5297 = VECTOR('',#5298,1.);
#5298 = DIRECTION('',(1.,0.,-0.));
#5299 = ORIENTED_EDGE('',*,*,#5300,.F.);
#5300 = EDGE_CURVE('',#5301,#5293,#5303,.T.);
#5301 = VERTEX_POINT('',#5302);
#5302 = CARTESIAN_POINT('',(781.0734985006,-3.,628.27350269189));
#5303 = LINE('',#5304,#5305);
#5304 = CARTESIAN_POINT('',(781.0734985006,-3.,628.27350269189));
#5305 = VECTOR('',#5306,1.);
#5306 = DIRECTION('',(0.,0.,1.));
#5307 = ORIENTED_EDGE('',*,*,#5308,.T.);
#5308 = EDGE_CURVE('',#5301,#5309,#5311,.T.);
#5309 = VERTEX_POINT('',#5310);
#5310 = CARTESIAN_POINT('',(805.0734985006,-3.,628.27350269189));
#5311 = LINE('',#5312,#5313);
#5312 = CARTESIAN_POINT('',(829.0734985006,-3.,628.27350269189));
#5313 = VECTOR('',#5314,1.);
#5314 = DIRECTION('',(1.,0.,-0.));
#5315 = ORIENTED_EDGE('',*,*,#5316,.F.);
#5316 = EDGE_CURVE('',#5317,#5309,#5319,.T.);
#5317 = VERTEX_POINT('',#5318);
#5318 = CARTESIAN_POINT('',(805.0734985006,-3.,570.27350269189));
#5319 = LINE('',#5320,#5321);
#5320 = CARTESIAN_POINT('',(805.0734985006,-3.,570.27350269189));
#5321 = VECTOR('',#5322,1.);
#5322 = DIRECTION('',(0.,0.,1.));
#5323 = ORIENTED_EDGE('',*,*,#5324,.F.);
#5324 = EDGE_CURVE('',#5325,#5317,#5327,.T.);
#5325 = VERTEX_POINT('',#5326);
#5326 = CARTESIAN_POINT('',(758.0734985006,-3.,570.27350269189));
#5327 = LINE('',#5328,#5329);
#5328 = CARTESIAN_POINT('',(746.0734985006,-3.,570.27350269189));
#5329 = VECTOR('',#5330,1.);
#5330 = DIRECTION('',(1.,0.,-0.));
#5331 = ORIENTED_EDGE('',*,*,#5332,.T.);
#5332 = EDGE_CURVE('',#5325,#5243,#5333,.T.);
#5333 = LINE('',#5334,#5335);
#5334 = CARTESIAN_POINT('',(758.0734985006,-3.,558.27350269189));
#5335 = VECTOR('',#5336,1.);
#5336 = DIRECTION('',(0.,0.,1.));
#5337 = FACE_BOUND('',#5338,.T.);
#5338 = EDGE_LOOP('',(#5339,#5349,#5357,#5365));
#5339 = ORIENTED_EDGE('',*,*,#5340,.F.);
#5340 = EDGE_CURVE('',#5341,#5343,#5345,.T.);
#5341 = VERTEX_POINT('',#5342);
#5342 = CARTESIAN_POINT('',(793.0734985006,-3.,640.27350269189));
#5343 = VERTEX_POINT('',#5344);
#5344 = CARTESIAN_POINT('',(829.0734985006,-3.,640.27350269189));
#5345 = LINE('',#5346,#5347);
#5346 = CARTESIAN_POINT('',(781.0734985006,-3.,640.27350269189));
#5347 = VECTOR('',#5348,1.);
#5348 = DIRECTION('',(1.,0.,-0.));
#5349 = ORIENTED_EDGE('',*,*,#5350,.T.);
#5350 = EDGE_CURVE('',#5341,#5351,#5353,.T.);
#5351 = VERTEX_POINT('',#5352);
#5352 = CARTESIAN_POINT('',(793.0734985006,-3.,1.116273502692E+03));
#5353 = LINE('',#5354,#5355);
#5354 = CARTESIAN_POINT('',(793.0734985006,-3.,628.27350269189));
#5355 = VECTOR('',#5356,1.);
#5356 = DIRECTION('',(0.,0.,1.));
#5357 = ORIENTED_EDGE('',*,*,#5358,.T.);
#5358 = EDGE_CURVE('',#5351,#5359,#5361,.T.);
#5359 = VERTEX_POINT('',#5360);
#5360 = CARTESIAN_POINT('',(829.0734985006,-3.,1.116273502692E+03));
#5361 = LINE('',#5362,#5363);
#5362 = CARTESIAN_POINT('',(781.0734985006,-3.,1.116273502692E+03));
#5363 = VECTOR('',#5364,1.);
#5364 = DIRECTION('',(1.,0.,-0.));
#5365 = ORIENTED_EDGE('',*,*,#5366,.F.);
#5366 = EDGE_CURVE('',#5343,#5359,#5367,.T.);
#5367 = LINE('',#5368,#5369);
#5368 = CARTESIAN_POINT('',(829.0734985006,-3.,628.27350269189));
#5369 = VECTOR('',#5370,1.);
#5370 = DIRECTION('',(0.,0.,1.));
#5371 = PLANE('',#5372);
#5372 = AXIS2_PLACEMENT_3D('',#5373,#5374,#5375);
#5373 = CARTESIAN_POINT('',(811.09248438423,-3.,942.84295658211));
#5374 = DIRECTION('',(-0.,-1.,-0.));
#5375 = DIRECTION('',(0.,0.,-1.));
#5376 = ADVANCED_FACE('',(#5377),#5402,.T.);
#5377 = FACE_BOUND('',#5378,.T.);
#5378 = EDGE_LOOP('',(#5379,#5380,#5388,#5396));
#5379 = ORIENTED_EDGE('',*,*,#5332,.F.);
#5380 = ORIENTED_EDGE('',*,*,#5381,.F.);
#5381 = EDGE_CURVE('',#5382,#5325,#5384,.T.);
#5382 = VERTEX_POINT('',#5383);
#5383 = CARTESIAN_POINT('',(758.0734985006,3.,570.27350269189));
#5384 = LINE('',#5385,#5386);
#5385 = CARTESIAN_POINT('',(758.0734985006,-3.,570.27350269189));
#5386 = VECTOR('',#5387,1.);
#5387 = DIRECTION('',(0.,-1.,0.));
#5388 = ORIENTED_EDGE('',*,*,#5389,.T.);
#5389 = EDGE_CURVE('',#5382,#5390,#5392,.T.);
#5390 = VERTEX_POINT('',#5391);
#5391 = CARTESIAN_POINT('',(758.0734985006,3.,1.186273502692E+03));
#5392 = LINE('',#5393,#5394);
#5393 = CARTESIAN_POINT('',(758.0734985006,3.,558.27350269189));
#5394 = VECTOR('',#5395,1.);
#5395 = DIRECTION('',(0.,0.,1.));
#5396 = ORIENTED_EDGE('',*,*,#5397,.T.);
#5397 = EDGE_CURVE('',#5390,#5243,#5398,.T.);
#5398 = LINE('',#5399,#5400);
#5399 = CARTESIAN_POINT('',(758.0734985006,-3.,1.186273502692E+03));
#5400 = VECTOR('',#5401,1.);
#5401 = DIRECTION('',(0.,-1.,0.));
#5402 = PLANE('',#5403);
#5403 = AXIS2_PLACEMENT_3D('',#5404,#5405,#5406);
#5404 = CARTESIAN_POINT('',(758.0734985006,-3.,558.27350269189));
#5405 = DIRECTION('',(1.,0.,-0.));
#5406 = DIRECTION('',(0.,0.,1.));
#5407 = ADVANCED_FACE('',(#5408),#5426,.T.);
#5408 = FACE_BOUND('',#5409,.T.);
#5409 = EDGE_LOOP('',(#5410,#5418,#5419,#5420));
#5410 = ORIENTED_EDGE('',*,*,#5411,.F.);
#5411 = EDGE_CURVE('',#5382,#5412,#5414,.T.);
#5412 = VERTEX_POINT('',#5413);
#5413 = CARTESIAN_POINT('',(805.0734985006,3.,570.27350269189));
#5414 = LINE('',#5415,#5416);
#5415 = CARTESIAN_POINT('',(746.0734985006,3.,570.27350269189));
#5416 = VECTOR('',#5417,1.);
#5417 = DIRECTION('',(1.,0.,-0.));
#5418 = ORIENTED_EDGE('',*,*,#5381,.T.);
#5419 = ORIENTED_EDGE('',*,*,#5324,.T.);
#5420 = ORIENTED_EDGE('',*,*,#5421,.T.);
#5421 = EDGE_CURVE('',#5317,#5412,#5422,.T.);
#5422 = LINE('',#5423,#5424);
#5423 = CARTESIAN_POINT('',(805.0734985006,-3.,570.27350269189));
#5424 = VECTOR('',#5425,1.);
#5425 = DIRECTION('',(-0.,1.,0.));
#5426 = PLANE('',#5427);
#5427 = AXIS2_PLACEMENT_3D('',#5428,#5429,#5430);
#5428 = CARTESIAN_POINT('',(746.0734985006,-3.,570.27350269189));
#5429 = DIRECTION('',(0.,0.,1.));
#5430 = DIRECTION('',(1.,0.,-0.));
#5431 = ADVANCED_FACE('',(#5432),#5450,.F.);
#5432 = FACE_BOUND('',#5433,.F.);
#5433 = EDGE_LOOP('',(#5434,#5435,#5436,#5444));
#5434 = ORIENTED_EDGE('',*,*,#5316,.F.);
#5435 = ORIENTED_EDGE('',*,*,#5421,.T.);
#5436 = ORIENTED_EDGE('',*,*,#5437,.T.);
#5437 = EDGE_CURVE('',#5412,#5438,#5440,.T.);
#5438 = VERTEX_POINT('',#5439);
#5439 = CARTESIAN_POINT('',(805.0734985006,3.,628.27350269189));
#5440 = LINE('',#5441,#5442);
#5441 = CARTESIAN_POINT('',(805.0734985006,3.,570.27350269189));
#5442 = VECTOR('',#5443,1.);
#5443 = DIRECTION('',(0.,0.,1.));
#5444 = ORIENTED_EDGE('',*,*,#5445,.F.);
#5445 = EDGE_CURVE('',#5309,#5438,#5446,.T.);
#5446 = LINE('',#5447,#5448);
#5447 = CARTESIAN_POINT('',(805.0734985006,-3.,628.27350269189));
#5448 = VECTOR('',#5449,1.);
#5449 = DIRECTION('',(-0.,1.,0.));
#5450 = PLANE('',#5451);
#5451 = AXIS2_PLACEMENT_3D('',#5452,#5453,#5454);
#5452 = CARTESIAN_POINT('',(805.0734985006,-3.,570.27350269189));
#5453 = DIRECTION('',(1.,0.,-0.));
#5454 = DIRECTION('',(0.,0.,1.));
#5455 = ADVANCED_FACE('',(#5456),#5474,.T.);
#5456 = FACE_BOUND('',#5457,.T.);
#5457 = EDGE_LOOP('',(#5458,#5459,#5467,#5473));
#5458 = ORIENTED_EDGE('',*,*,#5308,.F.);
#5459 = ORIENTED_EDGE('',*,*,#5460,.T.);
#5460 = EDGE_CURVE('',#5301,#5461,#5463,.T.);
#5461 = VERTEX_POINT('',#5462);
#5462 = CARTESIAN_POINT('',(781.0734985006,3.,628.27350269189));
#5463 = LINE('',#5464,#5465);
#5464 = CARTESIAN_POINT('',(781.0734985006,-3.,628.27350269189));
#5465 = VECTOR('',#5466,1.);
#5466 = DIRECTION('',(-0.,1.,0.));
#5467 = ORIENTED_EDGE('',*,*,#5468,.T.);
#5468 = EDGE_CURVE('',#5461,#5438,#5469,.T.);
#5469 = LINE('',#5470,#5471);
#5470 = CARTESIAN_POINT('',(781.0734985006,3.,628.27350269189));
#5471 = VECTOR('',#5472,1.);
#5472 = DIRECTION('',(1.,0.,-0.));
#5473 = ORIENTED_EDGE('',*,*,#5445,.F.);
#5474 = PLANE('',#5475);
#5475 = AXIS2_PLACEMENT_3D('',#5476,#5477,#5478);
#5476 = CARTESIAN_POINT('',(811.0734985006,0.,628.27350269189));
#5477 = DIRECTION('',(-0.,-0.,-1.));
#5478 = DIRECTION('',(-1.,0.,0.));
#5479 = ADVANCED_FACE('',(#5480),#5498,.F.);
#5480 = FACE_BOUND('',#5481,.T.);
#5481 = EDGE_LOOP('',(#5482,#5483,#5491,#5497));
#5482 = ORIENTED_EDGE('',*,*,#5300,.T.);
#5483 = ORIENTED_EDGE('',*,*,#5484,.T.);
#5484 = EDGE_CURVE('',#5293,#5485,#5487,.T.);
#5485 = VERTEX_POINT('',#5486);
#5486 = CARTESIAN_POINT('',(781.0734985006,3.,1.128273502692E+03));
#5487 = LINE('',#5488,#5489);
#5488 = CARTESIAN_POINT('',(781.0734985006,-3.,1.128273502692E+03));
#5489 = VECTOR('',#5490,1.);
#5490 = DIRECTION('',(-0.,1.,0.));
#5491 = ORIENTED_EDGE('',*,*,#5492,.F.);
#5492 = EDGE_CURVE('',#5461,#5485,#5493,.T.);
#5493 = LINE('',#5494,#5495);
#5494 = CARTESIAN_POINT('',(781.0734985006,3.,628.27350269189));
#5495 = VECTOR('',#5496,1.);
#5496 = DIRECTION('',(0.,0.,1.));
#5497 = ORIENTED_EDGE('',*,*,#5460,.F.);
#5498 = PLANE('',#5499);
#5499 = AXIS2_PLACEMENT_3D('',#5500,#5501,#5502);
#5500 = CARTESIAN_POINT('',(781.0734985006,-3.,628.27350269189));
#5501 = DIRECTION('',(1.,0.,-0.));
#5502 = DIRECTION('',(0.,0.,1.));
#5503 = ADVANCED_FACE('',(#5504),#5522,.T.);
#5504 = FACE_BOUND('',#5505,.T.);
#5505 = EDGE_LOOP('',(#5506,#5507,#5508,#5516));
#5506 = ORIENTED_EDGE('',*,*,#5484,.F.);
#5507 = ORIENTED_EDGE('',*,*,#5292,.T.);
#5508 = ORIENTED_EDGE('',*,*,#5509,.T.);
#5509 = EDGE_CURVE('',#5285,#5510,#5512,.T.);
#5510 = VERTEX_POINT('',#5511);
#5511 = CARTESIAN_POINT('',(841.0734985006,3.,1.128273502692E+03));
#5512 = LINE('',#5513,#5514);
#5513 = CARTESIAN_POINT('',(841.0734985006,-3.,1.128273502692E+03));
#5514 = VECTOR('',#5515,1.);
#5515 = DIRECTION('',(-0.,1.,0.));
#5516 = ORIENTED_EDGE('',*,*,#5517,.F.);
#5517 = EDGE_CURVE('',#5485,#5510,#5518,.T.);
#5518 = LINE('',#5519,#5520);
#5519 = CARTESIAN_POINT('',(829.0734985006,3.,1.128273502692E+03));
#5520 = VECTOR('',#5521,1.);
#5521 = DIRECTION('',(1.,0.,-0.));
#5522 = PLANE('',#5523);
#5523 = AXIS2_PLACEMENT_3D('',#5524,#5525,#5526);
#5524 = CARTESIAN_POINT('',(811.0734985006,0.,1.128273502692E+03));
#5525 = DIRECTION('',(0.,0.,1.));
#5526 = DIRECTION('',(1.,0.,-0.));
#5527 = ADVANCED_FACE('',(#5528),#5553,.T.);
#5528 = FACE_BOUND('',#5529,.T.);
#5529 = EDGE_LOOP('',(#5530,#5540,#5546,#5547));
#5530 = ORIENTED_EDGE('',*,*,#5531,.F.);
#5531 = EDGE_CURVE('',#5532,#5534,#5536,.T.);
#5532 = VERTEX_POINT('',#5533);
#5533 = CARTESIAN_POINT('',(817.0734985006,3.,570.27350269189));
#5534 = VERTEX_POINT('',#5535);
#5535 = CARTESIAN_POINT('',(864.0734985006,3.,570.27350269189));
#5536 = LINE('',#5537,#5538);
#5537 = CARTESIAN_POINT('',(746.0734985006,3.,570.27350269189));
#5538 = VECTOR('',#5539,1.);
#5539 = DIRECTION('',(1.,0.,-0.));
#5540 = ORIENTED_EDGE('',*,*,#5541,.F.);
#5541 = EDGE_CURVE('',#5261,#5532,#5542,.T.);
#5542 = LINE('',#5543,#5544);
#5543 = CARTESIAN_POINT('',(817.0734985006,-3.,570.27350269189));
#5544 = VECTOR('',#5545,1.);
#5545 = DIRECTION('',(-0.,1.,0.));
#5546 = ORIENTED_EDGE('',*,*,#5260,.T.);
#5547 = ORIENTED_EDGE('',*,*,#5548,.F.);
#5548 = EDGE_CURVE('',#5534,#5253,#5549,.T.);
#5549 = LINE('',#5550,#5551);
#5550 = CARTESIAN_POINT('',(864.0734985006,-3.,570.27350269189));
#5551 = VECTOR('',#5552,1.);
#5552 = DIRECTION('',(0.,-1.,0.));
#5553 = PLANE('',#5554);
#5554 = AXIS2_PLACEMENT_3D('',#5555,#5556,#5557);
#5555 = CARTESIAN_POINT('',(746.0734985006,-3.,570.27350269189));
#5556 = DIRECTION('',(0.,0.,1.));
#5557 = DIRECTION('',(1.,0.,-0.));
#5558 = ADVANCED_FACE('',(#5559),#5577,.F.);
#5559 = FACE_BOUND('',#5560,.F.);
#5560 = EDGE_LOOP('',(#5561,#5562,#5563,#5571));
#5561 = ORIENTED_EDGE('',*,*,#5252,.F.);
#5562 = ORIENTED_EDGE('',*,*,#5548,.F.);
#5563 = ORIENTED_EDGE('',*,*,#5564,.T.);
#5564 = EDGE_CURVE('',#5534,#5565,#5567,.T.);
#5565 = VERTEX_POINT('',#5566);
#5566 = CARTESIAN_POINT('',(864.0734985006,3.,1.186273502692E+03));
#5567 = LINE('',#5568,#5569);
#5568 = CARTESIAN_POINT('',(864.0734985006,3.,558.27350269189));
#5569 = VECTOR('',#5570,1.);
#5570 = DIRECTION('',(0.,0.,1.));
#5571 = ORIENTED_EDGE('',*,*,#5572,.T.);
#5572 = EDGE_CURVE('',#5565,#5245,#5573,.T.);
#5573 = LINE('',#5574,#5575);
#5574 = CARTESIAN_POINT('',(864.0734985006,-3.,1.186273502692E+03));
#5575 = VECTOR('',#5576,1.);
#5576 = DIRECTION('',(0.,-1.,0.));
#5577 = PLANE('',#5578);
#5578 = AXIS2_PLACEMENT_3D('',#5579,#5580,#5581);
#5579 = CARTESIAN_POINT('',(864.0734985006,-3.,558.27350269189));
#5580 = DIRECTION('',(1.,0.,-0.));
#5581 = DIRECTION('',(0.,0.,1.));
#5582 = ADVANCED_FACE('',(#5583),#5601,.T.);
#5583 = FACE_BOUND('',#5584,.T.);
#5584 = EDGE_LOOP('',(#5585,#5586,#5587,#5595));
#5585 = ORIENTED_EDGE('',*,*,#5268,.F.);
#5586 = ORIENTED_EDGE('',*,*,#5541,.T.);
#5587 = ORIENTED_EDGE('',*,*,#5588,.T.);
#5588 = EDGE_CURVE('',#5532,#5589,#5591,.T.);
#5589 = VERTEX_POINT('',#5590);
#5590 = CARTESIAN_POINT('',(817.0734985006,3.,628.27350269189));
#5591 = LINE('',#5592,#5593);
#5592 = CARTESIAN_POINT('',(817.0734985006,3.,570.27350269189));
#5593 = VECTOR('',#5594,1.);
#5594 = DIRECTION('',(0.,0.,1.));
#5595 = ORIENTED_EDGE('',*,*,#5596,.F.);
#5596 = EDGE_CURVE('',#5269,#5589,#5597,.T.);
#5597 = LINE('',#5598,#5599);
#5598 = CARTESIAN_POINT('',(817.0734985006,-3.,628.27350269189));
#5599 = VECTOR('',#5600,1.);
#5600 = DIRECTION('',(-0.,1.,0.));
#5601 = PLANE('',#5602);
#5602 = AXIS2_PLACEMENT_3D('',#5603,#5604,#5605);
#5603 = CARTESIAN_POINT('',(817.0734985006,-3.,570.27350269189));
#5604 = DIRECTION('',(1.,0.,-0.));
#5605 = DIRECTION('',(0.,0.,1.));
#5606 = ADVANCED_FACE('',(#5607),#5625,.T.);
#5607 = FACE_BOUND('',#5608,.T.);
#5608 = EDGE_LOOP('',(#5609,#5610,#5611,#5619));
#5609 = ORIENTED_EDGE('',*,*,#5276,.F.);
#5610 = ORIENTED_EDGE('',*,*,#5596,.T.);
#5611 = ORIENTED_EDGE('',*,*,#5612,.T.);
#5612 = EDGE_CURVE('',#5589,#5613,#5615,.T.);
#5613 = VERTEX_POINT('',#5614);
#5614 = CARTESIAN_POINT('',(841.0734985006,3.,628.27350269189));
#5615 = LINE('',#5616,#5617);
#5616 = CARTESIAN_POINT('',(781.0734985006,3.,628.27350269189));
#5617 = VECTOR('',#5618,1.);
#5618 = DIRECTION('',(1.,0.,-0.));
#5619 = ORIENTED_EDGE('',*,*,#5620,.F.);
#5620 = EDGE_CURVE('',#5277,#5613,#5621,.T.);
#5621 = LINE('',#5622,#5623);
#5622 = CARTESIAN_POINT('',(841.0734985006,-3.,628.27350269189));
#5623 = VECTOR('',#5624,1.);
#5624 = DIRECTION('',(-0.,1.,0.));
#5625 = PLANE('',#5626);
#5626 = AXIS2_PLACEMENT_3D('',#5627,#5628,#5629);
#5627 = CARTESIAN_POINT('',(811.0734985006,0.,628.27350269189));
#5628 = DIRECTION('',(-0.,-0.,-1.));
#5629 = DIRECTION('',(-1.,0.,0.));
#5630 = ADVANCED_FACE('',(#5631),#5642,.T.);
#5631 = FACE_BOUND('',#5632,.T.);
#5632 = EDGE_LOOP('',(#5633,#5634,#5640,#5641));
#5633 = ORIENTED_EDGE('',*,*,#5620,.T.);
#5634 = ORIENTED_EDGE('',*,*,#5635,.T.);
#5635 = EDGE_CURVE('',#5613,#5510,#5636,.T.);
#5636 = LINE('',#5637,#5638);
#5637 = CARTESIAN_POINT('',(841.0734985006,3.,628.27350269189));
#5638 = VECTOR('',#5639,1.);
#5639 = DIRECTION('',(0.,0.,1.));
#5640 = ORIENTED_EDGE('',*,*,#5509,.F.);
#5641 = ORIENTED_EDGE('',*,*,#5284,.F.);
#5642 = PLANE('',#5643);
#5643 = AXIS2_PLACEMENT_3D('',#5644,#5645,#5646);
#5644 = CARTESIAN_POINT('',(841.0734985006,-3.,628.27350269189));
#5645 = DIRECTION('',(1.,0.,-0.));
#5646 = DIRECTION('',(0.,0.,1.));
#5647 = ADVANCED_FACE('',(#5648),#5673,.T.);
#5648 = FACE_BOUND('',#5649,.T.);
#5649 = EDGE_LOOP('',(#5650,#5658,#5659,#5667));
#5650 = ORIENTED_EDGE('',*,*,#5651,.T.);
#5651 = EDGE_CURVE('',#5652,#5341,#5654,.T.);
#5652 = VERTEX_POINT('',#5653);
#5653 = CARTESIAN_POINT('',(793.0734985006,3.,640.27350269189));
#5654 = LINE('',#5655,#5656);
#5655 = CARTESIAN_POINT('',(793.0734985006,-3.,640.27350269189));
#5656 = VECTOR('',#5657,1.);
#5657 = DIRECTION('',(0.,-1.,0.));
#5658 = ORIENTED_EDGE('',*,*,#5340,.T.);
#5659 = ORIENTED_EDGE('',*,*,#5660,.F.);
#5660 = EDGE_CURVE('',#5661,#5343,#5663,.T.);
#5661 = VERTEX_POINT('',#5662);
#5662 = CARTESIAN_POINT('',(829.0734985006,3.,640.27350269189));
#5663 = LINE('',#5664,#5665);
#5664 = CARTESIAN_POINT('',(829.0734985006,-3.,640.27350269189));
#5665 = VECTOR('',#5666,1.);
#5666 = DIRECTION('',(0.,-1.,0.));
#5667 = ORIENTED_EDGE('',*,*,#5668,.F.);
#5668 = EDGE_CURVE('',#5652,#5661,#5669,.T.);
#5669 = LINE('',#5670,#5671);
#5670 = CARTESIAN_POINT('',(781.0734985006,3.,640.27350269189));
#5671 = VECTOR('',#5672,1.);
#5672 = DIRECTION('',(1.,0.,-0.));
#5673 = PLANE('',#5674);
#5674 = AXIS2_PLACEMENT_3D('',#5675,#5676,#5677);
#5675 = CARTESIAN_POINT('',(781.0734985006,-3.,640.27350269189));
#5676 = DIRECTION('',(0.,0.,1.));
#5677 = DIRECTION('',(1.,0.,-0.));
#5678 = ADVANCED_FACE('',(#5679),#5697,.T.);
#5679 = FACE_BOUND('',#5680,.T.);
#5680 = EDGE_LOOP('',(#5681,#5682,#5683,#5691));
#5681 = ORIENTED_EDGE('',*,*,#5350,.F.);
#5682 = ORIENTED_EDGE('',*,*,#5651,.F.);
#5683 = ORIENTED_EDGE('',*,*,#5684,.T.);
#5684 = EDGE_CURVE('',#5652,#5685,#5687,.T.);
#5685 = VERTEX_POINT('',#5686);
#5686 = CARTESIAN_POINT('',(793.0734985006,3.,1.116273502692E+03));
#5687 = LINE('',#5688,#5689);
#5688 = CARTESIAN_POINT('',(793.0734985006,3.,628.27350269189));
#5689 = VECTOR('',#5690,1.);
#5690 = DIRECTION('',(0.,0.,1.));
#5691 = ORIENTED_EDGE('',*,*,#5692,.T.);
#5692 = EDGE_CURVE('',#5685,#5351,#5693,.T.);
#5693 = LINE('',#5694,#5695);
#5694 = CARTESIAN_POINT('',(793.0734985006,-3.,1.116273502692E+03));
#5695 = VECTOR('',#5696,1.);
#5696 = DIRECTION('',(0.,-1.,0.));
#5697 = PLANE('',#5698);
#5698 = AXIS2_PLACEMENT_3D('',#5699,#5700,#5701);
#5699 = CARTESIAN_POINT('',(793.0734985006,-3.,628.27350269189));
#5700 = DIRECTION('',(1.,0.,-0.));
#5701 = DIRECTION('',(0.,0.,1.));
#5702 = ADVANCED_FACE('',(#5703),#5721,.F.);
#5703 = FACE_BOUND('',#5704,.F.);
#5704 = EDGE_LOOP('',(#5705,#5706,#5707,#5715));
#5705 = ORIENTED_EDGE('',*,*,#5692,.T.);
#5706 = ORIENTED_EDGE('',*,*,#5358,.T.);
#5707 = ORIENTED_EDGE('',*,*,#5708,.F.);
#5708 = EDGE_CURVE('',#5709,#5359,#5711,.T.);
#5709 = VERTEX_POINT('',#5710);
#5710 = CARTESIAN_POINT('',(829.0734985006,3.,1.116273502692E+03));
#5711 = LINE('',#5712,#5713);
#5712 = CARTESIAN_POINT('',(829.0734985006,-3.,1.116273502692E+03));
#5713 = VECTOR('',#5714,1.);
#5714 = DIRECTION('',(0.,-1.,0.));
#5715 = ORIENTED_EDGE('',*,*,#5716,.F.);
#5716 = EDGE_CURVE('',#5685,#5709,#5717,.T.);
#5717 = LINE('',#5718,#5719);
#5718 = CARTESIAN_POINT('',(781.0734985006,3.,1.116273502692E+03));
#5719 = VECTOR('',#5720,1.);
#5720 = DIRECTION('',(1.,0.,-0.));
#5721 = PLANE('',#5722);
#5722 = AXIS2_PLACEMENT_3D('',#5723,#5724,#5725);
#5723 = CARTESIAN_POINT('',(781.0734985006,-3.,1.116273502692E+03));
#5724 = DIRECTION('',(0.,0.,1.));
#5725 = DIRECTION('',(1.,0.,-0.));
#5726 = ADVANCED_FACE('',(#5727),#5738,.F.);
#5727 = FACE_BOUND('',#5728,.F.);
#5728 = EDGE_LOOP('',(#5729,#5730,#5731,#5737));
#5729 = ORIENTED_EDGE('',*,*,#5366,.F.);
#5730 = ORIENTED_EDGE('',*,*,#5660,.F.);
#5731 = ORIENTED_EDGE('',*,*,#5732,.T.);
#5732 = EDGE_CURVE('',#5661,#5709,#5733,.T.);
#5733 = LINE('',#5734,#5735);
#5734 = CARTESIAN_POINT('',(829.0734985006,3.,628.27350269189));
#5735 = VECTOR('',#5736,1.);
#5736 = DIRECTION('',(0.,0.,1.));
#5737 = ORIENTED_EDGE('',*,*,#5708,.T.);
#5738 = PLANE('',#5739);
#5739 = AXIS2_PLACEMENT_3D('',#5740,#5741,#5742);
#5740 = CARTESIAN_POINT('',(829.0734985006,-3.,628.27350269189));
#5741 = DIRECTION('',(1.,0.,-0.));
#5742 = DIRECTION('',(0.,0.,1.));
#5743 = ADVANCED_FACE('',(#5744,#5758,#5777),#5783,.T.);
#5744 = FACE_BOUND('',#5745,.T.);
#5745 = EDGE_LOOP('',(#5746,#5747,#5748,#5749,#5750,#5751,#5752,#5753,
    #5754,#5755,#5756,#5757));
#5746 = ORIENTED_EDGE('',*,*,#4936,.F.);
#5747 = ORIENTED_EDGE('',*,*,#4874,.T.);
#5748 = ORIENTED_EDGE('',*,*,#4913,.T.);
#5749 = ORIENTED_EDGE('',*,*,#4974,.F.);
#5750 = ORIENTED_EDGE('',*,*,#5030,.F.);
#5751 = ORIENTED_EDGE('',*,*,#5098,.F.);
#5752 = ORIENTED_EDGE('',*,*,#5130,.T.);
#5753 = ORIENTED_EDGE('',*,*,#5154,.F.);
#5754 = ORIENTED_EDGE('',*,*,#5191,.F.);
#5755 = ORIENTED_EDGE('',*,*,#5213,.F.);
#5756 = ORIENTED_EDGE('',*,*,#5068,.F.);
#5757 = ORIENTED_EDGE('',*,*,#5005,.T.);
#5758 = FACE_BOUND('',#5759,.T.);
#5759 = EDGE_LOOP('',(#5760,#5761,#5762,#5763,#5764,#5765,#5766,#5767,
    #5768,#5769,#5770,#5776));
#5760 = ORIENTED_EDGE('',*,*,#5411,.T.);
#5761 = ORIENTED_EDGE('',*,*,#5437,.T.);
#5762 = ORIENTED_EDGE('',*,*,#5468,.F.);
#5763 = ORIENTED_EDGE('',*,*,#5492,.T.);
#5764 = ORIENTED_EDGE('',*,*,#5517,.T.);
#5765 = ORIENTED_EDGE('',*,*,#5635,.F.);
#5766 = ORIENTED_EDGE('',*,*,#5612,.F.);
#5767 = ORIENTED_EDGE('',*,*,#5588,.F.);
#5768 = ORIENTED_EDGE('',*,*,#5531,.T.);
#5769 = ORIENTED_EDGE('',*,*,#5564,.T.);
#5770 = ORIENTED_EDGE('',*,*,#5771,.F.);
#5771 = EDGE_CURVE('',#5390,#5565,#5772,.T.);
#5772 = LINE('',#5773,#5774);
#5773 = CARTESIAN_POINT('',(746.0734985006,3.,1.186273502692E+03));
#5774 = VECTOR('',#5775,1.);
#5775 = DIRECTION('',(1.,0.,-0.));
#5776 = ORIENTED_EDGE('',*,*,#5389,.F.);
#5777 = FACE_BOUND('',#5778,.T.);
#5778 = EDGE_LOOP('',(#5779,#5780,#5781,#5782));
#5779 = ORIENTED_EDGE('',*,*,#5668,.T.);
#5780 = ORIENTED_EDGE('',*,*,#5732,.T.);
#5781 = ORIENTED_EDGE('',*,*,#5716,.F.);
#5782 = ORIENTED_EDGE('',*,*,#5684,.F.);
#5783 = PLANE('',#5784);
#5784 = AXIS2_PLACEMENT_3D('',#5785,#5786,#5787);
#5785 = CARTESIAN_POINT('',(811.09248438423,3.,942.84295658211));
#5786 = DIRECTION('',(0.,1.,0.));
#5787 = DIRECTION('',(0.,-0.,1.));
#5788 = ADVANCED_FACE('',(#5789),#5795,.F.);
#5789 = FACE_BOUND('',#5790,.T.);
#5790 = EDGE_LOOP('',(#5791,#5792,#5793,#5794));
#5791 = ORIENTED_EDGE('',*,*,#5771,.T.);
#5792 = ORIENTED_EDGE('',*,*,#5572,.T.);
#5793 = ORIENTED_EDGE('',*,*,#5242,.F.);
#5794 = ORIENTED_EDGE('',*,*,#5397,.F.);
#5795 = PLANE('',#5796);
#5796 = AXIS2_PLACEMENT_3D('',#5797,#5798,#5799);
#5797 = CARTESIAN_POINT('',(746.0734985006,-3.,1.186273502692E+03));
#5798 = DIRECTION('',(0.,0.,1.));
#5799 = DIRECTION('',(1.,0.,-0.));
#5800 = ( GEOMETRIC_REPRESENTATION_CONTEXT(3) 
GLOBAL_UNCERTAINTY_ASSIGNED_CONTEXT((#5804)) 
GLOBAL_UNIT_ASSIGNED_CONTEXT((#5801,#5802,#5803)) REPRESENTATION_CONTEXT
('Context #1','3D Context with UNIT and UNCERTAINTY') );
#5801 = ( LENGTH_UNIT() NAMED_UNIT(*) SI_UNIT(.MILLI.,.METRE.) );
#5802 = ( NAMED_UNIT(*) PLANE_ANGLE_UNIT() SI_UNIT($,.RADIAN.) );
#5803 = ( NAMED_UNIT(*) SI_UNIT($,.STERADIAN.) SOLID_ANGLE_UNIT() );
#5804 = UNCERTAINTY_MEASURE_WITH_UNIT(LENGTH_MEASURE(1.E-07),#5801,
  'distance_accuracy_value','confusion accuracy');
#5805 = CONTEXT_DEPENDENT_SHAPE_REPRESENTATION(#5806,#5808);
#5806 = ( REPRESENTATION_RELATIONSHIP('','',#4849,#10) 
REPRESENTATION_RELATIONSHIP_WITH_TRANSFORMATION(#5807) 
SHAPE_REPRESENTATION_RELATIONSHIP() );
#5807 = ITEM_DEFINED_TRANSFORMATION('','',#11,#43);
#5808 = PRODUCT_DEFINITION_SHAPE('Placement','Placement of an item',
  #5809);
#5809 = NEXT_ASSEMBLY_USAGE_OCCURRENCE('135','Motiv 04','',#5,#4844,$);
#5810 = PRODUCT_RELATED_PRODUCT_CATEGORY('part',$,(#4846));
#5811 = SHAPE_DEFINITION_REPRESENTATION(#5812,#5818);
#5812 = PRODUCT_DEFINITION_SHAPE('','',#5813);
#5813 = PRODUCT_DEFINITION('design','',#5814,#5817);
#5814 = PRODUCT_DEFINITION_FORMATION('','',#5815);
#5815 = PRODUCT('Patka 04','Patka 04','',(#5816));
#5816 = PRODUCT_CONTEXT('',#2,'mechanical');
#5817 = PRODUCT_DEFINITION_CONTEXT('part definition',#2,'design');
#5818 = ADVANCED_BREP_SHAPE_REPRESENTATION('',(#11,#5819),#6047);
#5819 = MANIFOLD_SOLID_BREP('',#5820);
#5820 = CLOSED_SHELL('',(#5821,#5861,#5892,#5938,#5962,#6001,#6013,#6030
    ));
#5821 = ADVANCED_FACE('',(#5822),#5856,.F.);
#5822 = FACE_BOUND('',#5823,.F.);
#5823 = EDGE_LOOP('',(#5824,#5834,#5842,#5850));
#5824 = ORIENTED_EDGE('',*,*,#5825,.F.);
#5825 = EDGE_CURVE('',#5826,#5828,#5830,.T.);
#5826 = VERTEX_POINT('',#5827);
#5827 = CARTESIAN_POINT('',(781.0734985006,-40.,462.27350269189));
#5828 = VERTEX_POINT('',#5829);
#5829 = CARTESIAN_POINT('',(781.0734985006,-40.,468.27350269189));
#5830 = LINE('',#5831,#5832);
#5831 = CARTESIAN_POINT('',(781.0734985006,-40.,462.27350269189));
#5832 = VECTOR('',#5833,1.);
#5833 = DIRECTION('',(0.,0.,1.));
#5834 = ORIENTED_EDGE('',*,*,#5835,.T.);
#5835 = EDGE_CURVE('',#5826,#5836,#5838,.T.);
#5836 = VERTEX_POINT('',#5837);
#5837 = CARTESIAN_POINT('',(781.0734985006,40.,462.27350269189));
#5838 = LINE('',#5839,#5840);
#5839 = CARTESIAN_POINT('',(781.0734985006,-40.,462.27350269189));
#5840 = VECTOR('',#5841,1.);
#5841 = DIRECTION('',(-0.,1.,0.));
#5842 = ORIENTED_EDGE('',*,*,#5843,.T.);
#5843 = EDGE_CURVE('',#5836,#5844,#5846,.T.);
#5844 = VERTEX_POINT('',#5845);
#5845 = CARTESIAN_POINT('',(781.0734985006,40.,468.27350269189));
#5846 = LINE('',#5847,#5848);
#5847 = CARTESIAN_POINT('',(781.0734985006,40.,462.27350269189));
#5848 = VECTOR('',#5849,1.);
#5849 = DIRECTION('',(0.,0.,1.));
#5850 = ORIENTED_EDGE('',*,*,#5851,.F.);
#5851 = EDGE_CURVE('',#5828,#5844,#5852,.T.);
#5852 = LINE('',#5853,#5854);
#5853 = CARTESIAN_POINT('',(781.0734985006,-40.,468.27350269189));
#5854 = VECTOR('',#5855,1.);
#5855 = DIRECTION('',(-0.,1.,0.));
#5856 = PLANE('',#5857);
#5857 = AXIS2_PLACEMENT_3D('',#5858,#5859,#5860);
#5858 = CARTESIAN_POINT('',(781.0734985006,-40.,462.27350269189));
#5859 = DIRECTION('',(1.,0.,-0.));
#5860 = DIRECTION('',(0.,0.,1.));
#5861 = ADVANCED_FACE('',(#5862),#5887,.F.);
#5862 = FACE_BOUND('',#5863,.F.);
#5863 = EDGE_LOOP('',(#5864,#5872,#5873,#5881));
#5864 = ORIENTED_EDGE('',*,*,#5865,.F.);
#5865 = EDGE_CURVE('',#5826,#5866,#5868,.T.);
#5866 = VERTEX_POINT('',#5867);
#5867 = CARTESIAN_POINT('',(841.0734985006,-40.,462.27350269189));
#5868 = LINE('',#5869,#5870);
#5869 = CARTESIAN_POINT('',(781.0734985006,-40.,462.27350269189));
#5870 = VECTOR('',#5871,1.);
#5871 = DIRECTION('',(1.,0.,-0.));
#5872 = ORIENTED_EDGE('',*,*,#5825,.T.);
#5873 = ORIENTED_EDGE('',*,*,#5874,.T.);
#5874 = EDGE_CURVE('',#5828,#5875,#5877,.T.);
#5875 = VERTEX_POINT('',#5876);
#5876 = CARTESIAN_POINT('',(841.0734985006,-40.,468.27350269189));
#5877 = LINE('',#5878,#5879);
#5878 = CARTESIAN_POINT('',(781.0734985006,-40.,468.27350269189));
#5879 = VECTOR('',#5880,1.);
#5880 = DIRECTION('',(1.,0.,-0.));
#5881 = ORIENTED_EDGE('',*,*,#5882,.F.);
#5882 = EDGE_CURVE('',#5866,#5875,#5883,.T.);
#5883 = LINE('',#5884,#5885);
#5884 = CARTESIAN_POINT('',(841.0734985006,-40.,462.27350269189));
#5885 = VECTOR('',#5886,1.);
#5886 = DIRECTION('',(0.,0.,1.));
#5887 = PLANE('',#5888);
#5888 = AXIS2_PLACEMENT_3D('',#5889,#5890,#5891);
#5889 = CARTESIAN_POINT('',(781.0734985006,-40.,462.27350269189));
#5890 = DIRECTION('',(-0.,1.,0.));
#5891 = DIRECTION('',(0.,0.,1.));
#5892 = ADVANCED_FACE('',(#5893,#5911,#5922),#5933,.T.);
#5893 = FACE_BOUND('',#5894,.T.);
#5894 = EDGE_LOOP('',(#5895,#5896,#5897,#5905));
#5895 = ORIENTED_EDGE('',*,*,#5851,.F.);
#5896 = ORIENTED_EDGE('',*,*,#5874,.T.);
#5897 = ORIENTED_EDGE('',*,*,#5898,.T.);
#5898 = EDGE_CURVE('',#5875,#5899,#5901,.T.);
#5899 = VERTEX_POINT('',#5900);
#5900 = CARTESIAN_POINT('',(841.0734985006,40.,468.27350269189));
#5901 = LINE('',#5902,#5903);
#5902 = CARTESIAN_POINT('',(841.0734985006,-40.,468.27350269189));
#5903 = VECTOR('',#5904,1.);
#5904 = DIRECTION('',(-0.,1.,0.));
#5905 = ORIENTED_EDGE('',*,*,#5906,.F.);
#5906 = EDGE_CURVE('',#5844,#5899,#5907,.T.);
#5907 = LINE('',#5908,#5909);
#5908 = CARTESIAN_POINT('',(781.0734985006,40.,468.27350269189));
#5909 = VECTOR('',#5910,1.);
#5910 = DIRECTION('',(1.,0.,-0.));
#5911 = FACE_BOUND('',#5912,.T.);
#5912 = EDGE_LOOP('',(#5913));
#5913 = ORIENTED_EDGE('',*,*,#5914,.F.);
#5914 = EDGE_CURVE('',#5915,#5915,#5917,.T.);
#5915 = VERTEX_POINT('',#5916);
#5916 = CARTESIAN_POINT('',(816.5734985006,-25.,468.27350269189));
#5917 = CIRCLE('',#5918,5.5);
#5918 = AXIS2_PLACEMENT_3D('',#5919,#5920,#5921);
#5919 = CARTESIAN_POINT('',(811.0734985006,-25.,468.27350269189));
#5920 = DIRECTION('',(0.,0.,1.));
#5921 = DIRECTION('',(1.,0.,-0.));
#5922 = FACE_BOUND('',#5923,.T.);
#5923 = EDGE_LOOP('',(#5924));
#5924 = ORIENTED_EDGE('',*,*,#5925,.F.);
#5925 = EDGE_CURVE('',#5926,#5926,#5928,.T.);
#5926 = VERTEX_POINT('',#5927);
#5927 = CARTESIAN_POINT('',(816.5734985006,25.,468.27350269189));
#5928 = CIRCLE('',#5929,5.5);
#5929 = AXIS2_PLACEMENT_3D('',#5930,#5931,#5932);
#5930 = CARTESIAN_POINT('',(811.0734985006,25.,468.27350269189));
#5931 = DIRECTION('',(0.,0.,1.));
#5932 = DIRECTION('',(1.,0.,-0.));
#5933 = PLANE('',#5934);
#5934 = AXIS2_PLACEMENT_3D('',#5935,#5936,#5937);
#5935 = CARTESIAN_POINT('',(781.0734985006,-40.,468.27350269189));
#5936 = DIRECTION('',(0.,0.,1.));
#5937 = DIRECTION('',(1.,0.,-0.));
#5938 = ADVANCED_FACE('',(#5939),#5957,.T.);
#5939 = FACE_BOUND('',#5940,.T.);
#5940 = EDGE_LOOP('',(#5941,#5949,#5950,#5951));
#5941 = ORIENTED_EDGE('',*,*,#5942,.F.);
#5942 = EDGE_CURVE('',#5836,#5943,#5945,.T.);
#5943 = VERTEX_POINT('',#5944);
#5944 = CARTESIAN_POINT('',(841.0734985006,40.,462.27350269189));
#5945 = LINE('',#5946,#5947);
#5946 = CARTESIAN_POINT('',(781.0734985006,40.,462.27350269189));
#5947 = VECTOR('',#5948,1.);
#5948 = DIRECTION('',(1.,0.,-0.));
#5949 = ORIENTED_EDGE('',*,*,#5843,.T.);
#5950 = ORIENTED_EDGE('',*,*,#5906,.T.);
#5951 = ORIENTED_EDGE('',*,*,#5952,.F.);
#5952 = EDGE_CURVE('',#5943,#5899,#5953,.T.);
#5953 = LINE('',#5954,#5955);
#5954 = CARTESIAN_POINT('',(841.0734985006,40.,462.27350269189));
#5955 = VECTOR('',#5956,1.);
#5956 = DIRECTION('',(0.,0.,1.));
#5957 = PLANE('',#5958);
#5958 = AXIS2_PLACEMENT_3D('',#5959,#5960,#5961);
#5959 = CARTESIAN_POINT('',(781.0734985006,40.,462.27350269189));
#5960 = DIRECTION('',(-0.,1.,0.));
#5961 = DIRECTION('',(0.,0.,1.));
#5962 = ADVANCED_FACE('',(#5963,#5974,#5985),#5996,.F.);
#5963 = FACE_BOUND('',#5964,.F.);
#5964 = EDGE_LOOP('',(#5965,#5966,#5967,#5973));
#5965 = ORIENTED_EDGE('',*,*,#5835,.F.);
#5966 = ORIENTED_EDGE('',*,*,#5865,.T.);
#5967 = ORIENTED_EDGE('',*,*,#5968,.T.);
#5968 = EDGE_CURVE('',#5866,#5943,#5969,.T.);
#5969 = LINE('',#5970,#5971);
#5970 = CARTESIAN_POINT('',(841.0734985006,-40.,462.27350269189));
#5971 = VECTOR('',#5972,1.);
#5972 = DIRECTION('',(-0.,1.,0.));
#5973 = ORIENTED_EDGE('',*,*,#5942,.F.);
#5974 = FACE_BOUND('',#5975,.F.);
#5975 = EDGE_LOOP('',(#5976));
#5976 = ORIENTED_EDGE('',*,*,#5977,.F.);
#5977 = EDGE_CURVE('',#5978,#5978,#5980,.T.);
#5978 = VERTEX_POINT('',#5979);
#5979 = CARTESIAN_POINT('',(816.5734985006,-25.,462.27350269189));
#5980 = CIRCLE('',#5981,5.5);
#5981 = AXIS2_PLACEMENT_3D('',#5982,#5983,#5984);
#5982 = CARTESIAN_POINT('',(811.0734985006,-25.,462.27350269189));
#5983 = DIRECTION('',(0.,0.,1.));
#5984 = DIRECTION('',(1.,0.,-0.));
#5985 = FACE_BOUND('',#5986,.F.);
#5986 = EDGE_LOOP('',(#5987));
#5987 = ORIENTED_EDGE('',*,*,#5988,.F.);
#5988 = EDGE_CURVE('',#5989,#5989,#5991,.T.);
#5989 = VERTEX_POINT('',#5990);
#5990 = CARTESIAN_POINT('',(816.5734985006,25.,462.27350269189));
#5991 = CIRCLE('',#5992,5.5);
#5992 = AXIS2_PLACEMENT_3D('',#5993,#5994,#5995);
#5993 = CARTESIAN_POINT('',(811.0734985006,25.,462.27350269189));
#5994 = DIRECTION('',(0.,0.,1.));
#5995 = DIRECTION('',(1.,0.,-0.));
#5996 = PLANE('',#5997);
#5997 = AXIS2_PLACEMENT_3D('',#5998,#5999,#6000);
#5998 = CARTESIAN_POINT('',(781.0734985006,-40.,462.27350269189));
#5999 = DIRECTION('',(0.,0.,1.));
#6000 = DIRECTION('',(1.,0.,-0.));
#6001 = ADVANCED_FACE('',(#6002),#6008,.T.);
#6002 = FACE_BOUND('',#6003,.T.);
#6003 = EDGE_LOOP('',(#6004,#6005,#6006,#6007));
#6004 = ORIENTED_EDGE('',*,*,#5882,.F.);
#6005 = ORIENTED_EDGE('',*,*,#5968,.T.);
#6006 = ORIENTED_EDGE('',*,*,#5952,.T.);
#6007 = ORIENTED_EDGE('',*,*,#5898,.F.);
#6008 = PLANE('',#6009);
#6009 = AXIS2_PLACEMENT_3D('',#6010,#6011,#6012);
#6010 = CARTESIAN_POINT('',(841.0734985006,-40.,462.27350269189));
#6011 = DIRECTION('',(1.,0.,-0.));
#6012 = DIRECTION('',(0.,0.,1.));
#6013 = ADVANCED_FACE('',(#6014),#6025,.F.);
#6014 = FACE_BOUND('',#6015,.F.);
#6015 = EDGE_LOOP('',(#6016,#6017,#6023,#6024));
#6016 = ORIENTED_EDGE('',*,*,#5914,.F.);
#6017 = ORIENTED_EDGE('',*,*,#6018,.F.);
#6018 = EDGE_CURVE('',#5978,#5915,#6019,.T.);
#6019 = LINE('',#6020,#6021);
#6020 = CARTESIAN_POINT('',(816.5734985006,-25.,461.27350269189));
#6021 = VECTOR('',#6022,1.);
#6022 = DIRECTION('',(0.,0.,1.));
#6023 = ORIENTED_EDGE('',*,*,#5977,.T.);
#6024 = ORIENTED_EDGE('',*,*,#6018,.T.);
#6025 = CYLINDRICAL_SURFACE('',#6026,5.5);
#6026 = AXIS2_PLACEMENT_3D('',#6027,#6028,#6029);
#6027 = CARTESIAN_POINT('',(811.0734985006,-25.,461.27350269189));
#6028 = DIRECTION('',(0.,0.,1.));
#6029 = DIRECTION('',(1.,0.,-0.));
#6030 = ADVANCED_FACE('',(#6031),#6042,.F.);
#6031 = FACE_BOUND('',#6032,.F.);
#6032 = EDGE_LOOP('',(#6033,#6034,#6040,#6041));
#6033 = ORIENTED_EDGE('',*,*,#5925,.F.);
#6034 = ORIENTED_EDGE('',*,*,#6035,.F.);
#6035 = EDGE_CURVE('',#5989,#5926,#6036,.T.);
#6036 = LINE('',#6037,#6038);
#6037 = CARTESIAN_POINT('',(816.5734985006,25.,461.27350269189));
#6038 = VECTOR('',#6039,1.);
#6039 = DIRECTION('',(0.,0.,1.));
#6040 = ORIENTED_EDGE('',*,*,#5988,.T.);
#6041 = ORIENTED_EDGE('',*,*,#6035,.T.);
#6042 = CYLINDRICAL_SURFACE('',#6043,5.5);
#6043 = AXIS2_PLACEMENT_3D('',#6044,#6045,#6046);
#6044 = CARTESIAN_POINT('',(811.0734985006,25.,461.27350269189));
#6045 = DIRECTION('',(0.,0.,1.));
#6046 = DIRECTION('',(1.,0.,-0.));
#6047 = ( GEOMETRIC_REPRESENTATION_CONTEXT(3) 
GLOBAL_UNCERTAINTY_ASSIGNED_CONTEXT((#6051)) 
GLOBAL_UNIT_ASSIGNED_CONTEXT((#6048,#6049,#6050)) REPRESENTATION_CONTEXT
('Context #1','3D Context with UNIT and UNCERTAINTY') );
#6048 = ( LENGTH_UNIT() NAMED_UNIT(*) SI_UNIT(.MILLI.,.METRE.) );
#6049 = ( NAMED_UNIT(*) PLANE_ANGLE_UNIT() SI_UNIT($,.RADIAN.) );
#6050 = ( NAMED_UNIT(*) SI_UNIT($,.STERADIAN.) SOLID_ANGLE_UNIT() );
#6051 = UNCERTAINTY_MEASURE_WITH_UNIT(LENGTH_MEASURE(1.E-07),#6048,
  'distance_accuracy_value','confusion accuracy');
#6052 = CONTEXT_DEPENDENT_SHAPE_REPRESENTATION(#6053,#6055);
#6053 = ( REPRESENTATION_RELATIONSHIP('','',#5818,#10) 
REPRESENTATION_RELATIONSHIP_WITH_TRANSFORMATION(#6054) 
SHAPE_REPRESENTATION_RELATIONSHIP() );
#6054 = ITEM_DEFINED_TRANSFORMATION('','',#11,#47);
#6055 = PRODUCT_DEFINITION_SHAPE('Placement','Placement of an item',
  #6056);
#6056 = NEXT_ASSEMBLY_USAGE_OCCURRENCE('136','Patka 04','',#5,#5813,$);
#6057 = PRODUCT_RELATED_PRODUCT_CATEGORY('part',$,(#5815));
#6058 = SHAPE_DEFINITION_REPRESENTATION(#6059,#6065);
#6059 = PRODUCT_DEFINITION_SHAPE('','',#6060);
#6060 = PRODUCT_DEFINITION('design','',#6061,#6064);
#6061 = PRODUCT_DEFINITION_FORMATION('','',#6062);
#6062 = PRODUCT('Motiv 05','Motiv 05','',(#6063));
#6063 = PRODUCT_CONTEXT('',#2,'mechanical');
#6064 = PRODUCT_DEFINITION_CONTEXT('part definition',#2,'design');
#6065 = ADVANCED_BREP_SHAPE_REPRESENTATION('',(#11,#6066),#7016);
#6066 = MANIFOLD_SOLID_BREP('',#6067);
#6067 = CLOSED_SHELL('',(#6068,#6108,#6139,#6170,#6201,#6232,#6263,#6294
    ,#6325,#6356,#6387,#6418,#6440,#6592,#6623,#6647,#6671,#6695,#6719,
    #6743,#6774,#6798,#6822,#6846,#6863,#6894,#6918,#6942,#6959,#7004));
#6068 = ADVANCED_FACE('',(#6069),#6103,.F.);
#6069 = FACE_BOUND('',#6070,.T.);
#6070 = EDGE_LOOP('',(#6071,#6081,#6089,#6097));
#6071 = ORIENTED_EDGE('',*,*,#6072,.T.);
#6072 = EDGE_CURVE('',#6073,#6075,#6077,.T.);
#6073 = VERTEX_POINT('',#6074);
#6074 = CARTESIAN_POINT('',(962.57984944671,-3.,683.27350269189));
#6075 = VERTEX_POINT('',#6076);
#6076 = CARTESIAN_POINT('',(962.57984944671,-3.,1.323273502692E+03));
#6077 = LINE('',#6078,#6079);
#6078 = CARTESIAN_POINT('',(962.57984944671,-3.,683.27350269189));
#6079 = VECTOR('',#6080,1.);
#6080 = DIRECTION('',(0.,0.,1.));
#6081 = ORIENTED_EDGE('',*,*,#6082,.T.);
#6082 = EDGE_CURVE('',#6075,#6083,#6085,.T.);
#6083 = VERTEX_POINT('',#6084);
#6084 = CARTESIAN_POINT('',(962.57984944671,3.,1.323273502692E+03));
#6085 = LINE('',#6086,#6087);
#6086 = CARTESIAN_POINT('',(962.57984944671,-3.,1.323273502692E+03));
#6087 = VECTOR('',#6088,1.);
#6088 = DIRECTION('',(-0.,1.,0.));
#6089 = ORIENTED_EDGE('',*,*,#6090,.F.);
#6090 = EDGE_CURVE('',#6091,#6083,#6093,.T.);
#6091 = VERTEX_POINT('',#6092);
#6092 = CARTESIAN_POINT('',(962.57984944671,3.,683.27350269189));
#6093 = LINE('',#6094,#6095);
#6094 = CARTESIAN_POINT('',(962.57984944671,3.,683.27350269189));
#6095 = VECTOR('',#6096,1.);
#6096 = DIRECTION('',(0.,0.,1.));
#6097 = ORIENTED_EDGE('',*,*,#6098,.F.);
#6098 = EDGE_CURVE('',#6073,#6091,#6099,.T.);
#6099 = LINE('',#6100,#6101);
#6100 = CARTESIAN_POINT('',(962.57984944671,-3.,683.27350269189));
#6101 = VECTOR('',#6102,1.);
#6102 = DIRECTION('',(-0.,1.,0.));
#6103 = PLANE('',#6104);
#6104 = AXIS2_PLACEMENT_3D('',#6105,#6106,#6107);
#6105 = CARTESIAN_POINT('',(962.57984944671,-3.,683.27350269189));
#6106 = DIRECTION('',(1.,0.,-0.));
#6107 = DIRECTION('',(0.,0.,1.));
#6108 = ADVANCED_FACE('',(#6109),#6134,.T.);
#6109 = FACE_BOUND('',#6110,.T.);
#6110 = EDGE_LOOP('',(#6111,#6112,#6120,#6128));
#6111 = ORIENTED_EDGE('',*,*,#6082,.F.);
#6112 = ORIENTED_EDGE('',*,*,#6113,.T.);
#6113 = EDGE_CURVE('',#6075,#6114,#6116,.T.);
#6114 = VERTEX_POINT('',#6115);
#6115 = CARTESIAN_POINT('',(1.021579849447E+03,-3.,1.323273502692E+03));
#6116 = LINE('',#6117,#6118);
#6117 = CARTESIAN_POINT('',(962.57984944671,-3.,1.323273502692E+03));
#6118 = VECTOR('',#6119,1.);
#6119 = DIRECTION('',(1.,0.,-0.));
#6120 = ORIENTED_EDGE('',*,*,#6121,.F.);
#6121 = EDGE_CURVE('',#6122,#6114,#6124,.T.);
#6122 = VERTEX_POINT('',#6123);
#6123 = CARTESIAN_POINT('',(1.021579849447E+03,3.,1.323273502692E+03));
#6124 = LINE('',#6125,#6126);
#6125 = CARTESIAN_POINT('',(1.021579849447E+03,-1.5,1.323273502692E+03)
  );
#6126 = VECTOR('',#6127,1.);
#6127 = DIRECTION('',(0.,-1.,0.));
#6128 = ORIENTED_EDGE('',*,*,#6129,.F.);
#6129 = EDGE_CURVE('',#6083,#6122,#6130,.T.);
#6130 = LINE('',#6131,#6132);
#6131 = CARTESIAN_POINT('',(1.080579849447E+03,3.,1.323273502692E+03));
#6132 = VECTOR('',#6133,1.);
#6133 = DIRECTION('',(1.,0.,-0.));
#6134 = PLANE('',#6135);
#6135 = AXIS2_PLACEMENT_3D('',#6136,#6137,#6138);
#6136 = CARTESIAN_POINT('',(1.027579849447E+03,0.,1.323273502692E+03));
#6137 = DIRECTION('',(0.,0.,1.));
#6138 = DIRECTION('',(1.,0.,-0.));
#6139 = ADVANCED_FACE('',(#6140),#6165,.T.);
#6140 = FACE_BOUND('',#6141,.T.);
#6141 = EDGE_LOOP('',(#6142,#6150,#6151,#6159));
#6142 = ORIENTED_EDGE('',*,*,#6143,.F.);
#6143 = EDGE_CURVE('',#6073,#6144,#6146,.T.);
#6144 = VERTEX_POINT('',#6145);
#6145 = CARTESIAN_POINT('',(1.021579849447E+03,-3.,683.27350269189));
#6146 = LINE('',#6147,#6148);
#6147 = CARTESIAN_POINT('',(1.080579849447E+03,-3.,683.27350269189));
#6148 = VECTOR('',#6149,1.);
#6149 = DIRECTION('',(1.,0.,-0.));
#6150 = ORIENTED_EDGE('',*,*,#6098,.T.);
#6151 = ORIENTED_EDGE('',*,*,#6152,.T.);
#6152 = EDGE_CURVE('',#6091,#6153,#6155,.T.);
#6153 = VERTEX_POINT('',#6154);
#6154 = CARTESIAN_POINT('',(1.021579849447E+03,3.,683.27350269189));
#6155 = LINE('',#6156,#6157);
#6156 = CARTESIAN_POINT('',(962.57984944671,3.,683.27350269189));
#6157 = VECTOR('',#6158,1.);
#6158 = DIRECTION('',(1.,0.,-0.));
#6159 = ORIENTED_EDGE('',*,*,#6160,.T.);
#6160 = EDGE_CURVE('',#6153,#6144,#6161,.T.);
#6161 = LINE('',#6162,#6163);
#6162 = CARTESIAN_POINT('',(1.021579849447E+03,-1.5,683.27350269189));
#6163 = VECTOR('',#6164,1.);
#6164 = DIRECTION('',(0.,-1.,0.));
#6165 = PLANE('',#6166);
#6166 = AXIS2_PLACEMENT_3D('',#6167,#6168,#6169);
#6167 = CARTESIAN_POINT('',(1.027579849447E+03,0.,683.27350269189));
#6168 = DIRECTION('',(-0.,-0.,-1.));
#6169 = DIRECTION('',(-1.,0.,0.));
#6170 = ADVANCED_FACE('',(#6171),#6196,.T.);
#6171 = FACE_BOUND('',#6172,.T.);
#6172 = EDGE_LOOP('',(#6173,#6181,#6189,#6195));
#6173 = ORIENTED_EDGE('',*,*,#6174,.F.);
#6174 = EDGE_CURVE('',#6175,#6114,#6177,.T.);
#6175 = VERTEX_POINT('',#6176);
#6176 = CARTESIAN_POINT('',(1.021579849447E+03,-3.,1.553621379542E+03));
#6177 = LINE('',#6178,#6179);
#6178 = CARTESIAN_POINT('',(1.021579849447E+03,-3.,1.553621379542E+03));
#6179 = VECTOR('',#6180,1.);
#6180 = DIRECTION('',(0.,0.,-1.));
#6181 = ORIENTED_EDGE('',*,*,#6182,.T.);
#6182 = EDGE_CURVE('',#6175,#6183,#6185,.T.);
#6183 = VERTEX_POINT('',#6184);
#6184 = CARTESIAN_POINT('',(1.021579849447E+03,3.,1.553621379542E+03));
#6185 = LINE('',#6186,#6187);
#6186 = CARTESIAN_POINT('',(1.021579849447E+03,-3.,1.553621379542E+03));
#6187 = VECTOR('',#6188,1.);
#6188 = DIRECTION('',(0.,1.,0.));
#6189 = ORIENTED_EDGE('',*,*,#6190,.T.);
#6190 = EDGE_CURVE('',#6183,#6122,#6191,.T.);
#6191 = LINE('',#6192,#6193);
#6192 = CARTESIAN_POINT('',(1.021579849447E+03,3.,1.553621379542E+03));
#6193 = VECTOR('',#6194,1.);
#6194 = DIRECTION('',(0.,0.,-1.));
#6195 = ORIENTED_EDGE('',*,*,#6121,.T.);
#6196 = PLANE('',#6197);
#6197 = AXIS2_PLACEMENT_3D('',#6198,#6199,#6200);
#6198 = CARTESIAN_POINT('',(1.021579849447E+03,-3.,1.553621379542E+03));
#6199 = DIRECTION('',(-1.,0.,0.));
#6200 = DIRECTION('',(0.,0.,-1.));
#6201 = ADVANCED_FACE('',(#6202),#6227,.F.);
#6202 = FACE_BOUND('',#6203,.F.);
#6203 = EDGE_LOOP('',(#6204,#6212,#6220,#6226));
#6204 = ORIENTED_EDGE('',*,*,#6205,.F.);
#6205 = EDGE_CURVE('',#6206,#6144,#6208,.T.);
#6206 = VERTEX_POINT('',#6207);
#6207 = CARTESIAN_POINT('',(1.021579849447E+03,-3.,593.27350269189));
#6208 = LINE('',#6209,#6210);
#6209 = CARTESIAN_POINT('',(1.021579849447E+03,-3.,593.27350269189));
#6210 = VECTOR('',#6211,1.);
#6211 = DIRECTION('',(0.,0.,1.));
#6212 = ORIENTED_EDGE('',*,*,#6213,.T.);
#6213 = EDGE_CURVE('',#6206,#6214,#6216,.T.);
#6214 = VERTEX_POINT('',#6215);
#6215 = CARTESIAN_POINT('',(1.021579849447E+03,3.,593.27350269189));
#6216 = LINE('',#6217,#6218);
#6217 = CARTESIAN_POINT('',(1.021579849447E+03,-3.,593.27350269189));
#6218 = VECTOR('',#6219,1.);
#6219 = DIRECTION('',(-0.,1.,0.));
#6220 = ORIENTED_EDGE('',*,*,#6221,.T.);
#6221 = EDGE_CURVE('',#6214,#6153,#6222,.T.);
#6222 = LINE('',#6223,#6224);
#6223 = CARTESIAN_POINT('',(1.021579849447E+03,3.,593.27350269189));
#6224 = VECTOR('',#6225,1.);
#6225 = DIRECTION('',(0.,0.,1.));
#6226 = ORIENTED_EDGE('',*,*,#6160,.T.);
#6227 = PLANE('',#6228);
#6228 = AXIS2_PLACEMENT_3D('',#6229,#6230,#6231);
#6229 = CARTESIAN_POINT('',(1.021579849447E+03,-3.,593.27350269189));
#6230 = DIRECTION('',(1.,0.,-0.));
#6231 = DIRECTION('',(0.,0.,1.));
#6232 = ADVANCED_FACE('',(#6233),#6258,.T.);
#6233 = FACE_BOUND('',#6234,.T.);
#6234 = EDGE_LOOP('',(#6235,#6245,#6251,#6252));
#6235 = ORIENTED_EDGE('',*,*,#6236,.T.);
#6236 = EDGE_CURVE('',#6237,#6239,#6241,.T.);
#6237 = VERTEX_POINT('',#6238);
#6238 = CARTESIAN_POINT('',(1.033579849447E+03,-3.,1.560549582772E+03));
#6239 = VERTEX_POINT('',#6240);
#6240 = CARTESIAN_POINT('',(1.033579849447E+03,3.,1.560549582772E+03));
#6241 = LINE('',#6242,#6243);
#6242 = CARTESIAN_POINT('',(1.033579849447E+03,-3.,1.560549582772E+03));
#6243 = VECTOR('',#6244,1.);
#6244 = DIRECTION('',(0.,1.,0.));
#6245 = ORIENTED_EDGE('',*,*,#6246,.T.);
#6246 = EDGE_CURVE('',#6239,#6183,#6247,.T.);
#6247 = LINE('',#6248,#6249);
#6248 = CARTESIAN_POINT('',(1.033579849447E+03,3.,1.560549582772E+03));
#6249 = VECTOR('',#6250,1.);
#6250 = DIRECTION('',(-0.866025403784,0.,-0.5));
#6251 = ORIENTED_EDGE('',*,*,#6182,.F.);
#6252 = ORIENTED_EDGE('',*,*,#6253,.F.);
#6253 = EDGE_CURVE('',#6237,#6175,#6254,.T.);
#6254 = LINE('',#6255,#6256);
#6255 = CARTESIAN_POINT('',(1.033579849447E+03,-3.,1.560549582772E+03));
#6256 = VECTOR('',#6257,1.);
#6257 = DIRECTION('',(-0.866025403784,0.,-0.5));
#6258 = PLANE('',#6259);
#6259 = AXIS2_PLACEMENT_3D('',#6260,#6261,#6262);
#6260 = CARTESIAN_POINT('',(1.033579849447E+03,-3.,1.560549582772E+03));
#6261 = DIRECTION('',(-0.5,0.,0.866025403784));
#6262 = DIRECTION('',(-0.866025403784,0.,-0.5));
#6263 = ADVANCED_FACE('',(#6264),#6289,.F.);
#6264 = FACE_BOUND('',#6265,.F.);
#6265 = EDGE_LOOP('',(#6266,#6267,#6275,#6283));
#6266 = ORIENTED_EDGE('',*,*,#6213,.F.);
#6267 = ORIENTED_EDGE('',*,*,#6268,.T.);
#6268 = EDGE_CURVE('',#6206,#6269,#6271,.T.);
#6269 = VERTEX_POINT('',#6270);
#6270 = CARTESIAN_POINT('',(1.033579849447E+03,-3.,593.27350269189));
#6271 = LINE('',#6272,#6273);
#6272 = CARTESIAN_POINT('',(1.021579849447E+03,-3.,593.27350269189));
#6273 = VECTOR('',#6274,1.);
#6274 = DIRECTION('',(1.,0.,-0.));
#6275 = ORIENTED_EDGE('',*,*,#6276,.T.);
#6276 = EDGE_CURVE('',#6269,#6277,#6279,.T.);
#6277 = VERTEX_POINT('',#6278);
#6278 = CARTESIAN_POINT('',(1.033579849447E+03,3.,593.27350269189));
#6279 = LINE('',#6280,#6281);
#6280 = CARTESIAN_POINT('',(1.033579849447E+03,-3.,593.27350269189));
#6281 = VECTOR('',#6282,1.);
#6282 = DIRECTION('',(-0.,1.,0.));
#6283 = ORIENTED_EDGE('',*,*,#6284,.F.);
#6284 = EDGE_CURVE('',#6214,#6277,#6285,.T.);
#6285 = LINE('',#6286,#6287);
#6286 = CARTESIAN_POINT('',(1.021579849447E+03,3.,593.27350269189));
#6287 = VECTOR('',#6288,1.);
#6288 = DIRECTION('',(1.,0.,-0.));
#6289 = PLANE('',#6290);
#6290 = AXIS2_PLACEMENT_3D('',#6291,#6292,#6293);
#6291 = CARTESIAN_POINT('',(1.021579849447E+03,-3.,593.27350269189));
#6292 = DIRECTION('',(0.,0.,1.));
#6293 = DIRECTION('',(1.,0.,-0.));
#6294 = ADVANCED_FACE('',(#6295),#6320,.T.);
#6295 = FACE_BOUND('',#6296,.T.);
#6296 = EDGE_LOOP('',(#6297,#6305,#6313,#6319));
#6297 = ORIENTED_EDGE('',*,*,#6298,.F.);
#6298 = EDGE_CURVE('',#6299,#6237,#6301,.T.);
#6299 = VERTEX_POINT('',#6300);
#6300 = CARTESIAN_POINT('',(1.033579849447E+03,-3.,1.323273502692E+03));
#6301 = LINE('',#6302,#6303);
#6302 = CARTESIAN_POINT('',(1.033579849447E+03,-3.,1.311273502692E+03));
#6303 = VECTOR('',#6304,1.);
#6304 = DIRECTION('',(0.,0.,1.));
#6305 = ORIENTED_EDGE('',*,*,#6306,.T.);
#6306 = EDGE_CURVE('',#6299,#6307,#6309,.T.);
#6307 = VERTEX_POINT('',#6308);
#6308 = CARTESIAN_POINT('',(1.033579849447E+03,3.,1.323273502692E+03));
#6309 = LINE('',#6310,#6311);
#6310 = CARTESIAN_POINT('',(1.033579849447E+03,-1.5,1.323273502692E+03)
  );
#6311 = VECTOR('',#6312,1.);
#6312 = DIRECTION('',(0.,1.,0.));
#6313 = ORIENTED_EDGE('',*,*,#6314,.T.);
#6314 = EDGE_CURVE('',#6307,#6239,#6315,.T.);
#6315 = LINE('',#6316,#6317);
#6316 = CARTESIAN_POINT('',(1.033579849447E+03,3.,1.311273502692E+03));
#6317 = VECTOR('',#6318,1.);
#6318 = DIRECTION('',(0.,0.,1.));
#6319 = ORIENTED_EDGE('',*,*,#6236,.F.);
#6320 = PLANE('',#6321);
#6321 = AXIS2_PLACEMENT_3D('',#6322,#6323,#6324);
#6322 = CARTESIAN_POINT('',(1.033579849447E+03,-3.,1.311273502692E+03));
#6323 = DIRECTION('',(1.,0.,0.));
#6324 = DIRECTION('',(0.,0.,1.));
#6325 = ADVANCED_FACE('',(#6326),#6351,.T.);
#6326 = FACE_BOUND('',#6327,.T.);
#6327 = EDGE_LOOP('',(#6328,#6329,#6337,#6345));
#6328 = ORIENTED_EDGE('',*,*,#6306,.F.);
#6329 = ORIENTED_EDGE('',*,*,#6330,.T.);
#6330 = EDGE_CURVE('',#6299,#6331,#6333,.T.);
#6331 = VERTEX_POINT('',#6332);
#6332 = CARTESIAN_POINT('',(1.092579849447E+03,-3.,1.323273502692E+03));
#6333 = LINE('',#6334,#6335);
#6334 = CARTESIAN_POINT('',(962.57984944671,-3.,1.323273502692E+03));
#6335 = VECTOR('',#6336,1.);
#6336 = DIRECTION('',(1.,0.,-0.));
#6337 = ORIENTED_EDGE('',*,*,#6338,.T.);
#6338 = EDGE_CURVE('',#6331,#6339,#6341,.T.);
#6339 = VERTEX_POINT('',#6340);
#6340 = CARTESIAN_POINT('',(1.092579849447E+03,3.,1.323273502692E+03));
#6341 = LINE('',#6342,#6343);
#6342 = CARTESIAN_POINT('',(1.092579849447E+03,-3.,1.323273502692E+03));
#6343 = VECTOR('',#6344,1.);
#6344 = DIRECTION('',(-0.,1.,0.));
#6345 = ORIENTED_EDGE('',*,*,#6346,.F.);
#6346 = EDGE_CURVE('',#6307,#6339,#6347,.T.);
#6347 = LINE('',#6348,#6349);
#6348 = CARTESIAN_POINT('',(1.080579849447E+03,3.,1.323273502692E+03));
#6349 = VECTOR('',#6350,1.);
#6350 = DIRECTION('',(1.,0.,-0.));
#6351 = PLANE('',#6352);
#6352 = AXIS2_PLACEMENT_3D('',#6353,#6354,#6355);
#6353 = CARTESIAN_POINT('',(1.027579849447E+03,0.,1.323273502692E+03));
#6354 = DIRECTION('',(0.,0.,1.));
#6355 = DIRECTION('',(1.,0.,-0.));
#6356 = ADVANCED_FACE('',(#6357),#6382,.T.);
#6357 = FACE_BOUND('',#6358,.T.);
#6358 = EDGE_LOOP('',(#6359,#6369,#6375,#6376));
#6359 = ORIENTED_EDGE('',*,*,#6360,.T.);
#6360 = EDGE_CURVE('',#6361,#6363,#6365,.T.);
#6361 = VERTEX_POINT('',#6362);
#6362 = CARTESIAN_POINT('',(1.092579849447E+03,-3.,683.27350269189));
#6363 = VERTEX_POINT('',#6364);
#6364 = CARTESIAN_POINT('',(1.092579849447E+03,3.,683.27350269189));
#6365 = LINE('',#6366,#6367);
#6366 = CARTESIAN_POINT('',(1.092579849447E+03,-3.,683.27350269189));
#6367 = VECTOR('',#6368,1.);
#6368 = DIRECTION('',(-0.,1.,0.));
#6369 = ORIENTED_EDGE('',*,*,#6370,.T.);
#6370 = EDGE_CURVE('',#6363,#6339,#6371,.T.);
#6371 = LINE('',#6372,#6373);
#6372 = CARTESIAN_POINT('',(1.092579849447E+03,3.,683.27350269189));
#6373 = VECTOR('',#6374,1.);
#6374 = DIRECTION('',(0.,0.,1.));
#6375 = ORIENTED_EDGE('',*,*,#6338,.F.);
#6376 = ORIENTED_EDGE('',*,*,#6377,.F.);
#6377 = EDGE_CURVE('',#6361,#6331,#6378,.T.);
#6378 = LINE('',#6379,#6380);
#6379 = CARTESIAN_POINT('',(1.092579849447E+03,-3.,683.27350269189));
#6380 = VECTOR('',#6381,1.);
#6381 = DIRECTION('',(0.,0.,1.));
#6382 = PLANE('',#6383);
#6383 = AXIS2_PLACEMENT_3D('',#6384,#6385,#6386);
#6384 = CARTESIAN_POINT('',(1.092579849447E+03,-3.,683.27350269189));
#6385 = DIRECTION('',(1.,0.,-0.));
#6386 = DIRECTION('',(0.,0.,1.));
#6387 = ADVANCED_FACE('',(#6388),#6413,.T.);
#6388 = FACE_BOUND('',#6389,.T.);
#6389 = EDGE_LOOP('',(#6390,#6398,#6406,#6412));
#6390 = ORIENTED_EDGE('',*,*,#6391,.F.);
#6391 = EDGE_CURVE('',#6392,#6361,#6394,.T.);
#6392 = VERTEX_POINT('',#6393);
#6393 = CARTESIAN_POINT('',(1.033579849447E+03,-3.,683.27350269189));
#6394 = LINE('',#6395,#6396);
#6395 = CARTESIAN_POINT('',(1.080579849447E+03,-3.,683.27350269189));
#6396 = VECTOR('',#6397,1.);
#6397 = DIRECTION('',(1.,0.,-0.));
#6398 = ORIENTED_EDGE('',*,*,#6399,.F.);
#6399 = EDGE_CURVE('',#6400,#6392,#6402,.T.);
#6400 = VERTEX_POINT('',#6401);
#6401 = CARTESIAN_POINT('',(1.033579849447E+03,3.,683.27350269189));
#6402 = LINE('',#6403,#6404);
#6403 = CARTESIAN_POINT('',(1.033579849447E+03,-1.5,683.27350269189));
#6404 = VECTOR('',#6405,1.);
#6405 = DIRECTION('',(0.,-1.,0.));
#6406 = ORIENTED_EDGE('',*,*,#6407,.T.);
#6407 = EDGE_CURVE('',#6400,#6363,#6408,.T.);
#6408 = LINE('',#6409,#6410);
#6409 = CARTESIAN_POINT('',(962.57984944671,3.,683.27350269189));
#6410 = VECTOR('',#6411,1.);
#6411 = DIRECTION('',(1.,0.,-0.));
#6412 = ORIENTED_EDGE('',*,*,#6360,.F.);
#6413 = PLANE('',#6414);
#6414 = AXIS2_PLACEMENT_3D('',#6415,#6416,#6417);
#6415 = CARTESIAN_POINT('',(1.027579849447E+03,0.,683.27350269189));
#6416 = DIRECTION('',(-0.,-0.,-1.));
#6417 = DIRECTION('',(-1.,0.,0.));
#6418 = ADVANCED_FACE('',(#6419),#6435,.T.);
#6419 = FACE_BOUND('',#6420,.T.);
#6420 = EDGE_LOOP('',(#6421,#6427,#6428,#6434));
#6421 = ORIENTED_EDGE('',*,*,#6422,.F.);
#6422 = EDGE_CURVE('',#6269,#6392,#6423,.T.);
#6423 = LINE('',#6424,#6425);
#6424 = CARTESIAN_POINT('',(1.033579849447E+03,-3.,593.27350269189));
#6425 = VECTOR('',#6426,1.);
#6426 = DIRECTION('',(0.,0.,1.));
#6427 = ORIENTED_EDGE('',*,*,#6276,.T.);
#6428 = ORIENTED_EDGE('',*,*,#6429,.T.);
#6429 = EDGE_CURVE('',#6277,#6400,#6430,.T.);
#6430 = LINE('',#6431,#6432);
#6431 = CARTESIAN_POINT('',(1.033579849447E+03,3.,593.27350269189));
#6432 = VECTOR('',#6433,1.);
#6433 = DIRECTION('',(0.,0.,1.));
#6434 = ORIENTED_EDGE('',*,*,#6399,.T.);
#6435 = PLANE('',#6436);
#6436 = AXIS2_PLACEMENT_3D('',#6437,#6438,#6439);
#6437 = CARTESIAN_POINT('',(1.033579849447E+03,-3.,593.27350269189));
#6438 = DIRECTION('',(1.,0.,-0.));
#6439 = DIRECTION('',(0.,0.,1.));
#6440 = ADVANCED_FACE('',(#6441,#6455,#6553),#6587,.T.);
#6441 = FACE_BOUND('',#6442,.T.);
#6442 = EDGE_LOOP('',(#6443,#6444,#6445,#6446,#6447,#6448,#6449,#6450,
    #6451,#6452,#6453,#6454));
#6443 = ORIENTED_EDGE('',*,*,#6072,.F.);
#6444 = ORIENTED_EDGE('',*,*,#6143,.T.);
#6445 = ORIENTED_EDGE('',*,*,#6205,.F.);
#6446 = ORIENTED_EDGE('',*,*,#6268,.T.);
#6447 = ORIENTED_EDGE('',*,*,#6422,.T.);
#6448 = ORIENTED_EDGE('',*,*,#6391,.T.);
#6449 = ORIENTED_EDGE('',*,*,#6377,.T.);
#6450 = ORIENTED_EDGE('',*,*,#6330,.F.);
#6451 = ORIENTED_EDGE('',*,*,#6298,.T.);
#6452 = ORIENTED_EDGE('',*,*,#6253,.T.);
#6453 = ORIENTED_EDGE('',*,*,#6174,.T.);
#6454 = ORIENTED_EDGE('',*,*,#6113,.F.);
#6455 = FACE_BOUND('',#6456,.T.);
#6456 = EDGE_LOOP('',(#6457,#6467,#6475,#6483,#6491,#6499,#6507,#6515,
    #6523,#6531,#6539,#6547));
#6457 = ORIENTED_EDGE('',*,*,#6458,.T.);
#6458 = EDGE_CURVE('',#6459,#6461,#6463,.T.);
#6459 = VERTEX_POINT('',#6460);
#6460 = CARTESIAN_POINT('',(974.57984944671,-3.,1.311273502692E+03));
#6461 = VERTEX_POINT('',#6462);
#6462 = CARTESIAN_POINT('',(1.080579849447E+03,-3.,1.311273502692E+03));
#6463 = LINE('',#6464,#6465);
#6464 = CARTESIAN_POINT('',(962.57984944671,-3.,1.311273502692E+03));
#6465 = VECTOR('',#6466,1.);
#6466 = DIRECTION('',(1.,0.,-0.));
#6467 = ORIENTED_EDGE('',*,*,#6468,.F.);
#6468 = EDGE_CURVE('',#6469,#6461,#6471,.T.);
#6469 = VERTEX_POINT('',#6470);
#6470 = CARTESIAN_POINT('',(1.080579849447E+03,-3.,695.27350269189));
#6471 = LINE('',#6472,#6473);
#6472 = CARTESIAN_POINT('',(1.080579849447E+03,-3.,683.27350269189));
#6473 = VECTOR('',#6474,1.);
#6474 = DIRECTION('',(0.,0.,1.));
#6475 = ORIENTED_EDGE('',*,*,#6476,.F.);
#6476 = EDGE_CURVE('',#6477,#6469,#6479,.T.);
#6477 = VERTEX_POINT('',#6478);
#6478 = CARTESIAN_POINT('',(1.033579849447E+03,-3.,695.27350269189));
#6479 = LINE('',#6480,#6481);
#6480 = CARTESIAN_POINT('',(962.57984944671,-3.,695.27350269189));
#6481 = VECTOR('',#6482,1.);
#6482 = DIRECTION('',(1.,0.,-0.));
#6483 = ORIENTED_EDGE('',*,*,#6484,.T.);
#6484 = EDGE_CURVE('',#6477,#6485,#6487,.T.);
#6485 = VERTEX_POINT('',#6486);
#6486 = CARTESIAN_POINT('',(1.033579849447E+03,-3.,753.27350269189));
#6487 = LINE('',#6488,#6489);
#6488 = CARTESIAN_POINT('',(1.033579849447E+03,-3.,695.27350269189));
#6489 = VECTOR('',#6490,1.);
#6490 = DIRECTION('',(0.,0.,1.));
#6491 = ORIENTED_EDGE('',*,*,#6492,.T.);
#6492 = EDGE_CURVE('',#6485,#6493,#6495,.T.);
#6493 = VERTEX_POINT('',#6494);
#6494 = CARTESIAN_POINT('',(1.057579849447E+03,-3.,753.27350269189));
#6495 = LINE('',#6496,#6497);
#6496 = CARTESIAN_POINT('',(1.045579849447E+03,-3.,753.27350269189));
#6497 = VECTOR('',#6498,1.);
#6498 = DIRECTION('',(1.,0.,-0.));
#6499 = ORIENTED_EDGE('',*,*,#6500,.T.);
#6500 = EDGE_CURVE('',#6493,#6501,#6503,.T.);
#6501 = VERTEX_POINT('',#6502);
#6502 = CARTESIAN_POINT('',(1.057579849447E+03,-3.,1.253273502692E+03));
#6503 = LINE('',#6504,#6505);
#6504 = CARTESIAN_POINT('',(1.057579849447E+03,-3.,753.27350269189));
#6505 = VECTOR('',#6506,1.);
#6506 = DIRECTION('',(0.,0.,1.));
#6507 = ORIENTED_EDGE('',*,*,#6508,.F.);
#6508 = EDGE_CURVE('',#6509,#6501,#6511,.T.);
#6509 = VERTEX_POINT('',#6510);
#6510 = CARTESIAN_POINT('',(997.57984944671,-3.,1.253273502692E+03));
#6511 = LINE('',#6512,#6513);
#6512 = CARTESIAN_POINT('',(997.57984944671,-3.,1.253273502692E+03));
#6513 = VECTOR('',#6514,1.);
#6514 = DIRECTION('',(1.,0.,-0.));
#6515 = ORIENTED_EDGE('',*,*,#6516,.F.);
#6516 = EDGE_CURVE('',#6517,#6509,#6519,.T.);
#6517 = VERTEX_POINT('',#6518);
#6518 = CARTESIAN_POINT('',(997.57984944671,-3.,753.27350269189));
#6519 = LINE('',#6520,#6521);
#6520 = CARTESIAN_POINT('',(997.57984944671,-3.,753.27350269189));
#6521 = VECTOR('',#6522,1.);
#6522 = DIRECTION('',(0.,0.,1.));
#6523 = ORIENTED_EDGE('',*,*,#6524,.T.);
#6524 = EDGE_CURVE('',#6517,#6525,#6527,.T.);
#6525 = VERTEX_POINT('',#6526);
#6526 = CARTESIAN_POINT('',(1.021579849447E+03,-3.,753.27350269189));
#6527 = LINE('',#6528,#6529);
#6528 = CARTESIAN_POINT('',(1.045579849447E+03,-3.,753.27350269189));
#6529 = VECTOR('',#6530,1.);
#6530 = DIRECTION('',(1.,0.,-0.));
#6531 = ORIENTED_EDGE('',*,*,#6532,.F.);
#6532 = EDGE_CURVE('',#6533,#6525,#6535,.T.);
#6533 = VERTEX_POINT('',#6534);
#6534 = CARTESIAN_POINT('',(1.021579849447E+03,-3.,695.27350269189));
#6535 = LINE('',#6536,#6537);
#6536 = CARTESIAN_POINT('',(1.021579849447E+03,-3.,695.27350269189));
#6537 = VECTOR('',#6538,1.);
#6538 = DIRECTION('',(0.,0.,1.));
#6539 = ORIENTED_EDGE('',*,*,#6540,.F.);
#6540 = EDGE_CURVE('',#6541,#6533,#6543,.T.);
#6541 = VERTEX_POINT('',#6542);
#6542 = CARTESIAN_POINT('',(974.57984944671,-3.,695.27350269189));
#6543 = LINE('',#6544,#6545);
#6544 = CARTESIAN_POINT('',(962.57984944671,-3.,695.27350269189));
#6545 = VECTOR('',#6546,1.);
#6546 = DIRECTION('',(1.,0.,-0.));
#6547 = ORIENTED_EDGE('',*,*,#6548,.T.);
#6548 = EDGE_CURVE('',#6541,#6459,#6549,.T.);
#6549 = LINE('',#6550,#6551);
#6550 = CARTESIAN_POINT('',(974.57984944671,-3.,683.27350269189));
#6551 = VECTOR('',#6552,1.);
#6552 = DIRECTION('',(0.,0.,1.));
#6553 = FACE_BOUND('',#6554,.T.);
#6554 = EDGE_LOOP('',(#6555,#6565,#6573,#6581));
#6555 = ORIENTED_EDGE('',*,*,#6556,.F.);
#6556 = EDGE_CURVE('',#6557,#6559,#6561,.T.);
#6557 = VERTEX_POINT('',#6558);
#6558 = CARTESIAN_POINT('',(1.009579849447E+03,-3.,765.27350269189));
#6559 = VERTEX_POINT('',#6560);
#6560 = CARTESIAN_POINT('',(1.045579849447E+03,-3.,765.27350269189));
#6561 = LINE('',#6562,#6563);
#6562 = CARTESIAN_POINT('',(997.57984944671,-3.,765.27350269189));
#6563 = VECTOR('',#6564,1.);
#6564 = DIRECTION('',(1.,0.,-0.));
#6565 = ORIENTED_EDGE('',*,*,#6566,.T.);
#6566 = EDGE_CURVE('',#6557,#6567,#6569,.T.);
#6567 = VERTEX_POINT('',#6568);
#6568 = CARTESIAN_POINT('',(1.009579849447E+03,-3.,1.241273502692E+03));
#6569 = LINE('',#6570,#6571);
#6570 = CARTESIAN_POINT('',(1.009579849447E+03,-3.,753.27350269189));
#6571 = VECTOR('',#6572,1.);
#6572 = DIRECTION('',(0.,0.,1.));
#6573 = ORIENTED_EDGE('',*,*,#6574,.T.);
#6574 = EDGE_CURVE('',#6567,#6575,#6577,.T.);
#6575 = VERTEX_POINT('',#6576);
#6576 = CARTESIAN_POINT('',(1.045579849447E+03,-3.,1.241273502692E+03));
#6577 = LINE('',#6578,#6579);
#6578 = CARTESIAN_POINT('',(997.57984944671,-3.,1.241273502692E+03));
#6579 = VECTOR('',#6580,1.);
#6580 = DIRECTION('',(1.,0.,-0.));
#6581 = ORIENTED_EDGE('',*,*,#6582,.F.);
#6582 = EDGE_CURVE('',#6559,#6575,#6583,.T.);
#6583 = LINE('',#6584,#6585);
#6584 = CARTESIAN_POINT('',(1.045579849447E+03,-3.,753.27350269189));
#6585 = VECTOR('',#6586,1.);
#6586 = DIRECTION('',(0.,0.,1.));
#6587 = PLANE('',#6588);
#6588 = AXIS2_PLACEMENT_3D('',#6589,#6590,#6591);
#6589 = CARTESIAN_POINT('',(1.02759883533E+03,-3.,1.067842956582E+03));
#6590 = DIRECTION('',(-0.,-1.,-0.));
#6591 = DIRECTION('',(0.,0.,-1.));
#6592 = ADVANCED_FACE('',(#6593),#6618,.T.);
#6593 = FACE_BOUND('',#6594,.T.);
#6594 = EDGE_LOOP('',(#6595,#6596,#6604,#6612));
#6595 = ORIENTED_EDGE('',*,*,#6548,.F.);
#6596 = ORIENTED_EDGE('',*,*,#6597,.F.);
#6597 = EDGE_CURVE('',#6598,#6541,#6600,.T.);
#6598 = VERTEX_POINT('',#6599);
#6599 = CARTESIAN_POINT('',(974.57984944671,3.,695.27350269189));
#6600 = LINE('',#6601,#6602);
#6601 = CARTESIAN_POINT('',(974.57984944671,-3.,695.27350269189));
#6602 = VECTOR('',#6603,1.);
#6603 = DIRECTION('',(0.,-1.,0.));
#6604 = ORIENTED_EDGE('',*,*,#6605,.T.);
#6605 = EDGE_CURVE('',#6598,#6606,#6608,.T.);
#6606 = VERTEX_POINT('',#6607);
#6607 = CARTESIAN_POINT('',(974.57984944671,3.,1.311273502692E+03));
#6608 = LINE('',#6609,#6610);
#6609 = CARTESIAN_POINT('',(974.57984944671,3.,683.27350269189));
#6610 = VECTOR('',#6611,1.);
#6611 = DIRECTION('',(0.,0.,1.));
#6612 = ORIENTED_EDGE('',*,*,#6613,.T.);
#6613 = EDGE_CURVE('',#6606,#6459,#6614,.T.);
#6614 = LINE('',#6615,#6616);
#6615 = CARTESIAN_POINT('',(974.57984944671,-3.,1.311273502692E+03));
#6616 = VECTOR('',#6617,1.);
#6617 = DIRECTION('',(0.,-1.,0.));
#6618 = PLANE('',#6619);
#6619 = AXIS2_PLACEMENT_3D('',#6620,#6621,#6622);
#6620 = CARTESIAN_POINT('',(974.57984944671,-3.,683.27350269189));
#6621 = DIRECTION('',(1.,0.,-0.));
#6622 = DIRECTION('',(0.,0.,1.));
#6623 = ADVANCED_FACE('',(#6624),#6642,.T.);
#6624 = FACE_BOUND('',#6625,.T.);
#6625 = EDGE_LOOP('',(#6626,#6634,#6635,#6636));
#6626 = ORIENTED_EDGE('',*,*,#6627,.F.);
#6627 = EDGE_CURVE('',#6598,#6628,#6630,.T.);
#6628 = VERTEX_POINT('',#6629);
#6629 = CARTESIAN_POINT('',(1.021579849447E+03,3.,695.27350269189));
#6630 = LINE('',#6631,#6632);
#6631 = CARTESIAN_POINT('',(962.57984944671,3.,695.27350269189));
#6632 = VECTOR('',#6633,1.);
#6633 = DIRECTION('',(1.,0.,-0.));
#6634 = ORIENTED_EDGE('',*,*,#6597,.T.);
#6635 = ORIENTED_EDGE('',*,*,#6540,.T.);
#6636 = ORIENTED_EDGE('',*,*,#6637,.T.);
#6637 = EDGE_CURVE('',#6533,#6628,#6638,.T.);
#6638 = LINE('',#6639,#6640);
#6639 = CARTESIAN_POINT('',(1.021579849447E+03,-3.,695.27350269189));
#6640 = VECTOR('',#6641,1.);
#6641 = DIRECTION('',(-0.,1.,0.));
#6642 = PLANE('',#6643);
#6643 = AXIS2_PLACEMENT_3D('',#6644,#6645,#6646);
#6644 = CARTESIAN_POINT('',(962.57984944671,-3.,695.27350269189));
#6645 = DIRECTION('',(0.,0.,1.));
#6646 = DIRECTION('',(1.,0.,-0.));
#6647 = ADVANCED_FACE('',(#6648),#6666,.F.);
#6648 = FACE_BOUND('',#6649,.F.);
#6649 = EDGE_LOOP('',(#6650,#6651,#6652,#6660));
#6650 = ORIENTED_EDGE('',*,*,#6532,.F.);
#6651 = ORIENTED_EDGE('',*,*,#6637,.T.);
#6652 = ORIENTED_EDGE('',*,*,#6653,.T.);
#6653 = EDGE_CURVE('',#6628,#6654,#6656,.T.);
#6654 = VERTEX_POINT('',#6655);
#6655 = CARTESIAN_POINT('',(1.021579849447E+03,3.,753.27350269189));
#6656 = LINE('',#6657,#6658);
#6657 = CARTESIAN_POINT('',(1.021579849447E+03,3.,695.27350269189));
#6658 = VECTOR('',#6659,1.);
#6659 = DIRECTION('',(0.,0.,1.));
#6660 = ORIENTED_EDGE('',*,*,#6661,.F.);
#6661 = EDGE_CURVE('',#6525,#6654,#6662,.T.);
#6662 = LINE('',#6663,#6664);
#6663 = CARTESIAN_POINT('',(1.021579849447E+03,-3.,753.27350269189));
#6664 = VECTOR('',#6665,1.);
#6665 = DIRECTION('',(-0.,1.,0.));
#6666 = PLANE('',#6667);
#6667 = AXIS2_PLACEMENT_3D('',#6668,#6669,#6670);
#6668 = CARTESIAN_POINT('',(1.021579849447E+03,-3.,695.27350269189));
#6669 = DIRECTION('',(1.,0.,-0.));
#6670 = DIRECTION('',(0.,0.,1.));
#6671 = ADVANCED_FACE('',(#6672),#6690,.T.);
#6672 = FACE_BOUND('',#6673,.T.);
#6673 = EDGE_LOOP('',(#6674,#6675,#6683,#6689));
#6674 = ORIENTED_EDGE('',*,*,#6524,.F.);
#6675 = ORIENTED_EDGE('',*,*,#6676,.T.);
#6676 = EDGE_CURVE('',#6517,#6677,#6679,.T.);
#6677 = VERTEX_POINT('',#6678);
#6678 = CARTESIAN_POINT('',(997.57984944671,3.,753.27350269189));
#6679 = LINE('',#6680,#6681);
#6680 = CARTESIAN_POINT('',(997.57984944671,-3.,753.27350269189));
#6681 = VECTOR('',#6682,1.);
#6682 = DIRECTION('',(-0.,1.,0.));
#6683 = ORIENTED_EDGE('',*,*,#6684,.T.);
#6684 = EDGE_CURVE('',#6677,#6654,#6685,.T.);
#6685 = LINE('',#6686,#6687);
#6686 = CARTESIAN_POINT('',(997.57984944671,3.,753.27350269189));
#6687 = VECTOR('',#6688,1.);
#6688 = DIRECTION('',(1.,0.,-0.));
#6689 = ORIENTED_EDGE('',*,*,#6661,.F.);
#6690 = PLANE('',#6691);
#6691 = AXIS2_PLACEMENT_3D('',#6692,#6693,#6694);
#6692 = CARTESIAN_POINT('',(1.027579849447E+03,0.,753.27350269189));
#6693 = DIRECTION('',(-0.,-0.,-1.));
#6694 = DIRECTION('',(-1.,0.,0.));
#6695 = ADVANCED_FACE('',(#6696),#6714,.F.);
#6696 = FACE_BOUND('',#6697,.T.);
#6697 = EDGE_LOOP('',(#6698,#6699,#6707,#6713));
#6698 = ORIENTED_EDGE('',*,*,#6516,.T.);
#6699 = ORIENTED_EDGE('',*,*,#6700,.T.);
#6700 = EDGE_CURVE('',#6509,#6701,#6703,.T.);
#6701 = VERTEX_POINT('',#6702);
#6702 = CARTESIAN_POINT('',(997.57984944671,3.,1.253273502692E+03));
#6703 = LINE('',#6704,#6705);
#6704 = CARTESIAN_POINT('',(997.57984944671,-3.,1.253273502692E+03));
#6705 = VECTOR('',#6706,1.);
#6706 = DIRECTION('',(-0.,1.,0.));
#6707 = ORIENTED_EDGE('',*,*,#6708,.F.);
#6708 = EDGE_CURVE('',#6677,#6701,#6709,.T.);
#6709 = LINE('',#6710,#6711);
#6710 = CARTESIAN_POINT('',(997.57984944671,3.,753.27350269189));
#6711 = VECTOR('',#6712,1.);
#6712 = DIRECTION('',(0.,0.,1.));
#6713 = ORIENTED_EDGE('',*,*,#6676,.F.);
#6714 = PLANE('',#6715);
#6715 = AXIS2_PLACEMENT_3D('',#6716,#6717,#6718);
#6716 = CARTESIAN_POINT('',(997.57984944671,-3.,753.27350269189));
#6717 = DIRECTION('',(1.,0.,-0.));
#6718 = DIRECTION('',(0.,0.,1.));
#6719 = ADVANCED_FACE('',(#6720),#6738,.T.);
#6720 = FACE_BOUND('',#6721,.T.);
#6721 = EDGE_LOOP('',(#6722,#6723,#6724,#6732));
#6722 = ORIENTED_EDGE('',*,*,#6700,.F.);
#6723 = ORIENTED_EDGE('',*,*,#6508,.T.);
#6724 = ORIENTED_EDGE('',*,*,#6725,.T.);
#6725 = EDGE_CURVE('',#6501,#6726,#6728,.T.);
#6726 = VERTEX_POINT('',#6727);
#6727 = CARTESIAN_POINT('',(1.057579849447E+03,3.,1.253273502692E+03));
#6728 = LINE('',#6729,#6730);
#6729 = CARTESIAN_POINT('',(1.057579849447E+03,-3.,1.253273502692E+03));
#6730 = VECTOR('',#6731,1.);
#6731 = DIRECTION('',(-0.,1.,0.));
#6732 = ORIENTED_EDGE('',*,*,#6733,.F.);
#6733 = EDGE_CURVE('',#6701,#6726,#6734,.T.);
#6734 = LINE('',#6735,#6736);
#6735 = CARTESIAN_POINT('',(1.045579849447E+03,3.,1.253273502692E+03));
#6736 = VECTOR('',#6737,1.);
#6737 = DIRECTION('',(1.,0.,-0.));
#6738 = PLANE('',#6739);
#6739 = AXIS2_PLACEMENT_3D('',#6740,#6741,#6742);
#6740 = CARTESIAN_POINT('',(1.027579849447E+03,0.,1.253273502692E+03));
#6741 = DIRECTION('',(0.,0.,1.));
#6742 = DIRECTION('',(1.,0.,-0.));
#6743 = ADVANCED_FACE('',(#6744),#6769,.T.);
#6744 = FACE_BOUND('',#6745,.T.);
#6745 = EDGE_LOOP('',(#6746,#6756,#6762,#6763));
#6746 = ORIENTED_EDGE('',*,*,#6747,.F.);
#6747 = EDGE_CURVE('',#6748,#6750,#6752,.T.);
#6748 = VERTEX_POINT('',#6749);
#6749 = CARTESIAN_POINT('',(1.033579849447E+03,3.,695.27350269189));
#6750 = VERTEX_POINT('',#6751);
#6751 = CARTESIAN_POINT('',(1.080579849447E+03,3.,695.27350269189));
#6752 = LINE('',#6753,#6754);
#6753 = CARTESIAN_POINT('',(962.57984944671,3.,695.27350269189));
#6754 = VECTOR('',#6755,1.);
#6755 = DIRECTION('',(1.,0.,-0.));
#6756 = ORIENTED_EDGE('',*,*,#6757,.F.);
#6757 = EDGE_CURVE('',#6477,#6748,#6758,.T.);
#6758 = LINE('',#6759,#6760);
#6759 = CARTESIAN_POINT('',(1.033579849447E+03,-3.,695.27350269189));
#6760 = VECTOR('',#6761,1.);
#6761 = DIRECTION('',(-0.,1.,0.));
#6762 = ORIENTED_EDGE('',*,*,#6476,.T.);
#6763 = ORIENTED_EDGE('',*,*,#6764,.F.);
#6764 = EDGE_CURVE('',#6750,#6469,#6765,.T.);
#6765 = LINE('',#6766,#6767);
#6766 = CARTESIAN_POINT('',(1.080579849447E+03,-3.,695.27350269189));
#6767 = VECTOR('',#6768,1.);
#6768 = DIRECTION('',(0.,-1.,0.));
#6769 = PLANE('',#6770);
#6770 = AXIS2_PLACEMENT_3D('',#6771,#6772,#6773);
#6771 = CARTESIAN_POINT('',(962.57984944671,-3.,695.27350269189));
#6772 = DIRECTION('',(0.,0.,1.));
#6773 = DIRECTION('',(1.,0.,-0.));
#6774 = ADVANCED_FACE('',(#6775),#6793,.F.);
#6775 = FACE_BOUND('',#6776,.F.);
#6776 = EDGE_LOOP('',(#6777,#6778,#6779,#6787));
#6777 = ORIENTED_EDGE('',*,*,#6468,.F.);
#6778 = ORIENTED_EDGE('',*,*,#6764,.F.);
#6779 = ORIENTED_EDGE('',*,*,#6780,.T.);
#6780 = EDGE_CURVE('',#6750,#6781,#6783,.T.);
#6781 = VERTEX_POINT('',#6782);
#6782 = CARTESIAN_POINT('',(1.080579849447E+03,3.,1.311273502692E+03));
#6783 = LINE('',#6784,#6785);
#6784 = CARTESIAN_POINT('',(1.080579849447E+03,3.,683.27350269189));
#6785 = VECTOR('',#6786,1.);
#6786 = DIRECTION('',(0.,0.,1.));
#6787 = ORIENTED_EDGE('',*,*,#6788,.T.);
#6788 = EDGE_CURVE('',#6781,#6461,#6789,.T.);
#6789 = LINE('',#6790,#6791);
#6790 = CARTESIAN_POINT('',(1.080579849447E+03,-3.,1.311273502692E+03));
#6791 = VECTOR('',#6792,1.);
#6792 = DIRECTION('',(0.,-1.,0.));
#6793 = PLANE('',#6794);
#6794 = AXIS2_PLACEMENT_3D('',#6795,#6796,#6797);
#6795 = CARTESIAN_POINT('',(1.080579849447E+03,-3.,683.27350269189));
#6796 = DIRECTION('',(1.,0.,-0.));
#6797 = DIRECTION('',(0.,0.,1.));
#6798 = ADVANCED_FACE('',(#6799),#6817,.T.);
#6799 = FACE_BOUND('',#6800,.T.);
#6800 = EDGE_LOOP('',(#6801,#6802,#6803,#6811));
#6801 = ORIENTED_EDGE('',*,*,#6484,.F.);
#6802 = ORIENTED_EDGE('',*,*,#6757,.T.);
#6803 = ORIENTED_EDGE('',*,*,#6804,.T.);
#6804 = EDGE_CURVE('',#6748,#6805,#6807,.T.);
#6805 = VERTEX_POINT('',#6806);
#6806 = CARTESIAN_POINT('',(1.033579849447E+03,3.,753.27350269189));
#6807 = LINE('',#6808,#6809);
#6808 = CARTESIAN_POINT('',(1.033579849447E+03,3.,695.27350269189));
#6809 = VECTOR('',#6810,1.);
#6810 = DIRECTION('',(0.,0.,1.));
#6811 = ORIENTED_EDGE('',*,*,#6812,.F.);
#6812 = EDGE_CURVE('',#6485,#6805,#6813,.T.);
#6813 = LINE('',#6814,#6815);
#6814 = CARTESIAN_POINT('',(1.033579849447E+03,-3.,753.27350269189));
#6815 = VECTOR('',#6816,1.);
#6816 = DIRECTION('',(-0.,1.,0.));
#6817 = PLANE('',#6818);
#6818 = AXIS2_PLACEMENT_3D('',#6819,#6820,#6821);
#6819 = CARTESIAN_POINT('',(1.033579849447E+03,-3.,695.27350269189));
#6820 = DIRECTION('',(1.,0.,-0.));
#6821 = DIRECTION('',(0.,0.,1.));
#6822 = ADVANCED_FACE('',(#6823),#6841,.T.);
#6823 = FACE_BOUND('',#6824,.T.);
#6824 = EDGE_LOOP('',(#6825,#6826,#6827,#6835));
#6825 = ORIENTED_EDGE('',*,*,#6492,.F.);
#6826 = ORIENTED_EDGE('',*,*,#6812,.T.);
#6827 = ORIENTED_EDGE('',*,*,#6828,.T.);
#6828 = EDGE_CURVE('',#6805,#6829,#6831,.T.);
#6829 = VERTEX_POINT('',#6830);
#6830 = CARTESIAN_POINT('',(1.057579849447E+03,3.,753.27350269189));
#6831 = LINE('',#6832,#6833);
#6832 = CARTESIAN_POINT('',(997.57984944671,3.,753.27350269189));
#6833 = VECTOR('',#6834,1.);
#6834 = DIRECTION('',(1.,0.,-0.));
#6835 = ORIENTED_EDGE('',*,*,#6836,.F.);
#6836 = EDGE_CURVE('',#6493,#6829,#6837,.T.);
#6837 = LINE('',#6838,#6839);
#6838 = CARTESIAN_POINT('',(1.057579849447E+03,-3.,753.27350269189));
#6839 = VECTOR('',#6840,1.);
#6840 = DIRECTION('',(-0.,1.,0.));
#6841 = PLANE('',#6842);
#6842 = AXIS2_PLACEMENT_3D('',#6843,#6844,#6845);
#6843 = CARTESIAN_POINT('',(1.027579849447E+03,0.,753.27350269189));
#6844 = DIRECTION('',(-0.,-0.,-1.));
#6845 = DIRECTION('',(-1.,0.,0.));
#6846 = ADVANCED_FACE('',(#6847),#6858,.T.);
#6847 = FACE_BOUND('',#6848,.T.);
#6848 = EDGE_LOOP('',(#6849,#6850,#6856,#6857));
#6849 = ORIENTED_EDGE('',*,*,#6836,.T.);
#6850 = ORIENTED_EDGE('',*,*,#6851,.T.);
#6851 = EDGE_CURVE('',#6829,#6726,#6852,.T.);
#6852 = LINE('',#6853,#6854);
#6853 = CARTESIAN_POINT('',(1.057579849447E+03,3.,753.27350269189));
#6854 = VECTOR('',#6855,1.);
#6855 = DIRECTION('',(0.,0.,1.));
#6856 = ORIENTED_EDGE('',*,*,#6725,.F.);
#6857 = ORIENTED_EDGE('',*,*,#6500,.F.);
#6858 = PLANE('',#6859);
#6859 = AXIS2_PLACEMENT_3D('',#6860,#6861,#6862);
#6860 = CARTESIAN_POINT('',(1.057579849447E+03,-3.,753.27350269189));
#6861 = DIRECTION('',(1.,0.,-0.));
#6862 = DIRECTION('',(0.,0.,1.));
#6863 = ADVANCED_FACE('',(#6864),#6889,.T.);
#6864 = FACE_BOUND('',#6865,.T.);
#6865 = EDGE_LOOP('',(#6866,#6874,#6875,#6883));
#6866 = ORIENTED_EDGE('',*,*,#6867,.T.);
#6867 = EDGE_CURVE('',#6868,#6557,#6870,.T.);
#6868 = VERTEX_POINT('',#6869);
#6869 = CARTESIAN_POINT('',(1.009579849447E+03,3.,765.27350269189));
#6870 = LINE('',#6871,#6872);
#6871 = CARTESIAN_POINT('',(1.009579849447E+03,-3.,765.27350269189));
#6872 = VECTOR('',#6873,1.);
#6873 = DIRECTION('',(0.,-1.,0.));
#6874 = ORIENTED_EDGE('',*,*,#6556,.T.);
#6875 = ORIENTED_EDGE('',*,*,#6876,.F.);
#6876 = EDGE_CURVE('',#6877,#6559,#6879,.T.);
#6877 = VERTEX_POINT('',#6878);
#6878 = CARTESIAN_POINT('',(1.045579849447E+03,3.,765.27350269189));
#6879 = LINE('',#6880,#6881);
#6880 = CARTESIAN_POINT('',(1.045579849447E+03,-3.,765.27350269189));
#6881 = VECTOR('',#6882,1.);
#6882 = DIRECTION('',(0.,-1.,0.));
#6883 = ORIENTED_EDGE('',*,*,#6884,.F.);
#6884 = EDGE_CURVE('',#6868,#6877,#6885,.T.);
#6885 = LINE('',#6886,#6887);
#6886 = CARTESIAN_POINT('',(997.57984944671,3.,765.27350269189));
#6887 = VECTOR('',#6888,1.);
#6888 = DIRECTION('',(1.,0.,-0.));
#6889 = PLANE('',#6890);
#6890 = AXIS2_PLACEMENT_3D('',#6891,#6892,#6893);
#6891 = CARTESIAN_POINT('',(997.57984944671,-3.,765.27350269189));
#6892 = DIRECTION('',(0.,0.,1.));
#6893 = DIRECTION('',(1.,0.,-0.));
#6894 = ADVANCED_FACE('',(#6895),#6913,.T.);
#6895 = FACE_BOUND('',#6896,.T.);
#6896 = EDGE_LOOP('',(#6897,#6898,#6899,#6907));
#6897 = ORIENTED_EDGE('',*,*,#6566,.F.);
#6898 = ORIENTED_EDGE('',*,*,#6867,.F.);
#6899 = ORIENTED_EDGE('',*,*,#6900,.T.);
#6900 = EDGE_CURVE('',#6868,#6901,#6903,.T.);
#6901 = VERTEX_POINT('',#6902);
#6902 = CARTESIAN_POINT('',(1.009579849447E+03,3.,1.241273502692E+03));
#6903 = LINE('',#6904,#6905);
#6904 = CARTESIAN_POINT('',(1.009579849447E+03,3.,753.27350269189));
#6905 = VECTOR('',#6906,1.);
#6906 = DIRECTION('',(0.,0.,1.));
#6907 = ORIENTED_EDGE('',*,*,#6908,.T.);
#6908 = EDGE_CURVE('',#6901,#6567,#6909,.T.);
#6909 = LINE('',#6910,#6911);
#6910 = CARTESIAN_POINT('',(1.009579849447E+03,-3.,1.241273502692E+03));
#6911 = VECTOR('',#6912,1.);
#6912 = DIRECTION('',(0.,-1.,0.));
#6913 = PLANE('',#6914);
#6914 = AXIS2_PLACEMENT_3D('',#6915,#6916,#6917);
#6915 = CARTESIAN_POINT('',(1.009579849447E+03,-3.,753.27350269189));
#6916 = DIRECTION('',(1.,0.,-0.));
#6917 = DIRECTION('',(0.,0.,1.));
#6918 = ADVANCED_FACE('',(#6919),#6937,.F.);
#6919 = FACE_BOUND('',#6920,.F.);
#6920 = EDGE_LOOP('',(#6921,#6922,#6923,#6931));
#6921 = ORIENTED_EDGE('',*,*,#6908,.T.);
#6922 = ORIENTED_EDGE('',*,*,#6574,.T.);
#6923 = ORIENTED_EDGE('',*,*,#6924,.F.);
#6924 = EDGE_CURVE('',#6925,#6575,#6927,.T.);
#6925 = VERTEX_POINT('',#6926);
#6926 = CARTESIAN_POINT('',(1.045579849447E+03,3.,1.241273502692E+03));
#6927 = LINE('',#6928,#6929);
#6928 = CARTESIAN_POINT('',(1.045579849447E+03,-3.,1.241273502692E+03));
#6929 = VECTOR('',#6930,1.);
#6930 = DIRECTION('',(0.,-1.,0.));
#6931 = ORIENTED_EDGE('',*,*,#6932,.F.);
#6932 = EDGE_CURVE('',#6901,#6925,#6933,.T.);
#6933 = LINE('',#6934,#6935);
#6934 = CARTESIAN_POINT('',(997.57984944671,3.,1.241273502692E+03));
#6935 = VECTOR('',#6936,1.);
#6936 = DIRECTION('',(1.,0.,-0.));
#6937 = PLANE('',#6938);
#6938 = AXIS2_PLACEMENT_3D('',#6939,#6940,#6941);
#6939 = CARTESIAN_POINT('',(997.57984944671,-3.,1.241273502692E+03));
#6940 = DIRECTION('',(0.,0.,1.));
#6941 = DIRECTION('',(1.,0.,-0.));
#6942 = ADVANCED_FACE('',(#6943),#6954,.F.);
#6943 = FACE_BOUND('',#6944,.F.);
#6944 = EDGE_LOOP('',(#6945,#6946,#6947,#6953));
#6945 = ORIENTED_EDGE('',*,*,#6582,.F.);
#6946 = ORIENTED_EDGE('',*,*,#6876,.F.);
#6947 = ORIENTED_EDGE('',*,*,#6948,.T.);
#6948 = EDGE_CURVE('',#6877,#6925,#6949,.T.);
#6949 = LINE('',#6950,#6951);
#6950 = CARTESIAN_POINT('',(1.045579849447E+03,3.,753.27350269189));
#6951 = VECTOR('',#6952,1.);
#6952 = DIRECTION('',(0.,0.,1.));
#6953 = ORIENTED_EDGE('',*,*,#6924,.T.);
#6954 = PLANE('',#6955);
#6955 = AXIS2_PLACEMENT_3D('',#6956,#6957,#6958);
#6956 = CARTESIAN_POINT('',(1.045579849447E+03,-3.,753.27350269189));
#6957 = DIRECTION('',(1.,0.,-0.));
#6958 = DIRECTION('',(0.,0.,1.));
#6959 = ADVANCED_FACE('',(#6960,#6974,#6993),#6999,.T.);
#6960 = FACE_BOUND('',#6961,.T.);
#6961 = EDGE_LOOP('',(#6962,#6963,#6964,#6965,#6966,#6967,#6968,#6969,
    #6970,#6971,#6972,#6973));
#6962 = ORIENTED_EDGE('',*,*,#6152,.F.);
#6963 = ORIENTED_EDGE('',*,*,#6090,.T.);
#6964 = ORIENTED_EDGE('',*,*,#6129,.T.);
#6965 = ORIENTED_EDGE('',*,*,#6190,.F.);
#6966 = ORIENTED_EDGE('',*,*,#6246,.F.);
#6967 = ORIENTED_EDGE('',*,*,#6314,.F.);
#6968 = ORIENTED_EDGE('',*,*,#6346,.T.);
#6969 = ORIENTED_EDGE('',*,*,#6370,.F.);
#6970 = ORIENTED_EDGE('',*,*,#6407,.F.);
#6971 = ORIENTED_EDGE('',*,*,#6429,.F.);
#6972 = ORIENTED_EDGE('',*,*,#6284,.F.);
#6973 = ORIENTED_EDGE('',*,*,#6221,.T.);
#6974 = FACE_BOUND('',#6975,.T.);
#6975 = EDGE_LOOP('',(#6976,#6977,#6978,#6979,#6980,#6981,#6982,#6983,
    #6984,#6985,#6986,#6992));
#6976 = ORIENTED_EDGE('',*,*,#6627,.T.);
#6977 = ORIENTED_EDGE('',*,*,#6653,.T.);
#6978 = ORIENTED_EDGE('',*,*,#6684,.F.);
#6979 = ORIENTED_EDGE('',*,*,#6708,.T.);
#6980 = ORIENTED_EDGE('',*,*,#6733,.T.);
#6981 = ORIENTED_EDGE('',*,*,#6851,.F.);
#6982 = ORIENTED_EDGE('',*,*,#6828,.F.);
#6983 = ORIENTED_EDGE('',*,*,#6804,.F.);
#6984 = ORIENTED_EDGE('',*,*,#6747,.T.);
#6985 = ORIENTED_EDGE('',*,*,#6780,.T.);
#6986 = ORIENTED_EDGE('',*,*,#6987,.F.);
#6987 = EDGE_CURVE('',#6606,#6781,#6988,.T.);
#6988 = LINE('',#6989,#6990);
#6989 = CARTESIAN_POINT('',(962.57984944671,3.,1.311273502692E+03));
#6990 = VECTOR('',#6991,1.);
#6991 = DIRECTION('',(1.,0.,-0.));
#6992 = ORIENTED_EDGE('',*,*,#6605,.F.);
#6993 = FACE_BOUND('',#6994,.T.);
#6994 = EDGE_LOOP('',(#6995,#6996,#6997,#6998));
#6995 = ORIENTED_EDGE('',*,*,#6884,.T.);
#6996 = ORIENTED_EDGE('',*,*,#6948,.T.);
#6997 = ORIENTED_EDGE('',*,*,#6932,.F.);
#6998 = ORIENTED_EDGE('',*,*,#6900,.F.);
#6999 = PLANE('',#7000);
#7000 = AXIS2_PLACEMENT_3D('',#7001,#7002,#7003);
#7001 = CARTESIAN_POINT('',(1.02759883533E+03,3.,1.067842956582E+03));
#7002 = DIRECTION('',(0.,1.,0.));
#7003 = DIRECTION('',(0.,-0.,1.));
#7004 = ADVANCED_FACE('',(#7005),#7011,.F.);
#7005 = FACE_BOUND('',#7006,.T.);
#7006 = EDGE_LOOP('',(#7007,#7008,#7009,#7010));
#7007 = ORIENTED_EDGE('',*,*,#6987,.T.);
#7008 = ORIENTED_EDGE('',*,*,#6788,.T.);
#7009 = ORIENTED_EDGE('',*,*,#6458,.F.);
#7010 = ORIENTED_EDGE('',*,*,#6613,.F.);
#7011 = PLANE('',#7012);
#7012 = AXIS2_PLACEMENT_3D('',#7013,#7014,#7015);
#7013 = CARTESIAN_POINT('',(962.57984944671,-3.,1.311273502692E+03));
#7014 = DIRECTION('',(0.,0.,1.));
#7015 = DIRECTION('',(1.,0.,-0.));
#7016 = ( GEOMETRIC_REPRESENTATION_CONTEXT(3) 
GLOBAL_UNCERTAINTY_ASSIGNED_CONTEXT((#7020)) 
GLOBAL_UNIT_ASSIGNED_CONTEXT((#7017,#7018,#7019)) REPRESENTATION_CONTEXT
('Context #1','3D Context with UNIT and UNCERTAINTY') );
#7017 = ( LENGTH_UNIT() NAMED_UNIT(*) SI_UNIT(.MILLI.,.METRE.) );
#7018 = ( NAMED_UNIT(*) PLANE_ANGLE_UNIT() SI_UNIT($,.RADIAN.) );
#7019 = ( NAMED_UNIT(*) SI_UNIT($,.STERADIAN.) SOLID_ANGLE_UNIT() );
#7020 = UNCERTAINTY_MEASURE_WITH_UNIT(LENGTH_MEASURE(1.E-07),#7017,
  'distance_accuracy_value','confusion accuracy');
#7021 = CONTEXT_DEPENDENT_SHAPE_REPRESENTATION(#7022,#7024);
#7022 = ( REPRESENTATION_RELATIONSHIP('','',#6065,#10) 
REPRESENTATION_RELATIONSHIP_WITH_TRANSFORMATION(#7023) 
SHAPE_REPRESENTATION_RELATIONSHIP() );
#7023 = ITEM_DEFINED_TRANSFORMATION('','',#11,#51);
#7024 = PRODUCT_DEFINITION_SHAPE('Placement','Placement of an item',
  #7025);
#7025 = NEXT_ASSEMBLY_USAGE_OCCURRENCE('137','Motiv 05','',#5,#6060,$);
#7026 = PRODUCT_RELATED_PRODUCT_CATEGORY('part',$,(#6062));
#7027 = SHAPE_DEFINITION_REPRESENTATION(#7028,#7034);
#7028 = PRODUCT_DEFINITION_SHAPE('','',#7029);
#7029 = PRODUCT_DEFINITION('design','',#7030,#7033);
#7030 = PRODUCT_DEFINITION_FORMATION('','',#7031);
#7031 = PRODUCT('Patka 05','Patka 05','',(#7032));
#7032 = PRODUCT_CONTEXT('',#2,'mechanical');
#7033 = PRODUCT_DEFINITION_CONTEXT('part definition',#2,'design');
#7034 = ADVANCED_BREP_SHAPE_REPRESENTATION('',(#11,#7035),#7263);
#7035 = MANIFOLD_SOLID_BREP('',#7036);
#7036 = CLOSED_SHELL('',(#7037,#7077,#7108,#7154,#7178,#7217,#7229,#7246
    ));
#7037 = ADVANCED_FACE('',(#7038),#7072,.F.);
#7038 = FACE_BOUND('',#7039,.F.);
#7039 = EDGE_LOOP('',(#7040,#7050,#7058,#7066));
#7040 = ORIENTED_EDGE('',*,*,#7041,.F.);
#7041 = EDGE_CURVE('',#7042,#7044,#7046,.T.);
#7042 = VERTEX_POINT('',#7043);
#7043 = CARTESIAN_POINT('',(997.57984944671,-40.,587.27350269189));
#7044 = VERTEX_POINT('',#7045);
#7045 = CARTESIAN_POINT('',(997.57984944671,-40.,593.27350269189));
#7046 = LINE('',#7047,#7048);
#7047 = CARTESIAN_POINT('',(997.57984944671,-40.,587.27350269189));
#7048 = VECTOR('',#7049,1.);
#7049 = DIRECTION('',(0.,0.,1.));
#7050 = ORIENTED_EDGE('',*,*,#7051,.T.);
#7051 = EDGE_CURVE('',#7042,#7052,#7054,.T.);
#7052 = VERTEX_POINT('',#7053);
#7053 = CARTESIAN_POINT('',(997.57984944671,40.,587.27350269189));
#7054 = LINE('',#7055,#7056);
#7055 = CARTESIAN_POINT('',(997.57984944671,-40.,587.27350269189));
#7056 = VECTOR('',#7057,1.);
#7057 = DIRECTION('',(-0.,1.,0.));
#7058 = ORIENTED_EDGE('',*,*,#7059,.T.);
#7059 = EDGE_CURVE('',#7052,#7060,#7062,.T.);
#7060 = VERTEX_POINT('',#7061);
#7061 = CARTESIAN_POINT('',(997.57984944671,40.,593.27350269189));
#7062 = LINE('',#7063,#7064);
#7063 = CARTESIAN_POINT('',(997.57984944671,40.,587.27350269189));
#7064 = VECTOR('',#7065,1.);
#7065 = DIRECTION('',(0.,0.,1.));
#7066 = ORIENTED_EDGE('',*,*,#7067,.F.);
#7067 = EDGE_CURVE('',#7044,#7060,#7068,.T.);
#7068 = LINE('',#7069,#7070);
#7069 = CARTESIAN_POINT('',(997.57984944671,-40.,593.27350269189));
#7070 = VECTOR('',#7071,1.);
#7071 = DIRECTION('',(-0.,1.,0.));
#7072 = PLANE('',#7073);
#7073 = AXIS2_PLACEMENT_3D('',#7074,#7075,#7076);
#7074 = CARTESIAN_POINT('',(997.57984944671,-40.,587.27350269189));
#7075 = DIRECTION('',(1.,0.,-0.));
#7076 = DIRECTION('',(0.,0.,1.));
#7077 = ADVANCED_FACE('',(#7078),#7103,.F.);
#7078 = FACE_BOUND('',#7079,.F.);
#7079 = EDGE_LOOP('',(#7080,#7088,#7089,#7097));
#7080 = ORIENTED_EDGE('',*,*,#7081,.F.);
#7081 = EDGE_CURVE('',#7042,#7082,#7084,.T.);
#7082 = VERTEX_POINT('',#7083);
#7083 = CARTESIAN_POINT('',(1.057579849447E+03,-40.,587.27350269189));
#7084 = LINE('',#7085,#7086);
#7085 = CARTESIAN_POINT('',(997.57984944671,-40.,587.27350269189));
#7086 = VECTOR('',#7087,1.);
#7087 = DIRECTION('',(1.,0.,-0.));
#7088 = ORIENTED_EDGE('',*,*,#7041,.T.);
#7089 = ORIENTED_EDGE('',*,*,#7090,.T.);
#7090 = EDGE_CURVE('',#7044,#7091,#7093,.T.);
#7091 = VERTEX_POINT('',#7092);
#7092 = CARTESIAN_POINT('',(1.057579849447E+03,-40.,593.27350269189));
#7093 = LINE('',#7094,#7095);
#7094 = CARTESIAN_POINT('',(997.57984944671,-40.,593.27350269189));
#7095 = VECTOR('',#7096,1.);
#7096 = DIRECTION('',(1.,0.,-0.));
#7097 = ORIENTED_EDGE('',*,*,#7098,.F.);
#7098 = EDGE_CURVE('',#7082,#7091,#7099,.T.);
#7099 = LINE('',#7100,#7101);
#7100 = CARTESIAN_POINT('',(1.057579849447E+03,-40.,587.27350269189));
#7101 = VECTOR('',#7102,1.);
#7102 = DIRECTION('',(0.,0.,1.));
#7103 = PLANE('',#7104);
#7104 = AXIS2_PLACEMENT_3D('',#7105,#7106,#7107);
#7105 = CARTESIAN_POINT('',(997.57984944671,-40.,587.27350269189));
#7106 = DIRECTION('',(-0.,1.,0.));
#7107 = DIRECTION('',(0.,0.,1.));
#7108 = ADVANCED_FACE('',(#7109,#7127,#7138),#7149,.T.);
#7109 = FACE_BOUND('',#7110,.T.);
#7110 = EDGE_LOOP('',(#7111,#7112,#7113,#7121));
#7111 = ORIENTED_EDGE('',*,*,#7067,.F.);
#7112 = ORIENTED_EDGE('',*,*,#7090,.T.);
#7113 = ORIENTED_EDGE('',*,*,#7114,.T.);
#7114 = EDGE_CURVE('',#7091,#7115,#7117,.T.);
#7115 = VERTEX_POINT('',#7116);
#7116 = CARTESIAN_POINT('',(1.057579849447E+03,40.,593.27350269189));
#7117 = LINE('',#7118,#7119);
#7118 = CARTESIAN_POINT('',(1.057579849447E+03,-40.,593.27350269189));
#7119 = VECTOR('',#7120,1.);
#7120 = DIRECTION('',(-0.,1.,0.));
#7121 = ORIENTED_EDGE('',*,*,#7122,.F.);
#7122 = EDGE_CURVE('',#7060,#7115,#7123,.T.);
#7123 = LINE('',#7124,#7125);
#7124 = CARTESIAN_POINT('',(997.57984944671,40.,593.27350269189));
#7125 = VECTOR('',#7126,1.);
#7126 = DIRECTION('',(1.,0.,-0.));
#7127 = FACE_BOUND('',#7128,.T.);
#7128 = EDGE_LOOP('',(#7129));
#7129 = ORIENTED_EDGE('',*,*,#7130,.F.);
#7130 = EDGE_CURVE('',#7131,#7131,#7133,.T.);
#7131 = VERTEX_POINT('',#7132);
#7132 = CARTESIAN_POINT('',(1.033079849447E+03,-25.,593.27350269189));
#7133 = CIRCLE('',#7134,5.5);
#7134 = AXIS2_PLACEMENT_3D('',#7135,#7136,#7137);
#7135 = CARTESIAN_POINT('',(1.027579849447E+03,-25.,593.27350269189));
#7136 = DIRECTION('',(0.,0.,1.));
#7137 = DIRECTION('',(1.,0.,-0.));
#7138 = FACE_BOUND('',#7139,.T.);
#7139 = EDGE_LOOP('',(#7140));
#7140 = ORIENTED_EDGE('',*,*,#7141,.F.);
#7141 = EDGE_CURVE('',#7142,#7142,#7144,.T.);
#7142 = VERTEX_POINT('',#7143);
#7143 = CARTESIAN_POINT('',(1.033079849447E+03,25.,593.27350269189));
#7144 = CIRCLE('',#7145,5.5);
#7145 = AXIS2_PLACEMENT_3D('',#7146,#7147,#7148);
#7146 = CARTESIAN_POINT('',(1.027579849447E+03,25.,593.27350269189));
#7147 = DIRECTION('',(0.,0.,1.));
#7148 = DIRECTION('',(1.,0.,-0.));
#7149 = PLANE('',#7150);
#7150 = AXIS2_PLACEMENT_3D('',#7151,#7152,#7153);
#7151 = CARTESIAN_POINT('',(997.57984944671,-40.,593.27350269189));
#7152 = DIRECTION('',(0.,0.,1.));
#7153 = DIRECTION('',(1.,0.,-0.));
#7154 = ADVANCED_FACE('',(#7155),#7173,.T.);
#7155 = FACE_BOUND('',#7156,.T.);
#7156 = EDGE_LOOP('',(#7157,#7165,#7166,#7167));
#7157 = ORIENTED_EDGE('',*,*,#7158,.F.);
#7158 = EDGE_CURVE('',#7052,#7159,#7161,.T.);
#7159 = VERTEX_POINT('',#7160);
#7160 = CARTESIAN_POINT('',(1.057579849447E+03,40.,587.27350269189));
#7161 = LINE('',#7162,#7163);
#7162 = CARTESIAN_POINT('',(997.57984944671,40.,587.27350269189));
#7163 = VECTOR('',#7164,1.);
#7164 = DIRECTION('',(1.,0.,-0.));
#7165 = ORIENTED_EDGE('',*,*,#7059,.T.);
#7166 = ORIENTED_EDGE('',*,*,#7122,.T.);
#7167 = ORIENTED_EDGE('',*,*,#7168,.F.);
#7168 = EDGE_CURVE('',#7159,#7115,#7169,.T.);
#7169 = LINE('',#7170,#7171);
#7170 = CARTESIAN_POINT('',(1.057579849447E+03,40.,587.27350269189));
#7171 = VECTOR('',#7172,1.);
#7172 = DIRECTION('',(0.,0.,1.));
#7173 = PLANE('',#7174);
#7174 = AXIS2_PLACEMENT_3D('',#7175,#7176,#7177);
#7175 = CARTESIAN_POINT('',(997.57984944671,40.,587.27350269189));
#7176 = DIRECTION('',(-0.,1.,0.));
#7177 = DIRECTION('',(0.,0.,1.));
#7178 = ADVANCED_FACE('',(#7179,#7190,#7201),#7212,.F.);
#7179 = FACE_BOUND('',#7180,.F.);
#7180 = EDGE_LOOP('',(#7181,#7182,#7183,#7189));
#7181 = ORIENTED_EDGE('',*,*,#7051,.F.);
#7182 = ORIENTED_EDGE('',*,*,#7081,.T.);
#7183 = ORIENTED_EDGE('',*,*,#7184,.T.);
#7184 = EDGE_CURVE('',#7082,#7159,#7185,.T.);
#7185 = LINE('',#7186,#7187);
#7186 = CARTESIAN_POINT('',(1.057579849447E+03,-40.,587.27350269189));
#7187 = VECTOR('',#7188,1.);
#7188 = DIRECTION('',(-0.,1.,0.));
#7189 = ORIENTED_EDGE('',*,*,#7158,.F.);
#7190 = FACE_BOUND('',#7191,.F.);
#7191 = EDGE_LOOP('',(#7192));
#7192 = ORIENTED_EDGE('',*,*,#7193,.F.);
#7193 = EDGE_CURVE('',#7194,#7194,#7196,.T.);
#7194 = VERTEX_POINT('',#7195);
#7195 = CARTESIAN_POINT('',(1.033079849447E+03,-25.,587.27350269189));
#7196 = CIRCLE('',#7197,5.5);
#7197 = AXIS2_PLACEMENT_3D('',#7198,#7199,#7200);
#7198 = CARTESIAN_POINT('',(1.027579849447E+03,-25.,587.27350269189));
#7199 = DIRECTION('',(0.,0.,1.));
#7200 = DIRECTION('',(1.,0.,-0.));
#7201 = FACE_BOUND('',#7202,.F.);
#7202 = EDGE_LOOP('',(#7203));
#7203 = ORIENTED_EDGE('',*,*,#7204,.F.);
#7204 = EDGE_CURVE('',#7205,#7205,#7207,.T.);
#7205 = VERTEX_POINT('',#7206);
#7206 = CARTESIAN_POINT('',(1.033079849447E+03,25.,587.27350269189));
#7207 = CIRCLE('',#7208,5.5);
#7208 = AXIS2_PLACEMENT_3D('',#7209,#7210,#7211);
#7209 = CARTESIAN_POINT('',(1.027579849447E+03,25.,587.27350269189));
#7210 = DIRECTION('',(0.,0.,1.));
#7211 = DIRECTION('',(1.,0.,-0.));
#7212 = PLANE('',#7213);
#7213 = AXIS2_PLACEMENT_3D('',#7214,#7215,#7216);
#7214 = CARTESIAN_POINT('',(997.57984944671,-40.,587.27350269189));
#7215 = DIRECTION('',(0.,0.,1.));
#7216 = DIRECTION('',(1.,0.,-0.));
#7217 = ADVANCED_FACE('',(#7218),#7224,.T.);
#7218 = FACE_BOUND('',#7219,.T.);
#7219 = EDGE_LOOP('',(#7220,#7221,#7222,#7223));
#7220 = ORIENTED_EDGE('',*,*,#7098,.F.);
#7221 = ORIENTED_EDGE('',*,*,#7184,.T.);
#7222 = ORIENTED_EDGE('',*,*,#7168,.T.);
#7223 = ORIENTED_EDGE('',*,*,#7114,.F.);
#7224 = PLANE('',#7225);
#7225 = AXIS2_PLACEMENT_3D('',#7226,#7227,#7228);
#7226 = CARTESIAN_POINT('',(1.057579849447E+03,-40.,587.27350269189));
#7227 = DIRECTION('',(1.,0.,-0.));
#7228 = DIRECTION('',(0.,0.,1.));
#7229 = ADVANCED_FACE('',(#7230),#7241,.F.);
#7230 = FACE_BOUND('',#7231,.F.);
#7231 = EDGE_LOOP('',(#7232,#7233,#7239,#7240));
#7232 = ORIENTED_EDGE('',*,*,#7130,.F.);
#7233 = ORIENTED_EDGE('',*,*,#7234,.F.);
#7234 = EDGE_CURVE('',#7194,#7131,#7235,.T.);
#7235 = LINE('',#7236,#7237);
#7236 = CARTESIAN_POINT('',(1.033079849447E+03,-25.,586.27350269189));
#7237 = VECTOR('',#7238,1.);
#7238 = DIRECTION('',(0.,0.,1.));
#7239 = ORIENTED_EDGE('',*,*,#7193,.T.);
#7240 = ORIENTED_EDGE('',*,*,#7234,.T.);
#7241 = CYLINDRICAL_SURFACE('',#7242,5.5);
#7242 = AXIS2_PLACEMENT_3D('',#7243,#7244,#7245);
#7243 = CARTESIAN_POINT('',(1.027579849447E+03,-25.,586.27350269189));
#7244 = DIRECTION('',(0.,0.,1.));
#7245 = DIRECTION('',(1.,0.,-0.));
#7246 = ADVANCED_FACE('',(#7247),#7258,.F.);
#7247 = FACE_BOUND('',#7248,.F.);
#7248 = EDGE_LOOP('',(#7249,#7250,#7256,#7257));
#7249 = ORIENTED_EDGE('',*,*,#7141,.F.);
#7250 = ORIENTED_EDGE('',*,*,#7251,.F.);
#7251 = EDGE_CURVE('',#7205,#7142,#7252,.T.);
#7252 = LINE('',#7253,#7254);
#7253 = CARTESIAN_POINT('',(1.033079849447E+03,25.,586.27350269189));
#7254 = VECTOR('',#7255,1.);
#7255 = DIRECTION('',(0.,0.,1.));
#7256 = ORIENTED_EDGE('',*,*,#7204,.T.);
#7257 = ORIENTED_EDGE('',*,*,#7251,.T.);
#7258 = CYLINDRICAL_SURFACE('',#7259,5.5);
#7259 = AXIS2_PLACEMENT_3D('',#7260,#7261,#7262);
#7260 = CARTESIAN_POINT('',(1.027579849447E+03,25.,586.27350269189));
#7261 = DIRECTION('',(0.,0.,1.));
#7262 = DIRECTION('',(1.,0.,-0.));
#7263 = ( GEOMETRIC_REPRESENTATION_CONTEXT(3) 
GLOBAL_UNCERTAINTY_ASSIGNED_CONTEXT((#7267)) 
GLOBAL_UNIT_ASSIGNED_CONTEXT((#7264,#7265,#7266)) REPRESENTATION_CONTEXT
('Context #1','3D Context with UNIT and UNCERTAINTY') );
#7264 = ( LENGTH_UNIT() NAMED_UNIT(*) SI_UNIT(.MILLI.,.METRE.) );
#7265 = ( NAMED_UNIT(*) PLANE_ANGLE_UNIT() SI_UNIT($,.RADIAN.) );
#7266 = ( NAMED_UNIT(*) SI_UNIT($,.STERADIAN.) SOLID_ANGLE_UNIT() );
#7267 = UNCERTAINTY_MEASURE_WITH_UNIT(LENGTH_MEASURE(1.E-07),#7264,
  'distance_accuracy_value','confusion accuracy');
#7268 = CONTEXT_DEPENDENT_SHAPE_REPRESENTATION(#7269,#7271);
#7269 = ( REPRESENTATION_RELATIONSHIP('','',#7034,#10) 
REPRESENTATION_RELATIONSHIP_WITH_TRANSFORMATION(#7270) 
SHAPE_REPRESENTATION_RELATIONSHIP() );
#7270 = ITEM_DEFINED_TRANSFORMATION('','',#11,#55);
#7271 = PRODUCT_DEFINITION_SHAPE('Placement','Placement of an item',
  #7272);
#7272 = NEXT_ASSEMBLY_USAGE_OCCURRENCE('138','Patka 05','',#5,#7029,$);
#7273 = PRODUCT_RELATED_PRODUCT_CATEGORY('part',$,(#7031));
#7274 = SHAPE_DEFINITION_REPRESENTATION(#7275,#7281);
#7275 = PRODUCT_DEFINITION_SHAPE('','',#7276);
#7276 = PRODUCT_DEFINITION('design','',#7277,#7280);
#7277 = PRODUCT_DEFINITION_FORMATION('','',#7278);
#7278 = PRODUCT('Motiv 06','Motiv 06','',(#7279));
#7279 = PRODUCT_CONTEXT('',#2,'mechanical');
#7280 = PRODUCT_DEFINITION_CONTEXT('part definition',#2,'design');
#7281 = ADVANCED_BREP_SHAPE_REPRESENTATION('',(#11,#7282),#8232);
#7282 = MANIFOLD_SOLID_BREP('',#7283);
#7283 = CLOSED_SHELL('',(#7284,#7324,#7355,#7386,#7417,#7448,#7479,#7510
    ,#7541,#7572,#7603,#7634,#7656,#7808,#7839,#7863,#7887,#7911,#7935,
    #7959,#7990,#8014,#8038,#8062,#8079,#8110,#8134,#8158,#8175,#8220));
#7284 = ADVANCED_FACE('',(#7285),#7319,.F.);
#7285 = FACE_BOUND('',#7286,.T.);
#7286 = EDGE_LOOP('',(#7287,#7297,#7305,#7313));
#7287 = ORIENTED_EDGE('',*,*,#7288,.T.);
#7288 = EDGE_CURVE('',#7289,#7291,#7293,.T.);
#7289 = VERTEX_POINT('',#7290);
#7290 = CARTESIAN_POINT('',(1.179086200393E+03,-3.,808.27350269189));
#7291 = VERTEX_POINT('',#7292);
#7292 = CARTESIAN_POINT('',(1.179086200393E+03,-3.,1.448273502692E+03));
#7293 = LINE('',#7294,#7295);
#7294 = CARTESIAN_POINT('',(1.179086200393E+03,-3.,808.27350269189));
#7295 = VECTOR('',#7296,1.);
#7296 = DIRECTION('',(0.,0.,1.));
#7297 = ORIENTED_EDGE('',*,*,#7298,.T.);
#7298 = EDGE_CURVE('',#7291,#7299,#7301,.T.);
#7299 = VERTEX_POINT('',#7300);
#7300 = CARTESIAN_POINT('',(1.179086200393E+03,3.,1.448273502692E+03));
#7301 = LINE('',#7302,#7303);
#7302 = CARTESIAN_POINT('',(1.179086200393E+03,-3.,1.448273502692E+03));
#7303 = VECTOR('',#7304,1.);
#7304 = DIRECTION('',(-0.,1.,0.));
#7305 = ORIENTED_EDGE('',*,*,#7306,.F.);
#7306 = EDGE_CURVE('',#7307,#7299,#7309,.T.);
#7307 = VERTEX_POINT('',#7308);
#7308 = CARTESIAN_POINT('',(1.179086200393E+03,3.,808.27350269189));
#7309 = LINE('',#7310,#7311);
#7310 = CARTESIAN_POINT('',(1.179086200393E+03,3.,808.27350269189));
#7311 = VECTOR('',#7312,1.);
#7312 = DIRECTION('',(0.,0.,1.));
#7313 = ORIENTED_EDGE('',*,*,#7314,.F.);
#7314 = EDGE_CURVE('',#7289,#7307,#7315,.T.);
#7315 = LINE('',#7316,#7317);
#7316 = CARTESIAN_POINT('',(1.179086200393E+03,-3.,808.27350269189));
#7317 = VECTOR('',#7318,1.);
#7318 = DIRECTION('',(-0.,1.,0.));
#7319 = PLANE('',#7320);
#7320 = AXIS2_PLACEMENT_3D('',#7321,#7322,#7323);
#7321 = CARTESIAN_POINT('',(1.179086200393E+03,-3.,808.27350269189));
#7322 = DIRECTION('',(1.,0.,-0.));
#7323 = DIRECTION('',(0.,0.,1.));
#7324 = ADVANCED_FACE('',(#7325),#7350,.T.);
#7325 = FACE_BOUND('',#7326,.T.);
#7326 = EDGE_LOOP('',(#7327,#7328,#7336,#7344));
#7327 = ORIENTED_EDGE('',*,*,#7298,.F.);
#7328 = ORIENTED_EDGE('',*,*,#7329,.T.);
#7329 = EDGE_CURVE('',#7291,#7330,#7332,.T.);
#7330 = VERTEX_POINT('',#7331);
#7331 = CARTESIAN_POINT('',(1.238086200393E+03,-3.,1.448273502692E+03));
#7332 = LINE('',#7333,#7334);
#7333 = CARTESIAN_POINT('',(1.179086200393E+03,-3.,1.448273502692E+03));
#7334 = VECTOR('',#7335,1.);
#7335 = DIRECTION('',(1.,0.,-0.));
#7336 = ORIENTED_EDGE('',*,*,#7337,.F.);
#7337 = EDGE_CURVE('',#7338,#7330,#7340,.T.);
#7338 = VERTEX_POINT('',#7339);
#7339 = CARTESIAN_POINT('',(1.238086200393E+03,3.,1.448273502692E+03));
#7340 = LINE('',#7341,#7342);
#7341 = CARTESIAN_POINT('',(1.238086200393E+03,-1.5,1.448273502692E+03)
  );
#7342 = VECTOR('',#7343,1.);
#7343 = DIRECTION('',(0.,-1.,0.));
#7344 = ORIENTED_EDGE('',*,*,#7345,.F.);
#7345 = EDGE_CURVE('',#7299,#7338,#7346,.T.);
#7346 = LINE('',#7347,#7348);
#7347 = CARTESIAN_POINT('',(1.297086200393E+03,3.,1.448273502692E+03));
#7348 = VECTOR('',#7349,1.);
#7349 = DIRECTION('',(1.,0.,-0.));
#7350 = PLANE('',#7351);
#7351 = AXIS2_PLACEMENT_3D('',#7352,#7353,#7354);
#7352 = CARTESIAN_POINT('',(1.244086200393E+03,0.,1.448273502692E+03));
#7353 = DIRECTION('',(0.,0.,1.));
#7354 = DIRECTION('',(1.,0.,-0.));
#7355 = ADVANCED_FACE('',(#7356),#7381,.T.);
#7356 = FACE_BOUND('',#7357,.T.);
#7357 = EDGE_LOOP('',(#7358,#7366,#7367,#7375));
#7358 = ORIENTED_EDGE('',*,*,#7359,.F.);
#7359 = EDGE_CURVE('',#7289,#7360,#7362,.T.);
#7360 = VERTEX_POINT('',#7361);
#7361 = CARTESIAN_POINT('',(1.238086200393E+03,-3.,808.27350269189));
#7362 = LINE('',#7363,#7364);
#7363 = CARTESIAN_POINT('',(1.297086200393E+03,-3.,808.27350269189));
#7364 = VECTOR('',#7365,1.);
#7365 = DIRECTION('',(1.,0.,-0.));
#7366 = ORIENTED_EDGE('',*,*,#7314,.T.);
#7367 = ORIENTED_EDGE('',*,*,#7368,.T.);
#7368 = EDGE_CURVE('',#7307,#7369,#7371,.T.);
#7369 = VERTEX_POINT('',#7370);
#7370 = CARTESIAN_POINT('',(1.238086200393E+03,3.,808.27350269189));
#7371 = LINE('',#7372,#7373);
#7372 = CARTESIAN_POINT('',(1.179086200393E+03,3.,808.27350269189));
#7373 = VECTOR('',#7374,1.);
#7374 = DIRECTION('',(1.,0.,-0.));
#7375 = ORIENTED_EDGE('',*,*,#7376,.T.);
#7376 = EDGE_CURVE('',#7369,#7360,#7377,.T.);
#7377 = LINE('',#7378,#7379);
#7378 = CARTESIAN_POINT('',(1.238086200393E+03,-1.5,808.27350269189));
#7379 = VECTOR('',#7380,1.);
#7380 = DIRECTION('',(0.,-1.,0.));
#7381 = PLANE('',#7382);
#7382 = AXIS2_PLACEMENT_3D('',#7383,#7384,#7385);
#7383 = CARTESIAN_POINT('',(1.244086200393E+03,0.,808.27350269189));
#7384 = DIRECTION('',(-0.,-0.,-1.));
#7385 = DIRECTION('',(-1.,0.,0.));
#7386 = ADVANCED_FACE('',(#7387),#7412,.T.);
#7387 = FACE_BOUND('',#7388,.T.);
#7388 = EDGE_LOOP('',(#7389,#7397,#7405,#7411));
#7389 = ORIENTED_EDGE('',*,*,#7390,.F.);
#7390 = EDGE_CURVE('',#7391,#7330,#7393,.T.);
#7391 = VERTEX_POINT('',#7392);
#7392 = CARTESIAN_POINT('',(1.238086200393E+03,-3.,1.678621379542E+03));
#7393 = LINE('',#7394,#7395);
#7394 = CARTESIAN_POINT('',(1.238086200393E+03,-3.,1.678621379542E+03));
#7395 = VECTOR('',#7396,1.);
#7396 = DIRECTION('',(0.,0.,-1.));
#7397 = ORIENTED_EDGE('',*,*,#7398,.T.);
#7398 = EDGE_CURVE('',#7391,#7399,#7401,.T.);
#7399 = VERTEX_POINT('',#7400);
#7400 = CARTESIAN_POINT('',(1.238086200393E+03,3.,1.678621379542E+03));
#7401 = LINE('',#7402,#7403);
#7402 = CARTESIAN_POINT('',(1.238086200393E+03,-3.,1.678621379542E+03));
#7403 = VECTOR('',#7404,1.);
#7404 = DIRECTION('',(0.,1.,0.));
#7405 = ORIENTED_EDGE('',*,*,#7406,.T.);
#7406 = EDGE_CURVE('',#7399,#7338,#7407,.T.);
#7407 = LINE('',#7408,#7409);
#7408 = CARTESIAN_POINT('',(1.238086200393E+03,3.,1.678621379542E+03));
#7409 = VECTOR('',#7410,1.);
#7410 = DIRECTION('',(0.,0.,-1.));
#7411 = ORIENTED_EDGE('',*,*,#7337,.T.);
#7412 = PLANE('',#7413);
#7413 = AXIS2_PLACEMENT_3D('',#7414,#7415,#7416);
#7414 = CARTESIAN_POINT('',(1.238086200393E+03,-3.,1.678621379542E+03));
#7415 = DIRECTION('',(-1.,0.,0.));
#7416 = DIRECTION('',(0.,0.,-1.));
#7417 = ADVANCED_FACE('',(#7418),#7443,.F.);
#7418 = FACE_BOUND('',#7419,.F.);
#7419 = EDGE_LOOP('',(#7420,#7428,#7436,#7442));
#7420 = ORIENTED_EDGE('',*,*,#7421,.F.);
#7421 = EDGE_CURVE('',#7422,#7360,#7424,.T.);
#7422 = VERTEX_POINT('',#7423);
#7423 = CARTESIAN_POINT('',(1.238086200393E+03,-3.,718.27350269189));
#7424 = LINE('',#7425,#7426);
#7425 = CARTESIAN_POINT('',(1.238086200393E+03,-3.,718.27350269189));
#7426 = VECTOR('',#7427,1.);
#7427 = DIRECTION('',(0.,0.,1.));
#7428 = ORIENTED_EDGE('',*,*,#7429,.T.);
#7429 = EDGE_CURVE('',#7422,#7430,#7432,.T.);
#7430 = VERTEX_POINT('',#7431);
#7431 = CARTESIAN_POINT('',(1.238086200393E+03,3.,718.27350269189));
#7432 = LINE('',#7433,#7434);
#7433 = CARTESIAN_POINT('',(1.238086200393E+03,-3.,718.27350269189));
#7434 = VECTOR('',#7435,1.);
#7435 = DIRECTION('',(-0.,1.,0.));
#7436 = ORIENTED_EDGE('',*,*,#7437,.T.);
#7437 = EDGE_CURVE('',#7430,#7369,#7438,.T.);
#7438 = LINE('',#7439,#7440);
#7439 = CARTESIAN_POINT('',(1.238086200393E+03,3.,718.27350269189));
#7440 = VECTOR('',#7441,1.);
#7441 = DIRECTION('',(0.,0.,1.));
#7442 = ORIENTED_EDGE('',*,*,#7376,.T.);
#7443 = PLANE('',#7444);
#7444 = AXIS2_PLACEMENT_3D('',#7445,#7446,#7447);
#7445 = CARTESIAN_POINT('',(1.238086200393E+03,-3.,718.27350269189));
#7446 = DIRECTION('',(1.,0.,-0.));
#7447 = DIRECTION('',(0.,0.,1.));
#7448 = ADVANCED_FACE('',(#7449),#7474,.T.);
#7449 = FACE_BOUND('',#7450,.T.);
#7450 = EDGE_LOOP('',(#7451,#7461,#7467,#7468));
#7451 = ORIENTED_EDGE('',*,*,#7452,.T.);
#7452 = EDGE_CURVE('',#7453,#7455,#7457,.T.);
#7453 = VERTEX_POINT('',#7454);
#7454 = CARTESIAN_POINT('',(1.250086200393E+03,-3.,1.685549582772E+03));
#7455 = VERTEX_POINT('',#7456);
#7456 = CARTESIAN_POINT('',(1.250086200393E+03,3.,1.685549582772E+03));
#7457 = LINE('',#7458,#7459);
#7458 = CARTESIAN_POINT('',(1.250086200393E+03,-3.,1.685549582772E+03));
#7459 = VECTOR('',#7460,1.);
#7460 = DIRECTION('',(0.,1.,0.));
#7461 = ORIENTED_EDGE('',*,*,#7462,.T.);
#7462 = EDGE_CURVE('',#7455,#7399,#7463,.T.);
#7463 = LINE('',#7464,#7465);
#7464 = CARTESIAN_POINT('',(1.250086200393E+03,3.,1.685549582772E+03));
#7465 = VECTOR('',#7466,1.);
#7466 = DIRECTION('',(-0.866025403784,0.,-0.5));
#7467 = ORIENTED_EDGE('',*,*,#7398,.F.);
#7468 = ORIENTED_EDGE('',*,*,#7469,.F.);
#7469 = EDGE_CURVE('',#7453,#7391,#7470,.T.);
#7470 = LINE('',#7471,#7472);
#7471 = CARTESIAN_POINT('',(1.250086200393E+03,-3.,1.685549582772E+03));
#7472 = VECTOR('',#7473,1.);
#7473 = DIRECTION('',(-0.866025403784,0.,-0.5));
#7474 = PLANE('',#7475);
#7475 = AXIS2_PLACEMENT_3D('',#7476,#7477,#7478);
#7476 = CARTESIAN_POINT('',(1.250086200393E+03,-3.,1.685549582772E+03));
#7477 = DIRECTION('',(-0.5,0.,0.866025403784));
#7478 = DIRECTION('',(-0.866025403784,0.,-0.5));
#7479 = ADVANCED_FACE('',(#7480),#7505,.F.);
#7480 = FACE_BOUND('',#7481,.F.);
#7481 = EDGE_LOOP('',(#7482,#7483,#7491,#7499));
#7482 = ORIENTED_EDGE('',*,*,#7429,.F.);
#7483 = ORIENTED_EDGE('',*,*,#7484,.T.);
#7484 = EDGE_CURVE('',#7422,#7485,#7487,.T.);
#7485 = VERTEX_POINT('',#7486);
#7486 = CARTESIAN_POINT('',(1.250086200393E+03,-3.,718.27350269189));
#7487 = LINE('',#7488,#7489);
#7488 = CARTESIAN_POINT('',(1.238086200393E+03,-3.,718.27350269189));
#7489 = VECTOR('',#7490,1.);
#7490 = DIRECTION('',(1.,0.,-0.));
#7491 = ORIENTED_EDGE('',*,*,#7492,.T.);
#7492 = EDGE_CURVE('',#7485,#7493,#7495,.T.);
#7493 = VERTEX_POINT('',#7494);
#7494 = CARTESIAN_POINT('',(1.250086200393E+03,3.,718.27350269189));
#7495 = LINE('',#7496,#7497);
#7496 = CARTESIAN_POINT('',(1.250086200393E+03,-3.,718.27350269189));
#7497 = VECTOR('',#7498,1.);
#7498 = DIRECTION('',(-0.,1.,0.));
#7499 = ORIENTED_EDGE('',*,*,#7500,.F.);
#7500 = EDGE_CURVE('',#7430,#7493,#7501,.T.);
#7501 = LINE('',#7502,#7503);
#7502 = CARTESIAN_POINT('',(1.238086200393E+03,3.,718.27350269189));
#7503 = VECTOR('',#7504,1.);
#7504 = DIRECTION('',(1.,0.,-0.));
#7505 = PLANE('',#7506);
#7506 = AXIS2_PLACEMENT_3D('',#7507,#7508,#7509);
#7507 = CARTESIAN_POINT('',(1.238086200393E+03,-3.,718.27350269189));
#7508 = DIRECTION('',(0.,0.,1.));
#7509 = DIRECTION('',(1.,0.,-0.));
#7510 = ADVANCED_FACE('',(#7511),#7536,.T.);
#7511 = FACE_BOUND('',#7512,.T.);
#7512 = EDGE_LOOP('',(#7513,#7521,#7529,#7535));
#7513 = ORIENTED_EDGE('',*,*,#7514,.F.);
#7514 = EDGE_CURVE('',#7515,#7453,#7517,.T.);
#7515 = VERTEX_POINT('',#7516);
#7516 = CARTESIAN_POINT('',(1.250086200393E+03,-3.,1.448273502692E+03));
#7517 = LINE('',#7518,#7519);
#7518 = CARTESIAN_POINT('',(1.250086200393E+03,-3.,1.436273502692E+03));
#7519 = VECTOR('',#7520,1.);
#7520 = DIRECTION('',(0.,0.,1.));
#7521 = ORIENTED_EDGE('',*,*,#7522,.T.);
#7522 = EDGE_CURVE('',#7515,#7523,#7525,.T.);
#7523 = VERTEX_POINT('',#7524);
#7524 = CARTESIAN_POINT('',(1.250086200393E+03,3.,1.448273502692E+03));
#7525 = LINE('',#7526,#7527);
#7526 = CARTESIAN_POINT('',(1.250086200393E+03,-1.5,1.448273502692E+03)
  );
#7527 = VECTOR('',#7528,1.);
#7528 = DIRECTION('',(0.,1.,0.));
#7529 = ORIENTED_EDGE('',*,*,#7530,.T.);
#7530 = EDGE_CURVE('',#7523,#7455,#7531,.T.);
#7531 = LINE('',#7532,#7533);
#7532 = CARTESIAN_POINT('',(1.250086200393E+03,3.,1.436273502692E+03));
#7533 = VECTOR('',#7534,1.);
#7534 = DIRECTION('',(0.,0.,1.));
#7535 = ORIENTED_EDGE('',*,*,#7452,.F.);
#7536 = PLANE('',#7537);
#7537 = AXIS2_PLACEMENT_3D('',#7538,#7539,#7540);
#7538 = CARTESIAN_POINT('',(1.250086200393E+03,-3.,1.436273502692E+03));
#7539 = DIRECTION('',(1.,0.,0.));
#7540 = DIRECTION('',(0.,0.,1.));
#7541 = ADVANCED_FACE('',(#7542),#7567,.T.);
#7542 = FACE_BOUND('',#7543,.T.);
#7543 = EDGE_LOOP('',(#7544,#7545,#7553,#7561));
#7544 = ORIENTED_EDGE('',*,*,#7522,.F.);
#7545 = ORIENTED_EDGE('',*,*,#7546,.T.);
#7546 = EDGE_CURVE('',#7515,#7547,#7549,.T.);
#7547 = VERTEX_POINT('',#7548);
#7548 = CARTESIAN_POINT('',(1.309086200393E+03,-3.,1.448273502692E+03));
#7549 = LINE('',#7550,#7551);
#7550 = CARTESIAN_POINT('',(1.179086200393E+03,-3.,1.448273502692E+03));
#7551 = VECTOR('',#7552,1.);
#7552 = DIRECTION('',(1.,0.,-0.));
#7553 = ORIENTED_EDGE('',*,*,#7554,.T.);
#7554 = EDGE_CURVE('',#7547,#7555,#7557,.T.);
#7555 = VERTEX_POINT('',#7556);
#7556 = CARTESIAN_POINT('',(1.309086200393E+03,3.,1.448273502692E+03));
#7557 = LINE('',#7558,#7559);
#7558 = CARTESIAN_POINT('',(1.309086200393E+03,-3.,1.448273502692E+03));
#7559 = VECTOR('',#7560,1.);
#7560 = DIRECTION('',(-0.,1.,0.));
#7561 = ORIENTED_EDGE('',*,*,#7562,.F.);
#7562 = EDGE_CURVE('',#7523,#7555,#7563,.T.);
#7563 = LINE('',#7564,#7565);
#7564 = CARTESIAN_POINT('',(1.297086200393E+03,3.,1.448273502692E+03));
#7565 = VECTOR('',#7566,1.);
#7566 = DIRECTION('',(1.,0.,-0.));
#7567 = PLANE('',#7568);
#7568 = AXIS2_PLACEMENT_3D('',#7569,#7570,#7571);
#7569 = CARTESIAN_POINT('',(1.244086200393E+03,0.,1.448273502692E+03));
#7570 = DIRECTION('',(0.,0.,1.));
#7571 = DIRECTION('',(1.,0.,-0.));
#7572 = ADVANCED_FACE('',(#7573),#7598,.T.);
#7573 = FACE_BOUND('',#7574,.T.);
#7574 = EDGE_LOOP('',(#7575,#7585,#7591,#7592));
#7575 = ORIENTED_EDGE('',*,*,#7576,.T.);
#7576 = EDGE_CURVE('',#7577,#7579,#7581,.T.);
#7577 = VERTEX_POINT('',#7578);
#7578 = CARTESIAN_POINT('',(1.309086200393E+03,-3.,808.27350269189));
#7579 = VERTEX_POINT('',#7580);
#7580 = CARTESIAN_POINT('',(1.309086200393E+03,3.,808.27350269189));
#7581 = LINE('',#7582,#7583);
#7582 = CARTESIAN_POINT('',(1.309086200393E+03,-3.,808.27350269189));
#7583 = VECTOR('',#7584,1.);
#7584 = DIRECTION('',(-0.,1.,0.));
#7585 = ORIENTED_EDGE('',*,*,#7586,.T.);
#7586 = EDGE_CURVE('',#7579,#7555,#7587,.T.);
#7587 = LINE('',#7588,#7589);
#7588 = CARTESIAN_POINT('',(1.309086200393E+03,3.,808.27350269189));
#7589 = VECTOR('',#7590,1.);
#7590 = DIRECTION('',(0.,0.,1.));
#7591 = ORIENTED_EDGE('',*,*,#7554,.F.);
#7592 = ORIENTED_EDGE('',*,*,#7593,.F.);
#7593 = EDGE_CURVE('',#7577,#7547,#7594,.T.);
#7594 = LINE('',#7595,#7596);
#7595 = CARTESIAN_POINT('',(1.309086200393E+03,-3.,808.27350269189));
#7596 = VECTOR('',#7597,1.);
#7597 = DIRECTION('',(0.,0.,1.));
#7598 = PLANE('',#7599);
#7599 = AXIS2_PLACEMENT_3D('',#7600,#7601,#7602);
#7600 = CARTESIAN_POINT('',(1.309086200393E+03,-3.,808.27350269189));
#7601 = DIRECTION('',(1.,0.,-0.));
#7602 = DIRECTION('',(0.,0.,1.));
#7603 = ADVANCED_FACE('',(#7604),#7629,.T.);
#7604 = FACE_BOUND('',#7605,.T.);
#7605 = EDGE_LOOP('',(#7606,#7614,#7622,#7628));
#7606 = ORIENTED_EDGE('',*,*,#7607,.F.);
#7607 = EDGE_CURVE('',#7608,#7577,#7610,.T.);
#7608 = VERTEX_POINT('',#7609);
#7609 = CARTESIAN_POINT('',(1.250086200393E+03,-3.,808.27350269189));
#7610 = LINE('',#7611,#7612);
#7611 = CARTESIAN_POINT('',(1.297086200393E+03,-3.,808.27350269189));
#7612 = VECTOR('',#7613,1.);
#7613 = DIRECTION('',(1.,0.,-0.));
#7614 = ORIENTED_EDGE('',*,*,#7615,.F.);
#7615 = EDGE_CURVE('',#7616,#7608,#7618,.T.);
#7616 = VERTEX_POINT('',#7617);
#7617 = CARTESIAN_POINT('',(1.250086200393E+03,3.,808.27350269189));
#7618 = LINE('',#7619,#7620);
#7619 = CARTESIAN_POINT('',(1.250086200393E+03,-1.5,808.27350269189));
#7620 = VECTOR('',#7621,1.);
#7621 = DIRECTION('',(0.,-1.,0.));
#7622 = ORIENTED_EDGE('',*,*,#7623,.T.);
#7623 = EDGE_CURVE('',#7616,#7579,#7624,.T.);
#7624 = LINE('',#7625,#7626);
#7625 = CARTESIAN_POINT('',(1.179086200393E+03,3.,808.27350269189));
#7626 = VECTOR('',#7627,1.);
#7627 = DIRECTION('',(1.,0.,-0.));
#7628 = ORIENTED_EDGE('',*,*,#7576,.F.);
#7629 = PLANE('',#7630);
#7630 = AXIS2_PLACEMENT_3D('',#7631,#7632,#7633);
#7631 = CARTESIAN_POINT('',(1.244086200393E+03,0.,808.27350269189));
#7632 = DIRECTION('',(-0.,-0.,-1.));
#7633 = DIRECTION('',(-1.,0.,0.));
#7634 = ADVANCED_FACE('',(#7635),#7651,.T.);
#7635 = FACE_BOUND('',#7636,.T.);
#7636 = EDGE_LOOP('',(#7637,#7643,#7644,#7650));
#7637 = ORIENTED_EDGE('',*,*,#7638,.F.);
#7638 = EDGE_CURVE('',#7485,#7608,#7639,.T.);
#7639 = LINE('',#7640,#7641);
#7640 = CARTESIAN_POINT('',(1.250086200393E+03,-3.,718.27350269189));
#7641 = VECTOR('',#7642,1.);
#7642 = DIRECTION('',(0.,0.,1.));
#7643 = ORIENTED_EDGE('',*,*,#7492,.T.);
#7644 = ORIENTED_EDGE('',*,*,#7645,.T.);
#7645 = EDGE_CURVE('',#7493,#7616,#7646,.T.);
#7646 = LINE('',#7647,#7648);
#7647 = CARTESIAN_POINT('',(1.250086200393E+03,3.,718.27350269189));
#7648 = VECTOR('',#7649,1.);
#7649 = DIRECTION('',(0.,0.,1.));
#7650 = ORIENTED_EDGE('',*,*,#7615,.T.);
#7651 = PLANE('',#7652);
#7652 = AXIS2_PLACEMENT_3D('',#7653,#7654,#7655);
#7653 = CARTESIAN_POINT('',(1.250086200393E+03,-3.,718.27350269189));
#7654 = DIRECTION('',(1.,0.,-0.));
#7655 = DIRECTION('',(0.,0.,1.));
#7656 = ADVANCED_FACE('',(#7657,#7671,#7769),#7803,.T.);
#7657 = FACE_BOUND('',#7658,.T.);
#7658 = EDGE_LOOP('',(#7659,#7660,#7661,#7662,#7663,#7664,#7665,#7666,
    #7667,#7668,#7669,#7670));
#7659 = ORIENTED_EDGE('',*,*,#7288,.F.);
#7660 = ORIENTED_EDGE('',*,*,#7359,.T.);
#7661 = ORIENTED_EDGE('',*,*,#7421,.F.);
#7662 = ORIENTED_EDGE('',*,*,#7484,.T.);
#7663 = ORIENTED_EDGE('',*,*,#7638,.T.);
#7664 = ORIENTED_EDGE('',*,*,#7607,.T.);
#7665 = ORIENTED_EDGE('',*,*,#7593,.T.);
#7666 = ORIENTED_EDGE('',*,*,#7546,.F.);
#7667 = ORIENTED_EDGE('',*,*,#7514,.T.);
#7668 = ORIENTED_EDGE('',*,*,#7469,.T.);
#7669 = ORIENTED_EDGE('',*,*,#7390,.T.);
#7670 = ORIENTED_EDGE('',*,*,#7329,.F.);
#7671 = FACE_BOUND('',#7672,.T.);
#7672 = EDGE_LOOP('',(#7673,#7683,#7691,#7699,#7707,#7715,#7723,#7731,
    #7739,#7747,#7755,#7763));
#7673 = ORIENTED_EDGE('',*,*,#7674,.T.);
#7674 = EDGE_CURVE('',#7675,#7677,#7679,.T.);
#7675 = VERTEX_POINT('',#7676);
#7676 = CARTESIAN_POINT('',(1.191086200393E+03,-3.,1.436273502692E+03));
#7677 = VERTEX_POINT('',#7678);
#7678 = CARTESIAN_POINT('',(1.297086200393E+03,-3.,1.436273502692E+03));
#7679 = LINE('',#7680,#7681);
#7680 = CARTESIAN_POINT('',(1.179086200393E+03,-3.,1.436273502692E+03));
#7681 = VECTOR('',#7682,1.);
#7682 = DIRECTION('',(1.,0.,-0.));
#7683 = ORIENTED_EDGE('',*,*,#7684,.F.);
#7684 = EDGE_CURVE('',#7685,#7677,#7687,.T.);
#7685 = VERTEX_POINT('',#7686);
#7686 = CARTESIAN_POINT('',(1.297086200393E+03,-3.,820.27350269189));
#7687 = LINE('',#7688,#7689);
#7688 = CARTESIAN_POINT('',(1.297086200393E+03,-3.,808.27350269189));
#7689 = VECTOR('',#7690,1.);
#7690 = DIRECTION('',(0.,0.,1.));
#7691 = ORIENTED_EDGE('',*,*,#7692,.F.);
#7692 = EDGE_CURVE('',#7693,#7685,#7695,.T.);
#7693 = VERTEX_POINT('',#7694);
#7694 = CARTESIAN_POINT('',(1.250086200393E+03,-3.,820.27350269189));
#7695 = LINE('',#7696,#7697);
#7696 = CARTESIAN_POINT('',(1.179086200393E+03,-3.,820.27350269189));
#7697 = VECTOR('',#7698,1.);
#7698 = DIRECTION('',(1.,0.,-0.));
#7699 = ORIENTED_EDGE('',*,*,#7700,.T.);
#7700 = EDGE_CURVE('',#7693,#7701,#7703,.T.);
#7701 = VERTEX_POINT('',#7702);
#7702 = CARTESIAN_POINT('',(1.250086200393E+03,-3.,878.27350269189));
#7703 = LINE('',#7704,#7705);
#7704 = CARTESIAN_POINT('',(1.250086200393E+03,-3.,820.27350269189));
#7705 = VECTOR('',#7706,1.);
#7706 = DIRECTION('',(0.,0.,1.));
#7707 = ORIENTED_EDGE('',*,*,#7708,.T.);
#7708 = EDGE_CURVE('',#7701,#7709,#7711,.T.);
#7709 = VERTEX_POINT('',#7710);
#7710 = CARTESIAN_POINT('',(1.274086200393E+03,-3.,878.27350269189));
#7711 = LINE('',#7712,#7713);
#7712 = CARTESIAN_POINT('',(1.262086200393E+03,-3.,878.27350269189));
#7713 = VECTOR('',#7714,1.);
#7714 = DIRECTION('',(1.,0.,-0.));
#7715 = ORIENTED_EDGE('',*,*,#7716,.T.);
#7716 = EDGE_CURVE('',#7709,#7717,#7719,.T.);
#7717 = VERTEX_POINT('',#7718);
#7718 = CARTESIAN_POINT('',(1.274086200393E+03,-3.,1.378273502692E+03));
#7719 = LINE('',#7720,#7721);
#7720 = CARTESIAN_POINT('',(1.274086200393E+03,-3.,878.27350269189));
#7721 = VECTOR('',#7722,1.);
#7722 = DIRECTION('',(0.,0.,1.));
#7723 = ORIENTED_EDGE('',*,*,#7724,.F.);
#7724 = EDGE_CURVE('',#7725,#7717,#7727,.T.);
#7725 = VERTEX_POINT('',#7726);
#7726 = CARTESIAN_POINT('',(1.214086200393E+03,-3.,1.378273502692E+03));
#7727 = LINE('',#7728,#7729);
#7728 = CARTESIAN_POINT('',(1.214086200393E+03,-3.,1.378273502692E+03));
#7729 = VECTOR('',#7730,1.);
#7730 = DIRECTION('',(1.,0.,-0.));
#7731 = ORIENTED_EDGE('',*,*,#7732,.F.);
#7732 = EDGE_CURVE('',#7733,#7725,#7735,.T.);
#7733 = VERTEX_POINT('',#7734);
#7734 = CARTESIAN_POINT('',(1.214086200393E+03,-3.,878.27350269189));
#7735 = LINE('',#7736,#7737);
#7736 = CARTESIAN_POINT('',(1.214086200393E+03,-3.,878.27350269189));
#7737 = VECTOR('',#7738,1.);
#7738 = DIRECTION('',(0.,0.,1.));
#7739 = ORIENTED_EDGE('',*,*,#7740,.T.);
#7740 = EDGE_CURVE('',#7733,#7741,#7743,.T.);
#7741 = VERTEX_POINT('',#7742);
#7742 = CARTESIAN_POINT('',(1.238086200393E+03,-3.,878.27350269189));
#7743 = LINE('',#7744,#7745);
#7744 = CARTESIAN_POINT('',(1.262086200393E+03,-3.,878.27350269189));
#7745 = VECTOR('',#7746,1.);
#7746 = DIRECTION('',(1.,0.,-0.));
#7747 = ORIENTED_EDGE('',*,*,#7748,.F.);
#7748 = EDGE_CURVE('',#7749,#7741,#7751,.T.);
#7749 = VERTEX_POINT('',#7750);
#7750 = CARTESIAN_POINT('',(1.238086200393E+03,-3.,820.27350269189));
#7751 = LINE('',#7752,#7753);
#7752 = CARTESIAN_POINT('',(1.238086200393E+03,-3.,820.27350269189));
#7753 = VECTOR('',#7754,1.);
#7754 = DIRECTION('',(0.,0.,1.));
#7755 = ORIENTED_EDGE('',*,*,#7756,.F.);
#7756 = EDGE_CURVE('',#7757,#7749,#7759,.T.);
#7757 = VERTEX_POINT('',#7758);
#7758 = CARTESIAN_POINT('',(1.191086200393E+03,-3.,820.27350269189));
#7759 = LINE('',#7760,#7761);
#7760 = CARTESIAN_POINT('',(1.179086200393E+03,-3.,820.27350269189));
#7761 = VECTOR('',#7762,1.);
#7762 = DIRECTION('',(1.,0.,-0.));
#7763 = ORIENTED_EDGE('',*,*,#7764,.T.);
#7764 = EDGE_CURVE('',#7757,#7675,#7765,.T.);
#7765 = LINE('',#7766,#7767);
#7766 = CARTESIAN_POINT('',(1.191086200393E+03,-3.,808.27350269189));
#7767 = VECTOR('',#7768,1.);
#7768 = DIRECTION('',(0.,0.,1.));
#7769 = FACE_BOUND('',#7770,.T.);
#7770 = EDGE_LOOP('',(#7771,#7781,#7789,#7797));
#7771 = ORIENTED_EDGE('',*,*,#7772,.F.);
#7772 = EDGE_CURVE('',#7773,#7775,#7777,.T.);
#7773 = VERTEX_POINT('',#7774);
#7774 = CARTESIAN_POINT('',(1.226086200393E+03,-3.,890.27350269189));
#7775 = VERTEX_POINT('',#7776);
#7776 = CARTESIAN_POINT('',(1.262086200393E+03,-3.,890.27350269189));
#7777 = LINE('',#7778,#7779);
#7778 = CARTESIAN_POINT('',(1.214086200393E+03,-3.,890.27350269189));
#7779 = VECTOR('',#7780,1.);
#7780 = DIRECTION('',(1.,0.,-0.));
#7781 = ORIENTED_EDGE('',*,*,#7782,.T.);
#7782 = EDGE_CURVE('',#7773,#7783,#7785,.T.);
#7783 = VERTEX_POINT('',#7784);
#7784 = CARTESIAN_POINT('',(1.226086200393E+03,-3.,1.366273502692E+03));
#7785 = LINE('',#7786,#7787);
#7786 = CARTESIAN_POINT('',(1.226086200393E+03,-3.,878.27350269189));
#7787 = VECTOR('',#7788,1.);
#7788 = DIRECTION('',(0.,0.,1.));
#7789 = ORIENTED_EDGE('',*,*,#7790,.T.);
#7790 = EDGE_CURVE('',#7783,#7791,#7793,.T.);
#7791 = VERTEX_POINT('',#7792);
#7792 = CARTESIAN_POINT('',(1.262086200393E+03,-3.,1.366273502692E+03));
#7793 = LINE('',#7794,#7795);
#7794 = CARTESIAN_POINT('',(1.214086200393E+03,-3.,1.366273502692E+03));
#7795 = VECTOR('',#7796,1.);
#7796 = DIRECTION('',(1.,0.,-0.));
#7797 = ORIENTED_EDGE('',*,*,#7798,.F.);
#7798 = EDGE_CURVE('',#7775,#7791,#7799,.T.);
#7799 = LINE('',#7800,#7801);
#7800 = CARTESIAN_POINT('',(1.262086200393E+03,-3.,878.27350269189));
#7801 = VECTOR('',#7802,1.);
#7802 = DIRECTION('',(0.,0.,1.));
#7803 = PLANE('',#7804);
#7804 = AXIS2_PLACEMENT_3D('',#7805,#7806,#7807);
#7805 = CARTESIAN_POINT('',(1.244105186276E+03,-3.,1.192842956582E+03));
#7806 = DIRECTION('',(-0.,-1.,-0.));
#7807 = DIRECTION('',(0.,0.,-1.));
#7808 = ADVANCED_FACE('',(#7809),#7834,.T.);
#7809 = FACE_BOUND('',#7810,.T.);
#7810 = EDGE_LOOP('',(#7811,#7812,#7820,#7828));
#7811 = ORIENTED_EDGE('',*,*,#7764,.F.);
#7812 = ORIENTED_EDGE('',*,*,#7813,.F.);
#7813 = EDGE_CURVE('',#7814,#7757,#7816,.T.);
#7814 = VERTEX_POINT('',#7815);
#7815 = CARTESIAN_POINT('',(1.191086200393E+03,3.,820.27350269189));
#7816 = LINE('',#7817,#7818);
#7817 = CARTESIAN_POINT('',(1.191086200393E+03,-3.,820.27350269189));
#7818 = VECTOR('',#7819,1.);
#7819 = DIRECTION('',(0.,-1.,0.));
#7820 = ORIENTED_EDGE('',*,*,#7821,.T.);
#7821 = EDGE_CURVE('',#7814,#7822,#7824,.T.);
#7822 = VERTEX_POINT('',#7823);
#7823 = CARTESIAN_POINT('',(1.191086200393E+03,3.,1.436273502692E+03));
#7824 = LINE('',#7825,#7826);
#7825 = CARTESIAN_POINT('',(1.191086200393E+03,3.,808.27350269189));
#7826 = VECTOR('',#7827,1.);
#7827 = DIRECTION('',(0.,0.,1.));
#7828 = ORIENTED_EDGE('',*,*,#7829,.T.);
#7829 = EDGE_CURVE('',#7822,#7675,#7830,.T.);
#7830 = LINE('',#7831,#7832);
#7831 = CARTESIAN_POINT('',(1.191086200393E+03,-3.,1.436273502692E+03));
#7832 = VECTOR('',#7833,1.);
#7833 = DIRECTION('',(0.,-1.,0.));
#7834 = PLANE('',#7835);
#7835 = AXIS2_PLACEMENT_3D('',#7836,#7837,#7838);
#7836 = CARTESIAN_POINT('',(1.191086200393E+03,-3.,808.27350269189));
#7837 = DIRECTION('',(1.,0.,-0.));
#7838 = DIRECTION('',(0.,0.,1.));
#7839 = ADVANCED_FACE('',(#7840),#7858,.T.);
#7840 = FACE_BOUND('',#7841,.T.);
#7841 = EDGE_LOOP('',(#7842,#7850,#7851,#7852));
#7842 = ORIENTED_EDGE('',*,*,#7843,.F.);
#7843 = EDGE_CURVE('',#7814,#7844,#7846,.T.);
#7844 = VERTEX_POINT('',#7845);
#7845 = CARTESIAN_POINT('',(1.238086200393E+03,3.,820.27350269189));
#7846 = LINE('',#7847,#7848);
#7847 = CARTESIAN_POINT('',(1.179086200393E+03,3.,820.27350269189));
#7848 = VECTOR('',#7849,1.);
#7849 = DIRECTION('',(1.,0.,-0.));
#7850 = ORIENTED_EDGE('',*,*,#7813,.T.);
#7851 = ORIENTED_EDGE('',*,*,#7756,.T.);
#7852 = ORIENTED_EDGE('',*,*,#7853,.T.);
#7853 = EDGE_CURVE('',#7749,#7844,#7854,.T.);
#7854 = LINE('',#7855,#7856);
#7855 = CARTESIAN_POINT('',(1.238086200393E+03,-3.,820.27350269189));
#7856 = VECTOR('',#7857,1.);
#7857 = DIRECTION('',(-0.,1.,0.));
#7858 = PLANE('',#7859);
#7859 = AXIS2_PLACEMENT_3D('',#7860,#7861,#7862);
#7860 = CARTESIAN_POINT('',(1.179086200393E+03,-3.,820.27350269189));
#7861 = DIRECTION('',(0.,0.,1.));
#7862 = DIRECTION('',(1.,0.,-0.));
#7863 = ADVANCED_FACE('',(#7864),#7882,.F.);
#7864 = FACE_BOUND('',#7865,.F.);
#7865 = EDGE_LOOP('',(#7866,#7867,#7868,#7876));
#7866 = ORIENTED_EDGE('',*,*,#7748,.F.);
#7867 = ORIENTED_EDGE('',*,*,#7853,.T.);
#7868 = ORIENTED_EDGE('',*,*,#7869,.T.);
#7869 = EDGE_CURVE('',#7844,#7870,#7872,.T.);
#7870 = VERTEX_POINT('',#7871);
#7871 = CARTESIAN_POINT('',(1.238086200393E+03,3.,878.27350269189));
#7872 = LINE('',#7873,#7874);
#7873 = CARTESIAN_POINT('',(1.238086200393E+03,3.,820.27350269189));
#7874 = VECTOR('',#7875,1.);
#7875 = DIRECTION('',(0.,0.,1.));
#7876 = ORIENTED_EDGE('',*,*,#7877,.F.);
#7877 = EDGE_CURVE('',#7741,#7870,#7878,.T.);
#7878 = LINE('',#7879,#7880);
#7879 = CARTESIAN_POINT('',(1.238086200393E+03,-3.,878.27350269189));
#7880 = VECTOR('',#7881,1.);
#7881 = DIRECTION('',(-0.,1.,0.));
#7882 = PLANE('',#7883);
#7883 = AXIS2_PLACEMENT_3D('',#7884,#7885,#7886);
#7884 = CARTESIAN_POINT('',(1.238086200393E+03,-3.,820.27350269189));
#7885 = DIRECTION('',(1.,0.,-0.));
#7886 = DIRECTION('',(0.,0.,1.));
#7887 = ADVANCED_FACE('',(#7888),#7906,.T.);
#7888 = FACE_BOUND('',#7889,.T.);
#7889 = EDGE_LOOP('',(#7890,#7891,#7899,#7905));
#7890 = ORIENTED_EDGE('',*,*,#7740,.F.);
#7891 = ORIENTED_EDGE('',*,*,#7892,.T.);
#7892 = EDGE_CURVE('',#7733,#7893,#7895,.T.);
#7893 = VERTEX_POINT('',#7894);
#7894 = CARTESIAN_POINT('',(1.214086200393E+03,3.,878.27350269189));
#7895 = LINE('',#7896,#7897);
#7896 = CARTESIAN_POINT('',(1.214086200393E+03,-3.,878.27350269189));
#7897 = VECTOR('',#7898,1.);
#7898 = DIRECTION('',(-0.,1.,0.));
#7899 = ORIENTED_EDGE('',*,*,#7900,.T.);
#7900 = EDGE_CURVE('',#7893,#7870,#7901,.T.);
#7901 = LINE('',#7902,#7903);
#7902 = CARTESIAN_POINT('',(1.214086200393E+03,3.,878.27350269189));
#7903 = VECTOR('',#7904,1.);
#7904 = DIRECTION('',(1.,0.,-0.));
#7905 = ORIENTED_EDGE('',*,*,#7877,.F.);
#7906 = PLANE('',#7907);
#7907 = AXIS2_PLACEMENT_3D('',#7908,#7909,#7910);
#7908 = CARTESIAN_POINT('',(1.244086200393E+03,0.,878.27350269189));
#7909 = DIRECTION('',(-0.,-0.,-1.));
#7910 = DIRECTION('',(-1.,0.,0.));
#7911 = ADVANCED_FACE('',(#7912),#7930,.F.);
#7912 = FACE_BOUND('',#7913,.T.);
#7913 = EDGE_LOOP('',(#7914,#7915,#7923,#7929));
#7914 = ORIENTED_EDGE('',*,*,#7732,.T.);
#7915 = ORIENTED_EDGE('',*,*,#7916,.T.);
#7916 = EDGE_CURVE('',#7725,#7917,#7919,.T.);
#7917 = VERTEX_POINT('',#7918);
#7918 = CARTESIAN_POINT('',(1.214086200393E+03,3.,1.378273502692E+03));
#7919 = LINE('',#7920,#7921);
#7920 = CARTESIAN_POINT('',(1.214086200393E+03,-3.,1.378273502692E+03));
#7921 = VECTOR('',#7922,1.);
#7922 = DIRECTION('',(-0.,1.,0.));
#7923 = ORIENTED_EDGE('',*,*,#7924,.F.);
#7924 = EDGE_CURVE('',#7893,#7917,#7925,.T.);
#7925 = LINE('',#7926,#7927);
#7926 = CARTESIAN_POINT('',(1.214086200393E+03,3.,878.27350269189));
#7927 = VECTOR('',#7928,1.);
#7928 = DIRECTION('',(0.,0.,1.));
#7929 = ORIENTED_EDGE('',*,*,#7892,.F.);
#7930 = PLANE('',#7931);
#7931 = AXIS2_PLACEMENT_3D('',#7932,#7933,#7934);
#7932 = CARTESIAN_POINT('',(1.214086200393E+03,-3.,878.27350269189));
#7933 = DIRECTION('',(1.,0.,-0.));
#7934 = DIRECTION('',(0.,0.,1.));
#7935 = ADVANCED_FACE('',(#7936),#7954,.T.);
#7936 = FACE_BOUND('',#7937,.T.);
#7937 = EDGE_LOOP('',(#7938,#7939,#7940,#7948));
#7938 = ORIENTED_EDGE('',*,*,#7916,.F.);
#7939 = ORIENTED_EDGE('',*,*,#7724,.T.);
#7940 = ORIENTED_EDGE('',*,*,#7941,.T.);
#7941 = EDGE_CURVE('',#7717,#7942,#7944,.T.);
#7942 = VERTEX_POINT('',#7943);
#7943 = CARTESIAN_POINT('',(1.274086200393E+03,3.,1.378273502692E+03));
#7944 = LINE('',#7945,#7946);
#7945 = CARTESIAN_POINT('',(1.274086200393E+03,-3.,1.378273502692E+03));
#7946 = VECTOR('',#7947,1.);
#7947 = DIRECTION('',(-0.,1.,0.));
#7948 = ORIENTED_EDGE('',*,*,#7949,.F.);
#7949 = EDGE_CURVE('',#7917,#7942,#7950,.T.);
#7950 = LINE('',#7951,#7952);
#7951 = CARTESIAN_POINT('',(1.262086200393E+03,3.,1.378273502692E+03));
#7952 = VECTOR('',#7953,1.);
#7953 = DIRECTION('',(1.,0.,-0.));
#7954 = PLANE('',#7955);
#7955 = AXIS2_PLACEMENT_3D('',#7956,#7957,#7958);
#7956 = CARTESIAN_POINT('',(1.244086200393E+03,0.,1.378273502692E+03));
#7957 = DIRECTION('',(0.,0.,1.));
#7958 = DIRECTION('',(1.,0.,-0.));
#7959 = ADVANCED_FACE('',(#7960),#7985,.T.);
#7960 = FACE_BOUND('',#7961,.T.);
#7961 = EDGE_LOOP('',(#7962,#7972,#7978,#7979));
#7962 = ORIENTED_EDGE('',*,*,#7963,.F.);
#7963 = EDGE_CURVE('',#7964,#7966,#7968,.T.);
#7964 = VERTEX_POINT('',#7965);
#7965 = CARTESIAN_POINT('',(1.250086200393E+03,3.,820.27350269189));
#7966 = VERTEX_POINT('',#7967);
#7967 = CARTESIAN_POINT('',(1.297086200393E+03,3.,820.27350269189));
#7968 = LINE('',#7969,#7970);
#7969 = CARTESIAN_POINT('',(1.179086200393E+03,3.,820.27350269189));
#7970 = VECTOR('',#7971,1.);
#7971 = DIRECTION('',(1.,0.,-0.));
#7972 = ORIENTED_EDGE('',*,*,#7973,.F.);
#7973 = EDGE_CURVE('',#7693,#7964,#7974,.T.);
#7974 = LINE('',#7975,#7976);
#7975 = CARTESIAN_POINT('',(1.250086200393E+03,-3.,820.27350269189));
#7976 = VECTOR('',#7977,1.);
#7977 = DIRECTION('',(-0.,1.,0.));
#7978 = ORIENTED_EDGE('',*,*,#7692,.T.);
#7979 = ORIENTED_EDGE('',*,*,#7980,.F.);
#7980 = EDGE_CURVE('',#7966,#7685,#7981,.T.);
#7981 = LINE('',#7982,#7983);
#7982 = CARTESIAN_POINT('',(1.297086200393E+03,-3.,820.27350269189));
#7983 = VECTOR('',#7984,1.);
#7984 = DIRECTION('',(0.,-1.,0.));
#7985 = PLANE('',#7986);
#7986 = AXIS2_PLACEMENT_3D('',#7987,#7988,#7989);
#7987 = CARTESIAN_POINT('',(1.179086200393E+03,-3.,820.27350269189));
#7988 = DIRECTION('',(0.,0.,1.));
#7989 = DIRECTION('',(1.,0.,-0.));
#7990 = ADVANCED_FACE('',(#7991),#8009,.F.);
#7991 = FACE_BOUND('',#7992,.F.);
#7992 = EDGE_LOOP('',(#7993,#7994,#7995,#8003));
#7993 = ORIENTED_EDGE('',*,*,#7684,.F.);
#7994 = ORIENTED_EDGE('',*,*,#7980,.F.);
#7995 = ORIENTED_EDGE('',*,*,#7996,.T.);
#7996 = EDGE_CURVE('',#7966,#7997,#7999,.T.);
#7997 = VERTEX_POINT('',#7998);
#7998 = CARTESIAN_POINT('',(1.297086200393E+03,3.,1.436273502692E+03));
#7999 = LINE('',#8000,#8001);
#8000 = CARTESIAN_POINT('',(1.297086200393E+03,3.,808.27350269189));
#8001 = VECTOR('',#8002,1.);
#8002 = DIRECTION('',(0.,0.,1.));
#8003 = ORIENTED_EDGE('',*,*,#8004,.T.);
#8004 = EDGE_CURVE('',#7997,#7677,#8005,.T.);
#8005 = LINE('',#8006,#8007);
#8006 = CARTESIAN_POINT('',(1.297086200393E+03,-3.,1.436273502692E+03));
#8007 = VECTOR('',#8008,1.);
#8008 = DIRECTION('',(0.,-1.,0.));
#8009 = PLANE('',#8010);
#8010 = AXIS2_PLACEMENT_3D('',#8011,#8012,#8013);
#8011 = CARTESIAN_POINT('',(1.297086200393E+03,-3.,808.27350269189));
#8012 = DIRECTION('',(1.,0.,-0.));
#8013 = DIRECTION('',(0.,0.,1.));
#8014 = ADVANCED_FACE('',(#8015),#8033,.T.);
#8015 = FACE_BOUND('',#8016,.T.);
#8016 = EDGE_LOOP('',(#8017,#8018,#8019,#8027));
#8017 = ORIENTED_EDGE('',*,*,#7700,.F.);
#8018 = ORIENTED_EDGE('',*,*,#7973,.T.);
#8019 = ORIENTED_EDGE('',*,*,#8020,.T.);
#8020 = EDGE_CURVE('',#7964,#8021,#8023,.T.);
#8021 = VERTEX_POINT('',#8022);
#8022 = CARTESIAN_POINT('',(1.250086200393E+03,3.,878.27350269189));
#8023 = LINE('',#8024,#8025);
#8024 = CARTESIAN_POINT('',(1.250086200393E+03,3.,820.27350269189));
#8025 = VECTOR('',#8026,1.);
#8026 = DIRECTION('',(0.,0.,1.));
#8027 = ORIENTED_EDGE('',*,*,#8028,.F.);
#8028 = EDGE_CURVE('',#7701,#8021,#8029,.T.);
#8029 = LINE('',#8030,#8031);
#8030 = CARTESIAN_POINT('',(1.250086200393E+03,-3.,878.27350269189));
#8031 = VECTOR('',#8032,1.);
#8032 = DIRECTION('',(-0.,1.,0.));
#8033 = PLANE('',#8034);
#8034 = AXIS2_PLACEMENT_3D('',#8035,#8036,#8037);
#8035 = CARTESIAN_POINT('',(1.250086200393E+03,-3.,820.27350269189));
#8036 = DIRECTION('',(1.,0.,-0.));
#8037 = DIRECTION('',(0.,0.,1.));
#8038 = ADVANCED_FACE('',(#8039),#8057,.T.);
#8039 = FACE_BOUND('',#8040,.T.);
#8040 = EDGE_LOOP('',(#8041,#8042,#8043,#8051));
#8041 = ORIENTED_EDGE('',*,*,#7708,.F.);
#8042 = ORIENTED_EDGE('',*,*,#8028,.T.);
#8043 = ORIENTED_EDGE('',*,*,#8044,.T.);
#8044 = EDGE_CURVE('',#8021,#8045,#8047,.T.);
#8045 = VERTEX_POINT('',#8046);
#8046 = CARTESIAN_POINT('',(1.274086200393E+03,3.,878.27350269189));
#8047 = LINE('',#8048,#8049);
#8048 = CARTESIAN_POINT('',(1.214086200393E+03,3.,878.27350269189));
#8049 = VECTOR('',#8050,1.);
#8050 = DIRECTION('',(1.,0.,-0.));
#8051 = ORIENTED_EDGE('',*,*,#8052,.F.);
#8052 = EDGE_CURVE('',#7709,#8045,#8053,.T.);
#8053 = LINE('',#8054,#8055);
#8054 = CARTESIAN_POINT('',(1.274086200393E+03,-3.,878.27350269189));
#8055 = VECTOR('',#8056,1.);
#8056 = DIRECTION('',(-0.,1.,0.));
#8057 = PLANE('',#8058);
#8058 = AXIS2_PLACEMENT_3D('',#8059,#8060,#8061);
#8059 = CARTESIAN_POINT('',(1.244086200393E+03,0.,878.27350269189));
#8060 = DIRECTION('',(-0.,-0.,-1.));
#8061 = DIRECTION('',(-1.,0.,0.));
#8062 = ADVANCED_FACE('',(#8063),#8074,.T.);
#8063 = FACE_BOUND('',#8064,.T.);
#8064 = EDGE_LOOP('',(#8065,#8066,#8072,#8073));
#8065 = ORIENTED_EDGE('',*,*,#8052,.T.);
#8066 = ORIENTED_EDGE('',*,*,#8067,.T.);
#8067 = EDGE_CURVE('',#8045,#7942,#8068,.T.);
#8068 = LINE('',#8069,#8070);
#8069 = CARTESIAN_POINT('',(1.274086200393E+03,3.,878.27350269189));
#8070 = VECTOR('',#8071,1.);
#8071 = DIRECTION('',(0.,0.,1.));
#8072 = ORIENTED_EDGE('',*,*,#7941,.F.);
#8073 = ORIENTED_EDGE('',*,*,#7716,.F.);
#8074 = PLANE('',#8075);
#8075 = AXIS2_PLACEMENT_3D('',#8076,#8077,#8078);
#8076 = CARTESIAN_POINT('',(1.274086200393E+03,-3.,878.27350269189));
#8077 = DIRECTION('',(1.,0.,-0.));
#8078 = DIRECTION('',(0.,0.,1.));
#8079 = ADVANCED_FACE('',(#8080),#8105,.T.);
#8080 = FACE_BOUND('',#8081,.T.);
#8081 = EDGE_LOOP('',(#8082,#8090,#8091,#8099));
#8082 = ORIENTED_EDGE('',*,*,#8083,.T.);
#8083 = EDGE_CURVE('',#8084,#7773,#8086,.T.);
#8084 = VERTEX_POINT('',#8085);
#8085 = CARTESIAN_POINT('',(1.226086200393E+03,3.,890.27350269189));
#8086 = LINE('',#8087,#8088);
#8087 = CARTESIAN_POINT('',(1.226086200393E+03,-3.,890.27350269189));
#8088 = VECTOR('',#8089,1.);
#8089 = DIRECTION('',(0.,-1.,0.));
#8090 = ORIENTED_EDGE('',*,*,#7772,.T.);
#8091 = ORIENTED_EDGE('',*,*,#8092,.F.);
#8092 = EDGE_CURVE('',#8093,#7775,#8095,.T.);
#8093 = VERTEX_POINT('',#8094);
#8094 = CARTESIAN_POINT('',(1.262086200393E+03,3.,890.27350269189));
#8095 = LINE('',#8096,#8097);
#8096 = CARTESIAN_POINT('',(1.262086200393E+03,-3.,890.27350269189));
#8097 = VECTOR('',#8098,1.);
#8098 = DIRECTION('',(0.,-1.,0.));
#8099 = ORIENTED_EDGE('',*,*,#8100,.F.);
#8100 = EDGE_CURVE('',#8084,#8093,#8101,.T.);
#8101 = LINE('',#8102,#8103);
#8102 = CARTESIAN_POINT('',(1.214086200393E+03,3.,890.27350269189));
#8103 = VECTOR('',#8104,1.);
#8104 = DIRECTION('',(1.,0.,-0.));
#8105 = PLANE('',#8106);
#8106 = AXIS2_PLACEMENT_3D('',#8107,#8108,#8109);
#8107 = CARTESIAN_POINT('',(1.214086200393E+03,-3.,890.27350269189));
#8108 = DIRECTION('',(0.,0.,1.));
#8109 = DIRECTION('',(1.,0.,-0.));
#8110 = ADVANCED_FACE('',(#8111),#8129,.T.);
#8111 = FACE_BOUND('',#8112,.T.);
#8112 = EDGE_LOOP('',(#8113,#8114,#8115,#8123));
#8113 = ORIENTED_EDGE('',*,*,#7782,.F.);
#8114 = ORIENTED_EDGE('',*,*,#8083,.F.);
#8115 = ORIENTED_EDGE('',*,*,#8116,.T.);
#8116 = EDGE_CURVE('',#8084,#8117,#8119,.T.);
#8117 = VERTEX_POINT('',#8118);
#8118 = CARTESIAN_POINT('',(1.226086200393E+03,3.,1.366273502692E+03));
#8119 = LINE('',#8120,#8121);
#8120 = CARTESIAN_POINT('',(1.226086200393E+03,3.,878.27350269189));
#8121 = VECTOR('',#8122,1.);
#8122 = DIRECTION('',(0.,0.,1.));
#8123 = ORIENTED_EDGE('',*,*,#8124,.T.);
#8124 = EDGE_CURVE('',#8117,#7783,#8125,.T.);
#8125 = LINE('',#8126,#8127);
#8126 = CARTESIAN_POINT('',(1.226086200393E+03,-3.,1.366273502692E+03));
#8127 = VECTOR('',#8128,1.);
#8128 = DIRECTION('',(0.,-1.,0.));
#8129 = PLANE('',#8130);
#8130 = AXIS2_PLACEMENT_3D('',#8131,#8132,#8133);
#8131 = CARTESIAN_POINT('',(1.226086200393E+03,-3.,878.27350269189));
#8132 = DIRECTION('',(1.,0.,-0.));
#8133 = DIRECTION('',(0.,0.,1.));
#8134 = ADVANCED_FACE('',(#8135),#8153,.F.);
#8135 = FACE_BOUND('',#8136,.F.);
#8136 = EDGE_LOOP('',(#8137,#8138,#8139,#8147));
#8137 = ORIENTED_EDGE('',*,*,#8124,.T.);
#8138 = ORIENTED_EDGE('',*,*,#7790,.T.);
#8139 = ORIENTED_EDGE('',*,*,#8140,.F.);
#8140 = EDGE_CURVE('',#8141,#7791,#8143,.T.);
#8141 = VERTEX_POINT('',#8142);
#8142 = CARTESIAN_POINT('',(1.262086200393E+03,3.,1.366273502692E+03));
#8143 = LINE('',#8144,#8145);
#8144 = CARTESIAN_POINT('',(1.262086200393E+03,-3.,1.366273502692E+03));
#8145 = VECTOR('',#8146,1.);
#8146 = DIRECTION('',(0.,-1.,0.));
#8147 = ORIENTED_EDGE('',*,*,#8148,.F.);
#8148 = EDGE_CURVE('',#8117,#8141,#8149,.T.);
#8149 = LINE('',#8150,#8151);
#8150 = CARTESIAN_POINT('',(1.214086200393E+03,3.,1.366273502692E+03));
#8151 = VECTOR('',#8152,1.);
#8152 = DIRECTION('',(1.,0.,-0.));
#8153 = PLANE('',#8154);
#8154 = AXIS2_PLACEMENT_3D('',#8155,#8156,#8157);
#8155 = CARTESIAN_POINT('',(1.214086200393E+03,-3.,1.366273502692E+03));
#8156 = DIRECTION('',(0.,0.,1.));
#8157 = DIRECTION('',(1.,0.,-0.));
#8158 = ADVANCED_FACE('',(#8159),#8170,.F.);
#8159 = FACE_BOUND('',#8160,.F.);
#8160 = EDGE_LOOP('',(#8161,#8162,#8163,#8169));
#8161 = ORIENTED_EDGE('',*,*,#7798,.F.);
#8162 = ORIENTED_EDGE('',*,*,#8092,.F.);
#8163 = ORIENTED_EDGE('',*,*,#8164,.T.);
#8164 = EDGE_CURVE('',#8093,#8141,#8165,.T.);
#8165 = LINE('',#8166,#8167);
#8166 = CARTESIAN_POINT('',(1.262086200393E+03,3.,878.27350269189));
#8167 = VECTOR('',#8168,1.);
#8168 = DIRECTION('',(0.,0.,1.));
#8169 = ORIENTED_EDGE('',*,*,#8140,.T.);
#8170 = PLANE('',#8171);
#8171 = AXIS2_PLACEMENT_3D('',#8172,#8173,#8174);
#8172 = CARTESIAN_POINT('',(1.262086200393E+03,-3.,878.27350269189));
#8173 = DIRECTION('',(1.,0.,-0.));
#8174 = DIRECTION('',(0.,0.,1.));
#8175 = ADVANCED_FACE('',(#8176,#8190,#8209),#8215,.T.);
#8176 = FACE_BOUND('',#8177,.T.);
#8177 = EDGE_LOOP('',(#8178,#8179,#8180,#8181,#8182,#8183,#8184,#8185,
    #8186,#8187,#8188,#8189));
#8178 = ORIENTED_EDGE('',*,*,#7368,.F.);
#8179 = ORIENTED_EDGE('',*,*,#7306,.T.);
#8180 = ORIENTED_EDGE('',*,*,#7345,.T.);
#8181 = ORIENTED_EDGE('',*,*,#7406,.F.);
#8182 = ORIENTED_EDGE('',*,*,#7462,.F.);
#8183 = ORIENTED_EDGE('',*,*,#7530,.F.);
#8184 = ORIENTED_EDGE('',*,*,#7562,.T.);
#8185 = ORIENTED_EDGE('',*,*,#7586,.F.);
#8186 = ORIENTED_EDGE('',*,*,#7623,.F.);
#8187 = ORIENTED_EDGE('',*,*,#7645,.F.);
#8188 = ORIENTED_EDGE('',*,*,#7500,.F.);
#8189 = ORIENTED_EDGE('',*,*,#7437,.T.);
#8190 = FACE_BOUND('',#8191,.T.);
#8191 = EDGE_LOOP('',(#8192,#8193,#8194,#8195,#8196,#8197,#8198,#8199,
    #8200,#8201,#8202,#8208));
#8192 = ORIENTED_EDGE('',*,*,#7843,.T.);
#8193 = ORIENTED_EDGE('',*,*,#7869,.T.);
#8194 = ORIENTED_EDGE('',*,*,#7900,.F.);
#8195 = ORIENTED_EDGE('',*,*,#7924,.T.);
#8196 = ORIENTED_EDGE('',*,*,#7949,.T.);
#8197 = ORIENTED_EDGE('',*,*,#8067,.F.);
#8198 = ORIENTED_EDGE('',*,*,#8044,.F.);
#8199 = ORIENTED_EDGE('',*,*,#8020,.F.);
#8200 = ORIENTED_EDGE('',*,*,#7963,.T.);
#8201 = ORIENTED_EDGE('',*,*,#7996,.T.);
#8202 = ORIENTED_EDGE('',*,*,#8203,.F.);
#8203 = EDGE_CURVE('',#7822,#7997,#8204,.T.);
#8204 = LINE('',#8205,#8206);
#8205 = CARTESIAN_POINT('',(1.179086200393E+03,3.,1.436273502692E+03));
#8206 = VECTOR('',#8207,1.);
#8207 = DIRECTION('',(1.,0.,-0.));
#8208 = ORIENTED_EDGE('',*,*,#7821,.F.);
#8209 = FACE_BOUND('',#8210,.T.);
#8210 = EDGE_LOOP('',(#8211,#8212,#8213,#8214));
#8211 = ORIENTED_EDGE('',*,*,#8100,.T.);
#8212 = ORIENTED_EDGE('',*,*,#8164,.T.);
#8213 = ORIENTED_EDGE('',*,*,#8148,.F.);
#8214 = ORIENTED_EDGE('',*,*,#8116,.F.);
#8215 = PLANE('',#8216);
#8216 = AXIS2_PLACEMENT_3D('',#8217,#8218,#8219);
#8217 = CARTESIAN_POINT('',(1.244105186276E+03,3.,1.192842956582E+03));
#8218 = DIRECTION('',(0.,1.,0.));
#8219 = DIRECTION('',(0.,-0.,1.));
#8220 = ADVANCED_FACE('',(#8221),#8227,.F.);
#8221 = FACE_BOUND('',#8222,.T.);
#8222 = EDGE_LOOP('',(#8223,#8224,#8225,#8226));
#8223 = ORIENTED_EDGE('',*,*,#8203,.T.);
#8224 = ORIENTED_EDGE('',*,*,#8004,.T.);
#8225 = ORIENTED_EDGE('',*,*,#7674,.F.);
#8226 = ORIENTED_EDGE('',*,*,#7829,.F.);
#8227 = PLANE('',#8228);
#8228 = AXIS2_PLACEMENT_3D('',#8229,#8230,#8231);
#8229 = CARTESIAN_POINT('',(1.179086200393E+03,-3.,1.436273502692E+03));
#8230 = DIRECTION('',(0.,0.,1.));
#8231 = DIRECTION('',(1.,0.,-0.));
#8232 = ( GEOMETRIC_REPRESENTATION_CONTEXT(3) 
GLOBAL_UNCERTAINTY_ASSIGNED_CONTEXT((#8236)) 
GLOBAL_UNIT_ASSIGNED_CONTEXT((#8233,#8234,#8235)) REPRESENTATION_CONTEXT
('Context #1','3D Context with UNIT and UNCERTAINTY') );
#8233 = ( LENGTH_UNIT() NAMED_UNIT(*) SI_UNIT(.MILLI.,.METRE.) );
#8234 = ( NAMED_UNIT(*) PLANE_ANGLE_UNIT() SI_UNIT($,.RADIAN.) );
#8235 = ( NAMED_UNIT(*) SI_UNIT($,.STERADIAN.) SOLID_ANGLE_UNIT() );
#8236 = UNCERTAINTY_MEASURE_WITH_UNIT(LENGTH_MEASURE(1.E-07),#8233,
  'distance_accuracy_value','confusion accuracy');
#8237 = CONTEXT_DEPENDENT_SHAPE_REPRESENTATION(#8238,#8240);
#8238 = ( REPRESENTATION_RELATIONSHIP('','',#7281,#10) 
REPRESENTATION_RELATIONSHIP_WITH_TRANSFORMATION(#8239) 
SHAPE_REPRESENTATION_RELATIONSHIP() );
#8239 = ITEM_DEFINED_TRANSFORMATION('','',#11,#59);
#8240 = PRODUCT_DEFINITION_SHAPE('Placement','Placement of an item',
  #8241);
#8241 = NEXT_ASSEMBLY_USAGE_OCCURRENCE('139','Motiv 06','',#5,#7276,$);
#8242 = PRODUCT_RELATED_PRODUCT_CATEGORY('part',$,(#7278));
#8243 = SHAPE_DEFINITION_REPRESENTATION(#8244,#8250);
#8244 = PRODUCT_DEFINITION_SHAPE('','',#8245);
#8245 = PRODUCT_DEFINITION('design','',#8246,#8249);
#8246 = PRODUCT_DEFINITION_FORMATION('','',#8247);
#8247 = PRODUCT('Patka 06','Patka 06','',(#8248));
#8248 = PRODUCT_CONTEXT('',#2,'mechanical');
#8249 = PRODUCT_DEFINITION_CONTEXT('part definition',#2,'design');
#8250 = ADVANCED_BREP_SHAPE_REPRESENTATION('',(#11,#8251),#8479);
#8251 = MANIFOLD_SOLID_BREP('',#8252);
#8252 = CLOSED_SHELL('',(#8253,#8293,#8324,#8370,#8394,#8433,#8445,#8462
    ));
#8253 = ADVANCED_FACE('',(#8254),#8288,.F.);
#8254 = FACE_BOUND('',#8255,.F.);
#8255 = EDGE_LOOP('',(#8256,#8266,#8274,#8282));
#8256 = ORIENTED_EDGE('',*,*,#8257,.F.);
#8257 = EDGE_CURVE('',#8258,#8260,#8262,.T.);
#8258 = VERTEX_POINT('',#8259);
#8259 = CARTESIAN_POINT('',(1.214086200393E+03,-40.,712.27350269189));
#8260 = VERTEX_POINT('',#8261);
#8261 = CARTESIAN_POINT('',(1.214086200393E+03,-40.,718.27350269189));
#8262 = LINE('',#8263,#8264);
#8263 = CARTESIAN_POINT('',(1.214086200393E+03,-40.,712.27350269189));
#8264 = VECTOR('',#8265,1.);
#8265 = DIRECTION('',(0.,0.,1.));
#8266 = ORIENTED_EDGE('',*,*,#8267,.T.);
#8267 = EDGE_CURVE('',#8258,#8268,#8270,.T.);
#8268 = VERTEX_POINT('',#8269);
#8269 = CARTESIAN_POINT('',(1.214086200393E+03,40.,712.27350269189));
#8270 = LINE('',#8271,#8272);
#8271 = CARTESIAN_POINT('',(1.214086200393E+03,-40.,712.27350269189));
#8272 = VECTOR('',#8273,1.);
#8273 = DIRECTION('',(-0.,1.,0.));
#8274 = ORIENTED_EDGE('',*,*,#8275,.T.);
#8275 = EDGE_CURVE('',#8268,#8276,#8278,.T.);
#8276 = VERTEX_POINT('',#8277);
#8277 = CARTESIAN_POINT('',(1.214086200393E+03,40.,718.27350269189));
#8278 = LINE('',#8279,#8280);
#8279 = CARTESIAN_POINT('',(1.214086200393E+03,40.,712.27350269189));
#8280 = VECTOR('',#8281,1.);
#8281 = DIRECTION('',(0.,0.,1.));
#8282 = ORIENTED_EDGE('',*,*,#8283,.F.);
#8283 = EDGE_CURVE('',#8260,#8276,#8284,.T.);
#8284 = LINE('',#8285,#8286);
#8285 = CARTESIAN_POINT('',(1.214086200393E+03,-40.,718.27350269189));
#8286 = VECTOR('',#8287,1.);
#8287 = DIRECTION('',(-0.,1.,0.));
#8288 = PLANE('',#8289);
#8289 = AXIS2_PLACEMENT_3D('',#8290,#8291,#8292);
#8290 = CARTESIAN_POINT('',(1.214086200393E+03,-40.,712.27350269189));
#8291 = DIRECTION('',(1.,0.,-0.));
#8292 = DIRECTION('',(0.,0.,1.));
#8293 = ADVANCED_FACE('',(#8294),#8319,.F.);
#8294 = FACE_BOUND('',#8295,.F.);
#8295 = EDGE_LOOP('',(#8296,#8304,#8305,#8313));
#8296 = ORIENTED_EDGE('',*,*,#8297,.F.);
#8297 = EDGE_CURVE('',#8258,#8298,#8300,.T.);
#8298 = VERTEX_POINT('',#8299);
#8299 = CARTESIAN_POINT('',(1.274086200393E+03,-40.,712.27350269189));
#8300 = LINE('',#8301,#8302);
#8301 = CARTESIAN_POINT('',(1.214086200393E+03,-40.,712.27350269189));
#8302 = VECTOR('',#8303,1.);
#8303 = DIRECTION('',(1.,0.,-0.));
#8304 = ORIENTED_EDGE('',*,*,#8257,.T.);
#8305 = ORIENTED_EDGE('',*,*,#8306,.T.);
#8306 = EDGE_CURVE('',#8260,#8307,#8309,.T.);
#8307 = VERTEX_POINT('',#8308);
#8308 = CARTESIAN_POINT('',(1.274086200393E+03,-40.,718.27350269189));
#8309 = LINE('',#8310,#8311);
#8310 = CARTESIAN_POINT('',(1.214086200393E+03,-40.,718.27350269189));
#8311 = VECTOR('',#8312,1.);
#8312 = DIRECTION('',(1.,0.,-0.));
#8313 = ORIENTED_EDGE('',*,*,#8314,.F.);
#8314 = EDGE_CURVE('',#8298,#8307,#8315,.T.);
#8315 = LINE('',#8316,#8317);
#8316 = CARTESIAN_POINT('',(1.274086200393E+03,-40.,712.27350269189));
#8317 = VECTOR('',#8318,1.);
#8318 = DIRECTION('',(0.,0.,1.));
#8319 = PLANE('',#8320);
#8320 = AXIS2_PLACEMENT_3D('',#8321,#8322,#8323);
#8321 = CARTESIAN_POINT('',(1.214086200393E+03,-40.,712.27350269189));
#8322 = DIRECTION('',(-0.,1.,0.));
#8323 = DIRECTION('',(0.,0.,1.));
#8324 = ADVANCED_FACE('',(#8325,#8343,#8354),#8365,.T.);
#8325 = FACE_BOUND('',#8326,.T.);
#8326 = EDGE_LOOP('',(#8327,#8328,#8329,#8337));
#8327 = ORIENTED_EDGE('',*,*,#8283,.F.);
#8328 = ORIENTED_EDGE('',*,*,#8306,.T.);
#8329 = ORIENTED_EDGE('',*,*,#8330,.T.);
#8330 = EDGE_CURVE('',#8307,#8331,#8333,.T.);
#8331 = VERTEX_POINT('',#8332);
#8332 = CARTESIAN_POINT('',(1.274086200393E+03,40.,718.27350269189));
#8333 = LINE('',#8334,#8335);
#8334 = CARTESIAN_POINT('',(1.274086200393E+03,-40.,718.27350269189));
#8335 = VECTOR('',#8336,1.);
#8336 = DIRECTION('',(-0.,1.,0.));
#8337 = ORIENTED_EDGE('',*,*,#8338,.F.);
#8338 = EDGE_CURVE('',#8276,#8331,#8339,.T.);
#8339 = LINE('',#8340,#8341);
#8340 = CARTESIAN_POINT('',(1.214086200393E+03,40.,718.27350269189));
#8341 = VECTOR('',#8342,1.);
#8342 = DIRECTION('',(1.,0.,-0.));
#8343 = FACE_BOUND('',#8344,.T.);
#8344 = EDGE_LOOP('',(#8345));
#8345 = ORIENTED_EDGE('',*,*,#8346,.F.);
#8346 = EDGE_CURVE('',#8347,#8347,#8349,.T.);
#8347 = VERTEX_POINT('',#8348);
#8348 = CARTESIAN_POINT('',(1.249586200393E+03,-25.,718.27350269189));
#8349 = CIRCLE('',#8350,5.5);
#8350 = AXIS2_PLACEMENT_3D('',#8351,#8352,#8353);
#8351 = CARTESIAN_POINT('',(1.244086200393E+03,-25.,718.27350269189));
#8352 = DIRECTION('',(0.,0.,1.));
#8353 = DIRECTION('',(1.,0.,-0.));
#8354 = FACE_BOUND('',#8355,.T.);
#8355 = EDGE_LOOP('',(#8356));
#8356 = ORIENTED_EDGE('',*,*,#8357,.F.);
#8357 = EDGE_CURVE('',#8358,#8358,#8360,.T.);
#8358 = VERTEX_POINT('',#8359);
#8359 = CARTESIAN_POINT('',(1.249586200393E+03,25.,718.27350269189));
#8360 = CIRCLE('',#8361,5.5);
#8361 = AXIS2_PLACEMENT_3D('',#8362,#8363,#8364);
#8362 = CARTESIAN_POINT('',(1.244086200393E+03,25.,718.27350269189));
#8363 = DIRECTION('',(0.,0.,1.));
#8364 = DIRECTION('',(1.,0.,-0.));
#8365 = PLANE('',#8366);
#8366 = AXIS2_PLACEMENT_3D('',#8367,#8368,#8369);
#8367 = CARTESIAN_POINT('',(1.214086200393E+03,-40.,718.27350269189));
#8368 = DIRECTION('',(0.,0.,1.));
#8369 = DIRECTION('',(1.,0.,-0.));
#8370 = ADVANCED_FACE('',(#8371),#8389,.T.);
#8371 = FACE_BOUND('',#8372,.T.);
#8372 = EDGE_LOOP('',(#8373,#8381,#8382,#8383));
#8373 = ORIENTED_EDGE('',*,*,#8374,.F.);
#8374 = EDGE_CURVE('',#8268,#8375,#8377,.T.);
#8375 = VERTEX_POINT('',#8376);
#8376 = CARTESIAN_POINT('',(1.274086200393E+03,40.,712.27350269189));
#8377 = LINE('',#8378,#8379);
#8378 = CARTESIAN_POINT('',(1.214086200393E+03,40.,712.27350269189));
#8379 = VECTOR('',#8380,1.);
#8380 = DIRECTION('',(1.,0.,-0.));
#8381 = ORIENTED_EDGE('',*,*,#8275,.T.);
#8382 = ORIENTED_EDGE('',*,*,#8338,.T.);
#8383 = ORIENTED_EDGE('',*,*,#8384,.F.);
#8384 = EDGE_CURVE('',#8375,#8331,#8385,.T.);
#8385 = LINE('',#8386,#8387);
#8386 = CARTESIAN_POINT('',(1.274086200393E+03,40.,712.27350269189));
#8387 = VECTOR('',#8388,1.);
#8388 = DIRECTION('',(0.,0.,1.));
#8389 = PLANE('',#8390);
#8390 = AXIS2_PLACEMENT_3D('',#8391,#8392,#8393);
#8391 = CARTESIAN_POINT('',(1.214086200393E+03,40.,712.27350269189));
#8392 = DIRECTION('',(-0.,1.,0.));
#8393 = DIRECTION('',(0.,0.,1.));
#8394 = ADVANCED_FACE('',(#8395,#8406,#8417),#8428,.F.);
#8395 = FACE_BOUND('',#8396,.F.);
#8396 = EDGE_LOOP('',(#8397,#8398,#8399,#8405));
#8397 = ORIENTED_EDGE('',*,*,#8267,.F.);
#8398 = ORIENTED_EDGE('',*,*,#8297,.T.);
#8399 = ORIENTED_EDGE('',*,*,#8400,.T.);
#8400 = EDGE_CURVE('',#8298,#8375,#8401,.T.);
#8401 = LINE('',#8402,#8403);
#8402 = CARTESIAN_POINT('',(1.274086200393E+03,-40.,712.27350269189));
#8403 = VECTOR('',#8404,1.);
#8404 = DIRECTION('',(-0.,1.,0.));
#8405 = ORIENTED_EDGE('',*,*,#8374,.F.);
#8406 = FACE_BOUND('',#8407,.F.);
#8407 = EDGE_LOOP('',(#8408));
#8408 = ORIENTED_EDGE('',*,*,#8409,.F.);
#8409 = EDGE_CURVE('',#8410,#8410,#8412,.T.);
#8410 = VERTEX_POINT('',#8411);
#8411 = CARTESIAN_POINT('',(1.249586200393E+03,-25.,712.27350269189));
#8412 = CIRCLE('',#8413,5.5);
#8413 = AXIS2_PLACEMENT_3D('',#8414,#8415,#8416);
#8414 = CARTESIAN_POINT('',(1.244086200393E+03,-25.,712.27350269189));
#8415 = DIRECTION('',(0.,0.,1.));
#8416 = DIRECTION('',(1.,0.,-0.));
#8417 = FACE_BOUND('',#8418,.F.);
#8418 = EDGE_LOOP('',(#8419));
#8419 = ORIENTED_EDGE('',*,*,#8420,.F.);
#8420 = EDGE_CURVE('',#8421,#8421,#8423,.T.);
#8421 = VERTEX_POINT('',#8422);
#8422 = CARTESIAN_POINT('',(1.249586200393E+03,25.,712.27350269189));
#8423 = CIRCLE('',#8424,5.5);
#8424 = AXIS2_PLACEMENT_3D('',#8425,#8426,#8427);
#8425 = CARTESIAN_POINT('',(1.244086200393E+03,25.,712.27350269189));
#8426 = DIRECTION('',(0.,0.,1.));
#8427 = DIRECTION('',(1.,0.,-0.));
#8428 = PLANE('',#8429);
#8429 = AXIS2_PLACEMENT_3D('',#8430,#8431,#8432);
#8430 = CARTESIAN_POINT('',(1.214086200393E+03,-40.,712.27350269189));
#8431 = DIRECTION('',(0.,0.,1.));
#8432 = DIRECTION('',(1.,0.,-0.));
#8433 = ADVANCED_FACE('',(#8434),#8440,.T.);
#8434 = FACE_BOUND('',#8435,.T.);
#8435 = EDGE_LOOP('',(#8436,#8437,#8438,#8439));
#8436 = ORIENTED_EDGE('',*,*,#8314,.F.);
#8437 = ORIENTED_EDGE('',*,*,#8400,.T.);
#8438 = ORIENTED_EDGE('',*,*,#8384,.T.);
#8439 = ORIENTED_EDGE('',*,*,#8330,.F.);
#8440 = PLANE('',#8441);
#8441 = AXIS2_PLACEMENT_3D('',#8442,#8443,#8444);
#8442 = CARTESIAN_POINT('',(1.274086200393E+03,-40.,712.27350269189));
#8443 = DIRECTION('',(1.,0.,-0.));
#8444 = DIRECTION('',(0.,0.,1.));
#8445 = ADVANCED_FACE('',(#8446),#8457,.F.);
#8446 = FACE_BOUND('',#8447,.F.);
#8447 = EDGE_LOOP('',(#8448,#8449,#8455,#8456));
#8448 = ORIENTED_EDGE('',*,*,#8346,.F.);
#8449 = ORIENTED_EDGE('',*,*,#8450,.F.);
#8450 = EDGE_CURVE('',#8410,#8347,#8451,.T.);
#8451 = LINE('',#8452,#8453);
#8452 = CARTESIAN_POINT('',(1.249586200393E+03,-25.,711.27350269189));
#8453 = VECTOR('',#8454,1.);
#8454 = DIRECTION('',(0.,0.,1.));
#8455 = ORIENTED_EDGE('',*,*,#8409,.T.);
#8456 = ORIENTED_EDGE('',*,*,#8450,.T.);
#8457 = CYLINDRICAL_SURFACE('',#8458,5.5);
#8458 = AXIS2_PLACEMENT_3D('',#8459,#8460,#8461);
#8459 = CARTESIAN_POINT('',(1.244086200393E+03,-25.,711.27350269189));
#8460 = DIRECTION('',(0.,0.,1.));
#8461 = DIRECTION('',(1.,0.,-0.));
#8462 = ADVANCED_FACE('',(#8463),#8474,.F.);
#8463 = FACE_BOUND('',#8464,.F.);
#8464 = EDGE_LOOP('',(#8465,#8466,#8472,#8473));
#8465 = ORIENTED_EDGE('',*,*,#8357,.F.);
#8466 = ORIENTED_EDGE('',*,*,#8467,.F.);
#8467 = EDGE_CURVE('',#8421,#8358,#8468,.T.);
#8468 = LINE('',#8469,#8470);
#8469 = CARTESIAN_POINT('',(1.249586200393E+03,25.,711.27350269189));
#8470 = VECTOR('',#8471,1.);
#8471 = DIRECTION('',(0.,0.,1.));
#8472 = ORIENTED_EDGE('',*,*,#8420,.T.);
#8473 = ORIENTED_EDGE('',*,*,#8467,.T.);
#8474 = CYLINDRICAL_SURFACE('',#8475,5.5);
#8475 = AXIS2_PLACEMENT_3D('',#8476,#8477,#8478);
#8476 = CARTESIAN_POINT('',(1.244086200393E+03,25.,711.27350269189));
#8477 = DIRECTION('',(0.,0.,1.));
#8478 = DIRECTION('',(1.,0.,-0.));
#8479 = ( GEOMETRIC_REPRESENTATION_CONTEXT(3) 
GLOBAL_UNCERTAINTY_ASSIGNED_CONTEXT((#8483)) 
GLOBAL_UNIT_ASSIGNED_CONTEXT((#8480,#8481,#8482)) REPRESENTATION_CONTEXT
('Context #1','3D Context with UNIT and UNCERTAINTY') );
#8480 = ( LENGTH_UNIT() NAMED_UNIT(*) SI_UNIT(.MILLI.,.METRE.) );
#8481 = ( NAMED_UNIT(*) PLANE_ANGLE_UNIT() SI_UNIT($,.RADIAN.) );
#8482 = ( NAMED_UNIT(*) SI_UNIT($,.STERADIAN.) SOLID_ANGLE_UNIT() );
#8483 = UNCERTAINTY_MEASURE_WITH_UNIT(LENGTH_MEASURE(1.E-07),#8480,
  'distance_accuracy_value','confusion accuracy');
#8484 = CONTEXT_DEPENDENT_SHAPE_REPRESENTATION(#8485,#8487);
#8485 = ( REPRESENTATION_RELATIONSHIP('','',#8250,#10) 
REPRESENTATION_RELATIONSHIP_WITH_TRANSFORMATION(#8486) 
SHAPE_REPRESENTATION_RELATIONSHIP() );
#8486 = ITEM_DEFINED_TRANSFORMATION('','',#11,#63);
#8487 = PRODUCT_DEFINITION_SHAPE('Placement','Placement of an item',
  #8488);
#8488 = NEXT_ASSEMBLY_USAGE_OCCURRENCE('140','Patka 06','',#5,#8245,$);
#8489 = PRODUCT_RELATED_PRODUCT_CATEGORY('part',$,(#8247));
ENDSEC;
END-ISO-10303-21;
